iso3,year,country_name,debt_service_ppg_imf_pct_exports,debt_service_ppg_pct_exports,debt_service_total_pct_exports,debt_service_ppg_current_usd,debt_service_imf_current_usd,debt_service_total_current_usd,debt_stock_total_pct_gni,debt_stock_total_current_usd,debt_stock_ppg_current_usd,exports_goods_services_primary_income_current_usd,exports_goods_services_current_usd,gdp_pc_constant_usd,gdp_pc_current_usd,gni_pc_constant_usd,gni_pc_atlas_current_usd,population
ABW,2010,Aruba,,,,,,,,,,1870558659.21788,1824636871.50838,25429.2180974853,24093.1401510626,,23050,101838
ABW,2011,Aruba,,,,,,,,,,6901564245.81005,6861117318.43575,26093.0542083227,25712.3843015186,,23100,102591
ABW,2012,Aruba,,,,,,,,,,3187206703.91061,3151005586.59217,25444.7336646687,25119.6655449838,,23970,104110
ABW,2013,Aruba,,,,,,,,,,2196650239.63646,2158632968.39972,26680.1411206342,25813.5714408438,,24830,105675
ABW,2014,Aruba,,,,,,,,,,2343455994.28349,2298094989.78973,26773.8229102391,26129.8390617693,,25260,106807
ABW,2015,Aruba,,,,,,,,,,2491434650.02178,2442455814.39172,27458.2201537506,27458.2201537506,26301.875535555,25430,107906
ABW,2016,Aruba,,,,,,,,,,2396782064.42107,2344454170.95218,27587.2498040483,27441.5502144601,,25560,108727
ABW,2017,Aruba,,,,,,,,,,2363942202.89063,2305661766.22435,28548.8904317739,28440.0416881491,,26460,108735
ABW,2018,Aruba,,,,,,,,,,2620034124.06325,2556761700.07297,29419.208623316,30082.1584226798,,27970,108908
ABW,2019,Aruba,,,,,,,,,,2651804815.03524,2561691719.54532,29700.3634670565,30654.4851235397,,29320,109203
ABW,2020,Aruba,,,,,,,,,,1521367981.31052,1443955667.63773,22718.2294445007,22664.3709949437,,22750,108587
ABW,2021,Aruba,,,,,,,,,,2268562458.00657,2200975707.82878,26303.0397202375,26827.3447869986,,26550,107700
ABW,2022,Aruba,,,,,,,,,,2956071608.91971,2852780591.7536,29198.9903584827,31000.5713798732,,30160,107310
ABW,2023,Aruba,,,,,,,,,,3297317613.73808,3153296585.10096,31963.0764505349,34897.6183932009,,31690,107359
ABW,2024,Aruba,,,,,,,,,,,,33938.9541769192,38590.5650288641,,35200,107995
AFG,2010,Afghanistan,0.344156289997136,0.315844562326822,0.379800304581339,8675000,777611.1,10431611.1,15.3334973971382,2435844906,1975547213.6,2746604195.45976,2566011311.73449,542.871030476037,560.621505463146,,530,28284089
AFG,2011,Afghanistan,0.313643499018775,0.305435336210647,0.323576197641919,9747904.9,261961.8,10326866.7,13.9770517017747,2485331046.1,2032464249.9,3191479093.72125,3057794124.12213,525.42698276582,606.694676337726,,550,29347708
AFG,2012,Afghanistan,0.553881984367381,0.399703069859573,0.598756026259218,9913738.5,3824062.3,14850800.8,12.9281604362278,2580623924.1,2079786013.4,2480275796.60145,2328861131.23445,568.929021458341,651.417134470046,,640,30560034
AFG,2013,Afghanistan,1.55148595351724,0.737092466695185,1.58322814481364,11680274.6,12905218.8,25088493.4,12.8048363659593,2587774666.5,2106231492.2,1584641700.70405,1383201806.0372,580.603833333096,637.087099117099,,670,31622704
AFG,2014,Afghanistan,1.87526084674456,0.975823260530536,1.93817780133484,21248292.7,19585014.9,42203307.6,12.3049882693651,2529865267.8,2020951888.7,2177473479.00354,1985366662.90162,575.146245808546,625.054941813938,,640,32792523
AFG,2015,Afghanistan,2.80585396332282,1.60867211188815,3.29960835203606,27416416.2,20403434.4,56234850.6,13.4908301094464,2596917266.2,1989954793.3,1704288648.84221,1417300546.13462,565.569730408751,565.569730408751,568.977113896441,590,33831764
AFG,2016,Afghanistan,3.73588202243345,2.20008470065182,4.333403208221,30269882.9,21130279.7,59621162.6,14.1470450360055,2596050086.4,1949505964.6,1375850797.51848,1136013206.34947,563.872336723147,522.082215583898,,560,34700612
AFG,2017,Afghanistan,3.54864769227739,2.10666126010247,4.35357201508207,30597878.7,20943911,63232789.7,14.5133427404056,2751986638.9,1981566648.7,1452434678.48798,1152896049.81817,562.769574140988,525.469770891619,,530,35688935
AFG,2018,Afghanistan,2.59522269404553,1.72073059383155,3.32380000211032,32675060.7,16605785.1,63115845.8,14.6424246657516,2678760424.2,1948884923.6,1898906244.65753,1609472020.80143,553.125151688293,491.337221382603,,520,36743039
AFG,2019,Afghanistan,2.39042205413598,1.7542867384466,2.97423809266455,32780041.6,11886621.3,55575662.9,13.9496520351375,2661685956.5,1943607688.1,1868568055.70031,1515758748.64214,557.861533207459,496.6025042585,,520,37856121
AFG,2020,Afghanistan,2.24408215809609,1.67182896827183,2.67397501265809,28700402.1,9823909.6,45904311.7,15.1208585304773,3040072312.4,1958449755.2,1716706830.94261,1476305961.364,527.834554499306,510.787063366811,,490,39068979
AFG,2021,Afghanistan,,,,19234000,5480304.5,25997304.5,24.7857399527695,3555784339.6,1907966305.2,,,408.625855217403,356.496214115892,,380,40000412
AFG,2022,Afghanistan,,,,12017000,13221940.3,26580940.3,23.3368489761511,3393247241.7,1859403114.8,,,377.665627080705,357.261152798144,,370,40578842
AFG,2023,Afghanistan,,,,13220000,27956332.3,43570332.3,19.8909368152618,3428116975.5,1856685293.3,,,378.06630312259,413.757894705303,,370,41454761
AFG,2024,Afghanistan,,,,35055000,30364109.7,67599109.7,,3344095867.1,1794720843.5,,,374.37669620849,416.871146273728,,390,42647492
AGO,2010,Angola,4.45216268102828,4.4386304953397,5.74113261454767,2289701493.7,6980681.5,2961607175.2,35.3911613090284,26795572704.5,15662044702.2,51585764935.92,51451730498.67,3540.79159568681,4101.63715564669,4288.50155899994,3780,23294825
AGO,2011,Angola,4.12759606940864,4.10502529504555,5.74564133103308,2801776447.3,15405085.1,3921535532.4,33.9687833337354,34679553283.4,18239311146.9,68252355245.6919,68042543017.4919,3528.16824373698,5184.15269151846,4675.19888872883,3960,24218352
AGO,2012,Angola,6.01528189755654,5.99548728740166,8.39421472105114,4324730859.4,14278466,6055007325.4,30.7446796123415,36165323895.3,19946751680.4,72133100315.0915,71873279931.5015,3682.35229323075,5702.45306277434,4730.95894766489,4750,25177394
AGO,2013,Angola,7.38371920444771,6.99299017087528,8.27254208109473,4921701567.6,274997054.2,5822256621.8,35.3141708088895,43350110779.1,25154136364.4,70380501721.54,69562221910.0981,3716.29718727597,5688.57916213471,4612.10192992605,5330,26165620
AGO,2014,Angola,12.3133748846616,11.4832370673504,13.4287582139911,7061822763.8,510508152.1,8258255915.9,35.9601982257134,45924334305.5,32502094188.5,61496795044.6521,60851231669.6018,3746.81619978931,5649.68762467535,4168.15566812846,5430,27160769
AGO,2015,Angola,19.8323066990569,18.8216265697843,24.7853019209701,6512969284.3,349732187.8,8576618472.1,56.7801551813803,48771532654.3,32851855559.2,34603647352.9644,34437293543.5047,3641.72893920253,3641.72893920253,3478.32710169354,4450,28157798
AGO,2016,Angola,33.0181373397284,32.578865059948,38.0756437635118,9330768352.5,125810026.8,10905076379.3,114.845094739154,57434097528.2,41029938957.4,28640556800.6453,28299767212.9401,3505.59634681792,2082.37343594705,3438.1006450433,2960,29183070
AGO,2017,Angola,22.7320993525536,22.6481113843291,25.4292237629753,8116508851.2,30099158.2,9113189009.4,84.9404832711627,58745881698.6,41908188562.3,35837464384.8496,35598035305.5606,3378.07588102598,2832.14997950512,3497.60670147363,2440,30234839
AGO,2018,Angola,22.0985621174356,22.0976888888233,28.5353974870477,9245089699.5,365335.8,11938457035.3,84.2843625797666,61791490176.7,47078476409.3,41837360214.5156,41388891319.4604,3246.87857140997,2891.83032378747,3679.81782467001,2300,31297155
AGO,2019,Angola,28.0148137644132,27.9490588352835,29.9160622680195,10026094201.4,23588097.1,10731712298.5,96.5947267900598,62292159789.9,47596931594.6,35872743552.7912,35180142878.3235,3105.59971242672,2507.86807213642,3242.89329135168,2460,32375632
AGO,2020,Angola,32.4430868992768,32.336641944942,36.2643591957246,6965388389.8,22928492.4,7811427882.2,148.159899274824,65405244103.7,47383578074.3,21540234145.7088,21004445128.6021,2847.24241578243,1749.1794838482,2883.12303049517,2000,33451132
AGO,2021,Angola,26.398640250578,26.219934241014,29.2509172416252,8922589752.9,60813287.9,9954027040.8,108.138096106725,66019700768.5,46645519507.1,34029794548.2374,33675000132.18,2788.16737086685,2266.96834861584,3284.4371203641,1960,34532429
AGO,2022,Angola,17.467268622703,17.1920702597622,30.3800197632965,8647116293.6,138416852.2,15280275145.8,62.7115153094556,60445747533.3,48156652278.8,50297120491.8727,50120200234.5765,2798.01717317688,3598.53669077341,3327.62183039253,2290,35635029
AGO,2023,Angola,29.6286002173159,28.3712705762788,33.4545527405695,10651772001.5,472054595.9,12560250597.4,74.5628642843282,57273124300.5,45456807005.1,37544219152.4758,36960545589.2823,2748.95196954248,2885.51349130806,3074.78888741496,2650,36749906
AGO,2024,Angola,27.6416852737886,26.2203501544481,28.9122414363047,9857590390,534353634.9,10869612024.9,79.5726391511001,58733063313.6,46109545925.5,37595189735.9682,36923912927.4768,2798.59392792708,2720.81900669715,3189.55717535052,2850,37885849
ALB,2010,Albania,6.83814281519074,6.49578986606655,10.2786937506513,240541739.8,12677468.9,380624208.7,45.4386914236501,5437682810.5,3211241190,3703040658.0202,3324321246.87734,3579.82413181046,4149.14469936847,3553.37034274886,4430,2913021
ALB,2011,Albania,7.55637736498384,7.25454027444145,11.8316593851992,295850332.2,12309340.1,482511672.3,49.9704814370826,6485279264.8,3366135972,4078140323.27194,3776352790.36786,3677.89457937717,4465.70914328865,3632.93354095283,4460,2905195
ALB,2012,Albania,7.96711701818998,7.69199866078966,14.2869072533363,292106041.8,10447705.2,542549747,60.7645738045994,7385570078.1,3548957966.6,3797531105.78431,3555572487.67513,3771.84781862015,4280.93316338873,3700.07922620395,4430,2860708
ALB,2013,Albania,5.06270904934039,4.80347410536602,13.5215302032287,195549084.9,10553435.9,550460520.8,66.4368565074873,8648154911.3,3757099443.1,4070992798.34879,3700232565.10144,3895.89975621942,4542.92903556739,3907.23093720098,4690,2816902
ALB,2014,Albania,6.32897780772228,6.10723132964288,17.5387022314407,255177403,9265195.2,732816598.2,63.4459677291758,8512992906.4,3665602083.2,4178282911.29954,3732224767.75746,4045.11934884933,4793.59751131525,4054.80950987053,4750,2773767
ALB,2015,Albania,16.9559331554333,16.7425789727498,33.5285463236996,589263027.3,7509101.9,1180053129.2,72.7839311764582,8447105962.8,3844302241.9,3519547545.56681,3104045580.12051,4199.53912925398,4199.53912925398,4249.00917253109,4660,2731293
ALB,2016,Albania,7.23732069934978,7.06318920641277,15.2354342786112,274928836.9,6777925.3,593026762.2,69.9108688734659,8516021767.5,3760599569.3,3892417842.21762,3439878229.62968,4431.55635814168,4457.63412207495,4517.64399359406,4670,2689469
ALB,2017,Albania,6.82626320745627,6.62838589871379,11.1448259863343,305237453.1,9112258.5,513219711.6,73.748302704928,9801555134.1,4335523024,4605004261.43309,4143794703.49413,4648.23078660658,5006.36012951959,4706.18123924809,4700,2648285
ALB,2018,Albania,13.1342162183016,12.828418133972,20.6761205604885,673158602.9,16046453.2,1084959056.1,62.8192787162639,9651016801.8,4334293598.4,5247401479.04403,4784712029.25557,4893.82375538717,5897.65452588774,4948.12657280259,5400,2607733
ALB,2019,Albania,7.32942764455982,6.77183831864448,11.6000415822134,358394401.2,29509991.7,613923392.9,60.2886652039553,9274431083.1,4159888323.9,5292424070.62872,4822385625.67256,5072.43648354739,6069.43903131027,5069.67338873294,5900,2567801
ALB,2020,Albania,17.7018340772546,16.4623978046882,29.7327896535043,633300423.7,47680509.6,1143805933.3,69.8900514825763,10477651758.8,4896745322.4,3846951283.85033,3460812843.45375,4980.61699524696,6027.91350716348,4919.65476883701,5970,2528480
ALB,2021,Albania,8.97235229464962,7.76223602250608,14.5720229004701,470661312.3,73375108.8,886056421.1,62.1678808397569,11054994588.4,5303011979.5,6063475922.85714,5594609557.66522,5511.75743402862,7242.45513146613,5466.23822188617,6940,2489762
ALB,2022,Albania,6.06877563429582,5.02918241561767,9.18516585280181,383415734.9,79256699.2,705640434.1,55.7646269319117,10420148491.4,4859385104.8,7623818410.51016,6997930107.99163,5867.65096230557,7756.96188744253,5915.34402668738,7720,2451636
ALB,2023,Albania,6.06662413879306,4.65712972987763,8.54481299685541,457512763.6,138467622.7,848742386.3,48.6747823852328,11315021852.5,5553453540.6,9823921387.99238,8989619819.97077,6204.43525612114,9740.7023414631,6377.89486207273,8740,2411658
ALB,2024,Albania,6.21291326057362,4.62583869059195,8.00915421288433,503589942.8,172776191.6,871913134.4,39.7190681766686,10712630800.8,5081739368.7,10886457061.8125,9848455059.05884,6549.23387415397,11374.0085781236,6816.67291836874,9910,2377128
AND,2010,Andorra,,,,,,,,,,,,36277.2644425331,42746.830952263,,,80706
AND,2011,Andorra,,,,,,,,,,,,37637.4868342866,46657.1561204071,,,77783
AND,2012,Andorra,,,,,,,,,,,,36206.9784356446,41500.5435782722,,,76834
AND,2013,Andorra,,,,,,,,,,,,35684.1694347737,42470.3161158563,,,75194
AND,2014,Andorra,,,,,,,,,,,,37300.6244197096,44369.6596894579,,,73737
AND,2015,Andorra,,,,,,,,,,,,38654.9347217207,38654.9347217207,,,72174
AND,2016,Andorra,,,,,,,,,,,,40085.020598622,40129.8192026671,,,72181
AND,2017,Andorra,,,,,,,,,,,,39361.0622648699,40672.9943362327,,,73763
AND,2018,Andorra,,,,,,,,,,,,39242.1448975099,42819.774579353,,,75162
AND,2019,Andorra,,,,,,,,,,2906978116.32762,2334900069.26016,39346.275035865,41257.8045861543,,46450,76474
AND,2020,Andorra,,,,,,,,,,2392121507.76839,1841841695.9064,34536.6499222556,37361.090067211,,42450,77380
AND,2021,Andorra,,,,,,,,,,2921447401.73036,2446276946.5205,36929.0191528644,42425.6996761083,,44720,78364
AND,2022,Andorra,,,,,,,,,,3073670567.4222,2735853297.88449,39780.3966130791,42414.0590111349,,47600,79705
AND,2023,Andorra,,,,,,,,,,3651372566.00922,3168736788.73851,40227.23352974,46812.448450114,,47920,80856
AND,2024,Andorra,,,,,,,,,,4162366183.81516,3633567131.17644,41223.9924906603,49357.437070178,,47740,81938
ARE,2010,United Arab Emirates,,,,,,,,,,,,42328.84668186,44795.2846234991,44725.6819425128,42380,6869838
ARE,2011,United Arab Emirates,,,,,,,,,,,,43687.7919424546,51921.8890746408,50900.4276230523,45610,7104538
ARE,2012,United Arab Emirates,,,,,,,,,,,,43958.5779670713,53141.6251661086,51807.0203755295,51180,7391448
ARE,2013,United Arab Emirates,,,,,,,,,,,,44312.6320463505,53247.2278745159,52043.9021354054,53780,7693031
ARE,2014,United Arab Emirates,,,,,,,,,,,,44257.6652085451,52725.2307981936,51536.3438014281,53360,8059440
ARE,2015,United Arab Emirates,,,,,,,,,,,,44910.3458860776,44910.3458860776,45115.2410696761,49990,8505237
ARE,2016,United Arab Emirates,,,,,,,,,,,,45168.4955973912,42721.1136110991,44070.7890706692,46180,8935095
ARE,2017,United Arab Emirates,,,,,,,,,,,,43293.0202360765,43733.6242018215,44065.7528895994,42230,9223225
ARE,2018,United Arab Emirates,,,,,,,,,,,,43377.802601486,47135.3478795605,45400.2245025007,44570,9346701
ARE,2019,United Arab Emirates,,,,,,,,,,,,43468.4534705013,45938.6084572227,45149.3515516942,46690,9445785
ARE,2020,United Arab Emirates,,,,,,,,,,,,39878.4663896389,37991.738387966,36235.3269626386,41310,9401038
ARE,2021,United Arab Emirates,,,,,,,,,,,,40935.8915482084,44118.4936214315,40515.9965773309,43230,9575152
ARE,2022,United Arab Emirates,,,,,,,,,,,,41828.5686923546,50759.7590190204,48325.3605364378,46990,10074977
ARE,2023,United Arab Emirates,,,,,,,,,,623281143635.126,580149761742.682,41926.5773498407,49850.6945082084,50109.6002757537,51100,10483751
ARE,2024,United Arab Emirates,,,,,,,,,,696174268209.667,647896528250.511,41605.4138706908,50273.5126243239,,51550,10986400
ARG,2010,Argentina,10.4243055725471,10.4124386473599,18.6424552546624,8734808204.2,9954950.9,15638821665.1,30.9491301873404,126641509908.2,69183299965.5,83888208132.8251,81123016360.6088,13387.1553748458,10260.1313108254,12779.0276924351,9160,41288694
ARG,2011,Argentina,7.75761532038576,7.75423700887695,15.6549279362916,7820345977.8,3407113.4,15788394471.2,27.7441780087921,142883776038.3,71537527036.7,100852552853.974,97616690275.3835,14040.6189124444,12704.2831819684,13838.5866802587,10590,41730660
ARG,2012,Argentina,6.32082466448272,6.31986362118588,14.0666784016831,6104118742.2,928235.6,13586475977.8,26.2396878854826,139876851066.6,70576874118.3,96586241540.6775,94330755729.5577,13754.4254235596,12949.717486654,13621.4025554858,11770,42161721
ARG,2013,Argentina,8.06377159243186,8.05943537351287,17.1373193031257,7417487253.7,3990831.5,15772301855.2,27.8097452222931,150224280402.1,69885593560.7,92034825145.1632,89608120129.4452,13946.0950832252,12963.675773326,13774.0238983958,12760,42582455
ARG,2014,Argentina,11.9786690556121,11.9768505082547,20.1695819933804,10108291452.8,1534828.1,17022840280.9,29.8319023900009,153793074987.6,76272148930,84398577454.3413,81836807734.7264,13456.1319159151,12233.1444119186,13183.2877346988,12240,43024071
ARG,2015,Argentina,15.9048382945825,15.9028821238491,24.7334756900606,11510812755.5,1415914.1,17902566669.6,30.3597130322943,177183976465.6,72820092758.1,72381928419.362,70022565842.9763,13679.6264980954,13679.6264980954,13423.5409757814,12500,43477012
ARG,2016,Argentina,23.8102549500367,23.8070574587163,34.9280137137276,17667005820.3,2372829.9,25919768650.2,33.3125611167404,181637286190.7,106601646146.7,74209111524.7498,71384640574.7552,13265.8860639123,12699.9623137756,13046.6047308142,12130,43900313
ARG,2017,Argentina,38.6972544772645,38.6953389142417,51.7299119817311,30253840650.6,1497677.5,40444884523,36.0210140421607,225923967186.1,128245239700.9,78184715522.5849,74168075513.7622,13520.1129846159,14532.5009308511,13448.6100766561,13070,44288894
ARG,2018,Argentina,32.2961349930556,32.105622853937,51.5482584868275,26782524259.9,158925307.6,43001579186.3,54.8960712180333,277825747406.2,135601933668.4,83420042594.2392,77143165816.1223,13058.3285449954,11752.7998922979,12803.6852644341,12390,44654882
ARG,2019,Argentina,34.1114505555794,32.6554895689423,50.832791702386,28179273886.1,1256386719.4,43864942118,65.2499452681964,280683596388,121318259011.1,86292608863.2293,79964482529.4226,12706.3978108968,9955.97478680428,12168.2266544902,11210,44973465
ARG,2020,Argentina,17.5847659361395,15.6557820883633,43.0972641723579,10683900070.1,1316387169.3,29410658701.9,68.0983401439473,255603072878.8,118080149208.7,68242519024.592,64437247305.5735,11393.0505957877,8535.59938004389,11024.91422202,9040,45191965
ARG,2021,Argentina,12.0868986707733,6.39380844493198,30.6022646249006,5762112016.7,5130623459.4,27578817578.3,51.6176877458835,246114307414,114796762797.3,90120185274.9797,87575311843.1028,12549.2811699342,10738.0179223384,12480.2602373703,10070,45312281
ARG,2022,Argentina,24.8664127274495,7.47671216584036,31.6825901735881,8000901910.1,18608886547.1,33903845783.3,40.0821942544545,248976650822,110318822328.3,107010965951.78,103187042164.75,13276.8232110189,13962.1894087223,13311.545267339,11890,45407904
ARG,2023,Argentina,34.1228338015658,10.7412129656957,51.3619830543826,9654089843.7,21015156199,46163613042.7,39.9528949452964,252793904703.1,112885980250,89878953843.7827,83567777221.0728,12993.0928872416,14261.8465667948,13042.7893108241,12920,45538401
ARG,2024,Argentina,21.437928531845,13.8012668575811,38.2533536654791,14245524164.4,7882482785,39484713949.4,39.0583452380588,242357155703.1,110608485691.5,103218960341.854,96926387166.7011,12774.3506596628,13969.7836603737,12505.2907528001,13530,45696159
ARM,2010,Armenia,2.74213451522902,1.80955480875488,29.7387367053874,58987181.4,30399879.6,969412061,64.8981549562732,6307170668.6,2559562283.8,3259762075.98752,2210672987.38497,2796.08143428043,3041.34450723339,3350.51885505429,3280,3044800
ARM,2011,Armenia,2.67109169059966,1.74376289258296,24.5841466412015,66398103.7,35310347.5,936102451.2,70.5642908723285,7410792665.3,2739931450.7,3807748403.31918,2742201909.0729,2943.83687119315,3349.55309771906,3318.12088792246,3360,3027900
ARM,2012,Armenia,5.93967787274113,1.82155088850027,29.1667510097088,73455708.1,166067242.8,1176175950.9,69.1932584997682,7640566516.3,2959497707.2,4032591598.93567,2917371358.54345,3159.75860786889,3511.56399687426,3482.63556778015,3700,3024100
ARM,2013,Armenia,19.496714855105,13.1048093018579,46.3472758098627,578499598.5,282164716.1,2045957314.6,73.5435614911053,8681090391.3,3315622405.4,4414406842.36423,3155257884.77128,3266.29882999873,3680.16692158886,3583.79819278006,3940,3022000
ARM,2014,Armenia,5.86451488414121,2.49894924768397,31.6996262271868,113233978,152502651.1,1436393629.1,70.522973244206,8555656187,3380303018.5,4531263614.29491,3318345442.34713,3393.09252326884,3852.11800610384,3616.88062960087,4000,3013800
ARM,2015,Armenia,9.62322234512603,8.94261638139731,38.4142387162148,359817804.2,27385066.4,1545646870.6,80.4154639528465,8831021220.8,3997978273.1,4023630097.21074,3137698939.51692,3512.39350276709,3512.39350276709,3654.9773800098,3910,3004600
ARM,2016,Armenia,5.30656302378554,4.43987223347744,33.0971857565039,195848137.2,38230779.6,1459956916.8,91.3302217488821,9855623087.1,4471742570.3,4411121016.57497,3564513096.79092,3533.88503607007,3524.42476874707,3588.26963622667,3690,2992300
ARM,2017,Armenia,5.24484502253631,4.24555638424542,26.4117195018642,230440788.2,54239501.4,1433578289.6,85.7142699282465,10228295738.5,5227511965.1,5427811277.10679,4410411869.70455,3815.3747426037,3869.05373867752,3918.25178576494,3900,2979400
ARM,2018,Armenia,6.37907544390425,5.13906481920559,28.5621462576129,299971188.1,72380379.2,1667194567.3,84.732912100644,10725730268.9,5371183271.6,5837077340.97758,4927027295.37741,4027.83393010979,4196.00562301769,4084.34601068844,4220,2969000
ARM,2019,Armenia,12.4718803451982,11.3008453117255,30.9705935961192,756192156,78359404.3,2072386560.3,86.0748926105104,11884488146.3,5652421544.1,6691465418.21428,5765406461.45479,4343.45839583019,4597.22887399548,4342.61834528446,4650,2962500
ARM,2020,Armenia,13.2238142007885,11.3140650584654,45.6343705720396,480352186.8,81080687.8,1937461874.6,105.006642730875,13061785395.5,5616375232.8,4245619804.35661,3802024154.47838,4032.09043454955,4268.68093304583,4019.04479089822,4230,2961500
ARM,2021,Armenia,8.51751348892315,7.16758703489998,34.934362726599,390644812.2,73573123.5,1903977935.7,104.151886769747,14039607363.2,6246209038.6,5450157916.43542,4978733839.5803,4264.79961505187,4685.17997128509,4202.01606299357,4580,2962300
ARM,2022,Armenia,4.19962481381884,3.6823889545944,17.5363685258393,418009843.9,58714514.8,1990657358.7,83.8849419476276,15931152887.6,6319744229.4,11351594007.4299,10339479326.9237,4791.00481712183,6571.97445545099,4700.69321641551,5690,2969200
ARM,2023,Armenia,5.39704335779554,4.56907105254733,17.8100738562614,711517789.3,128935842.2,2773470631.5,67.5888031767855,15838832193.4,6241069250.9,15572482483.1366,14718071294.9778,5197.23509013575,8159.08720967996,5012.22546701638,6850,2964300
ARM,2024,Armenia,3.87475444477049,2.87172336224133,9.17206815657839,569132972.7,198785882.1,1817767854.8,65.9870950657396,16396165488.7,6314221010.4,19818516650.427,19071961944.2046,5378.31799981682,8556.21406956719,5021.99597615717,7810,3033500
ASM,2010,American Samoa,,,,,,,,,,,,12446.3086265015,10375.1720141957,,,55228
ASM,2011,American Samoa,,,,,,,,,,,,12521.8095058644,10383.459331451,,,54895
ASM,2012,American Samoa,,,,,,,,,,,,12068.2667374983,11745.4899153958,,,54489
ASM,2013,American Samoa,,,,,,,,,,,,11871.7937192729,11813.5022034589,,,54006
ASM,2014,American Samoa,,,,,,,,,,,,12203.0894714284,12026.3344929488,,,53466
ASM,2015,American Samoa,,,,,,,,,,,,12727.4102651386,12727.4102651386,,,52878
ASM,2016,American Samoa,,,,,,,,,,,,12665.2829921268,12843.3342903627,,,52245
ASM,2017,American Samoa,,,,,,,,,,,,11930.7771236826,11863.6839452565,,,51586
ASM,2018,American Samoa,,,,,,,,,,,,12412.6024074562,12552.0546868861,,,50908
ASM,2019,American Samoa,,,,,,,,,,,,12524.0160252283,12886.1359517218,,,50209
ASM,2020,American Samoa,,,,,,,,,,,,13194.274740128,14489.2586563775,,,49761
ASM,2021,American Samoa,,,,,,,,,,,,13233.5784817341,15236.1604875571,,,49225
ASM,2022,American Samoa,,,,,,,,,,,,13709.0974895473,18017.4589383973,,,48342
ASM,2023,American Samoa,,,,,,,,,,,,,,,,47521
ASM,2024,American Samoa,,,,,,,,,,,,,,,,46765
ATG,2010,Antigua and Barbuda,,,,,,,,,,856103737.367078,845453877.121522,16135.397384487,15217.3950790922,,14390,85320
ATG,2011,Antigua and Barbuda,,,,,,,,,,903196298.376698,888898587.172278,15633.9091131821,14911.7275084471,,14100,86332
ATG,2012,Antigua and Barbuda,,,,,,,,,,924839757.119455,910148613.904641,15989.3900199779,15639.8078114787,,14530,87260
ATG,2013,Antigua and Barbuda,,,,,,,,,,920544306.21107,905237430.24817,15748.1952024226,15051.5113587425,,14500,88064
ATG,2014,Antigua and Barbuda,,,,,,,,,,1042475916.06066,1027284545.1212,15967.284996712,15532.1062063584,,14830,88765
ATG,2015,Antigua and Barbuda,,,,,,,,,,1038204296.24437,1016366368.49596,16077.6340769406,16077.6340769406,15132.124821306,14550,89409
ATG,2016,Antigua and Barbuda,,,,,,,,,,1062220492.1032,1043082266.40851,16635.895232831,16556.8551801588,,15080,89969
ATG,2017,Antigua and Barbuda,,,,,,,,,,1005562776.01381,988693922.478174,16992.9327495236,16965.7288273816,,15860,90468
ATG,2018,Antigua and Barbuda,,,,,,,,,,1059669245.17174,1035945743.49983,18042.1596435727,18273.4270684912,,17460,90926
ATG,2019,Antigua and Barbuda,,,,,,,,,,1228208032.59259,1194085211.48148,18525.2588907167,18896.3721832248,,18250,91364
ATG,2020,Antigua and Barbuda,,,,,,,,,,609022751.851852,593931455.555556,14950.8942397208,15369.6082250401,,15460,91846
ATG,2021,Antigua and Barbuda,,,,,,,,,,719204596.666667,705696831.481482,16084.7214406048,17348.6006987182,,16690,92349
ATG,2022,Antigua and Barbuda,,,,,,,,,,1127516982.22222,1111513699.62963,17359.2674811108,20003.3909394099,,18730,92840
ATG,2023,Antigua and Barbuda,,,,,,,,,,1206038584.44444,1184241317.77778,17938.3186828047,22012.2625947994,,20250,93316
ATG,2024,Antigua and Barbuda,,,,,,,,,,1362606508.88889,1331071278.51852,18304.5836762037,23059.8330702839,,21200,93772
AUS,2010,Australia,,,,,,,,,,306104335256.101,266280504912.188,53768.349733441,52313.8939041213,52310.8015861936,46900,22031750
AUS,2011,Australia,,,,,,,,,,378211787304.65,330438853821.119,54296.2321324814,62799.3895017032,54843.8508410345,50570,22340024
AUS,2012,Australia,,,,,,,,,,365068035997.465,317526048846.039,55465.4462872577,68301.4402512587,56651.5176291511,60500,22733465
AUS,2013,Australia,,,,,,,,,,359342547490.104,312876857231.845,55966.1509270561,68476.6788496118,56284.1932783045,66360,23128129
AUS,2014,Australia,,,,,,,,,,347620269605.107,300636632164.08,56571.8062524437,62817.2061751737,56382.1888239211,65500,23475686
AUS,2015,Australia,,,,,,,,,,283171976629.368,243570123911.5,56970.3613028094,56970.3613028094,55811.5215370175,60780,23815995
AUS,2016,Australia,,,,,,,,,,290440571318.574,250832919205.072,57632.9995925594,50084.4440606385,55103.320204388,54330,24190907
AUS,2017,Australia,,,,,,,,,,339505620522.313,296604039251.088,57991.771347333,54117.547718609,56797.7029048309,51700,24592588
AUS,2018,Australia,,,,,,,,,,375459771563.832,327346620961.216,58772.7063152213,57410.1737346009,57536.3122065337,53280,24963258
AUS,2019,Australia,,,,,,,,,,389874993184.853,342437208866.342,59181.2997904131,55194.7585097428,58538.5869144339,55090,25334826
AUS,2020,Australia,,,,,,,,,,343198149547.998,301354220300.679,58377.7670517802,51983.4523666382,58481.1774715228,53770,25649248
AUS,2021,Australia,,,,,,,,,,441111479998.234,390185917625.841,59465.535671364,60758.9044397144,61512.1715959845,57220,25685412
AUS,2022,Australia,,,,,,,,,,528803839079.858,465962827719.776,61200.4588964781,65169.5191118657,63198.026118064,60790,26018721
AUS,2023,Australia,,,,,,,,,,512176792394.764,448609949482.049,61869.082498576,65058.3773146674,63524.1812748848,63320,26659922
AUS,2024,Australia,,,,,,,,,,495773688661.788,425536190788.853,61486.38147544,64609.9865116088,62644.243162796,62680,27194286
AUT,2010,Austria,,,,,,,,,,237639344893.217,197754734995.67,43035.4073531933,46611.1393420232,43564.6064501311,49460,8363404
AUT,2011,Austria,,,,,,,,,,278747846714.318,229474265484.177,44146.1956805294,51116.8953522042,44042.8436235097,50380,8391643
AUT,2012,Austria,,,,,,,,,,261172432578.64,218094592906.702,44221.4599530893,48250.4059142637,43842.0782617354,49760,8429991
AUT,2013,Austria,,,,,,,,,,257317322387.037,229501341457.398,43851.3675497404,50305.3545774973,43548.6440494648,50260,8479823
AUT,2014,Austria,,,,,,,,,,266171262469.106,236060551221.809,43838.8345892137,51314.9722616322,43593.0611965951,49960,8546356
AUT,2015,Austria,,,,,,,,,,219690318538.435,202281565770.76,43915.228020857,43915.228020857,43467.2685742695,47190,8642699
AUT,2016,Austria,,,,,,,,,,237908933297.313,206894782855.8,44362.6702805116,45061.4993920192,44515.1726734192,45980,8736668
AUT,2017,Austria,,,,,,,,,,252704311584.774,225254827650.268,45056.6385912412,47163.7425775142,44488.7154782912,44800,8797566
AUT,2018,Austria,,,,,,,,,,281974233069.157,251965220744.368,45951.5819164034,51194.0749841299,45193.6655615341,48710,8840521
AUT,2019,Austria,,,,,,,,,,280293566864.634,247441572296.804,46550.5622459492,49885.9947355204,45898.8075457712,50900,8879920
AUT,2020,Austria,,,,,,,,,,254987800492.366,224245060493.027,43428.6983137234,48716.4098900349,43585.1105303723,49000,8916864
AUT,2021,Austria,,,,,,,,,,315116688211.616,269392446223.233,45368.6434337368,53648.6437976214,45539.5344926707,53440,8955797
AUT,2022,Austria,,,,,,,,,,334091432636.879,291804028109.498,47332.4240357971,52336.7725223758,45566.1521208587,56310,9041851
AUT,2023,Austria,,,,,,,,,,347631913424.361,303913994718.924,46497.9114640341,56579.504175468,45053.7363228603,55890,9131761
AUT,2024,Austria,,,,,,,,,,349940731645.425,298024269611.423,45958.8250071261,58268.8787651601,44384.8456436488,54760,9177982
AZE,2010,Azerbaijan,1.08998493478728,1.03638530362453,1.43717911449728,299622224.8,15495820.6,415492966,14.6468541228462,7285505104.2,3846129974.9,28910312000,28234775000,5300.11048729062,5843.5337683582,,5400,9054332
AZE,2011,Azerbaijan,0.936384354550958,0.890369756242117,2.9390618623228,338852995.3,17512032.9,1118535202.3,12.5683717083814,7722133655.1,4750011945.4,38057559000,37038851000,5149.20665913206,7189.81869211976,,5490,9173082
AZE,2012,Azerbaijan,1.03298765705066,0.99828270926768,3.41982754423974,377724940.6,13131474.9,1293976289.5,16.5157223576325,10856678607.3,6221343605.2,37837472000,36685877000,5193.17501119552,7495.86527658099,,6440,9295784
AZE,2013,Azerbaijan,2.30387130917106,2.27657753943817,5.25091820450811,841001846.2,10082727.4,1939767843.5,15.0367742964424,10596759022.3,6607063303.1,36941498000,35912069000,5425.99559780578,7875.34536661549,,7450,9416801
AZE,2014,Azerbaijan,2.03728954342468,2.02552073006338,5.47408203847123,693349357.4,4028543.9,1873815067.6,16.5803142224794,12117384320.8,8423794943.3,34230672000,32556819000,5508.60265612676,7890.84028062087,,7740,9535079
AZE,2015,Azerbaijan,3.72890645243677,3.7199418684917,8.96415714597556,791911752.4,1908406,1908315141.8,25.6506623442435,13179085411.9,8730672793,21288283000,20030038000,5500.50364628486,5500.50364628486,5324.6250927696,6610,9649341
AZE,2016,Azerbaijan,5.37995615935305,5.37897934710064,9.40764724203768,995096494.6,180707.6,1740389056.9,40.6551613615557,14469746198.7,10643296952.4,18499727000,17578801000,5272.71817141861,3880.6852276838,,4790,9757812
AZE,2017,Azerbaijan,7.5403288693136,7.53979059765864,10.4767418864894,1592818764.3,113712.6,2213264526.3,38.9047105034808,15297961777.3,12608687189,21125504000,19840498000,5229.25259993413,4147.1981423222,,4110,9854033
AZE,2018,Azerbaijan,7.7476774740714,7.74692043734523,9.85592392029587,2101128962,205324.4,2673135391.5,36.7062470497771,16463882677.6,14328469456.6,27122118769.5588,25491283769.5588,5261.92938234432,4739.7943123408,,4080,9939771
AZE,2019,Azerbaijan,6.09362293435172,6.08526473708271,8.10909844940075,1535076059,2108448.7,2045610738,35.4882895436333,16437653830,14674990998.1,25226117931.1637,23636648931.1637,5346.95318604114,4805.75371765917,,4510,10024283
AZE,2020,Azerbaijan,7.98261127292957,7.97868580731398,10.7609775657399,1361937926,670065.3,1836866850.2,38.6218709117582,16384510859.4,14666682701.3,17069702440.8647,15214155440.8647,5087.50022783627,4229.91064904503,,4480,10093121
AZE,2021,Azerbaijan,6.63003484458474,6.62856905532631,7.77942102990038,1810243910.1,400303,2124538407.3,29.0146661756027,15577206234.4,13623473423.8,27309723938.7647,25493863938.7647,5349.58226071425,5408.04535175023,,4910,10137750
AZE,2022,Azerbaijan,2.92152381204445,2.9024353120334,3.28802752077169,1416854940.7,9318256.1,1605085914.8,21.0241211321362,15457490377.2,12910970946.6,48816073000,47274089000,5599.58524971025,7770.594223351,,5670,10141756
AZE,2023,Azerbaijan,4.11668165126318,4.04463762569793,5.86298085585441,1514978236.2,26985144.5,2196065313.6,21.615448196512,14989804725.5,12232760096,37456464000,35487354000,5668.61021317029,7133.02838048328,,6680,10153958
AZE,2024,Azerbaijan,9.07814978977239,9.00451390804036,11.3863005417684,3305254954.2,27029261.7,4179528918.5,17.0427856612147,12199421517.2,9475776171.1,36706645000,34112907000,5876.03295533913,7294.64276088105,,7340,10202830
BDI,2010,Burundi,2.32810336867459,2.12294552510169,2.40563702301048,3860714.7,373092.9,4374807.6,30.7174205499981,620881162,381775130.4,181856512.77204,180727849.858284,253.308577749924,216.727705301976,,200,9376444
BDI,2011,Burundi,3.92325225361451,2.94460825080585,3.9232522536145,7159107.9,2379337.9,9538445.8,27.2753185367529,605057004.8,363888037.6,243125987.915057,235664407.568156,254.242110648215,230.069761381132,,220,9717978
BDI,2012,Burundi,8.75286612956883,5.48429849931697,8.7978611126941,12920010.2,7700151.1,20726161.3,28.5334432668174,663926347.2,407979277.5,235581819.654949,224157323.476642,256.180393931874,231.098787811507,,230,10071028
BDI,2013,Burundi,13.5191716896936,9.10466165481207,13.7187278351432,21397919.4,10375051.1,32241970.5,27.7256926440413,680219691.9,394740120.8,235021576.981838,221061620.730622,259.311117203355,234.844770150871,,240,10439341
BDI,2014,Burundi,11.9648636538099,4.48000256978779,12.2653714151068,9638641.6,16103538.4,26396180,25.6132540353277,691128126.4,404514416.5,215148126.588163,204435557.801305,261.296721752002,250.544492155185,,240,10799785
BDI,2015,Burundi,13.9180707754828,4.86391363263251,13.9133301954134,9411696.8,17519838.6,26931535.4,20.1955195118146,626941607.8,409076720.8,193500491.802649,179199420.654629,254.402585226788,254.402585226788,254.434840815924,240,11047580
BDI,2016,Burundi,16.0079422947447,7.32028527981106,15.9799953866367,15275752.7,18129143.2,33404895.9,22.8401921043702,603715776.7,409801131.1,208677013.478282,197336382.077977,258.061970804063,232.937812100153,,240,11239451
BDI,2017,Burundi,9.6410618870335,3.75706429032928,9.62010735703026,10646814,16674143.2,27320957.2,22.3269256387722,608422362.7,420080499.3,283381203.441341,269852231.498106,261.725839287239,246.060725714184,,240,11506762
BDI,2018,Burundi,9.06311411308341,3.48233497243185,9.06433321322145,11066898.6,17735777.1,28802675.7,22.2147815852055,593765019,427148830.2,317801092.876242,300704849.817648,267.508692172687,245.661678332009,,250,11859446
BDI,2019,Burundi,11.7627194952268,6.35274875737416,11.7601714184191,20271074.4,17262750.9,37533825.3,24.3310399153694,628698017.3,479295278.2,319091391.367708,299128151.443039,270.411005710809,234.31061590725,,250,12255336
BDI,2020,Burundi,12.2555369998903,4.72620347564781,12.2197808459204,14141375.9,22528682.1,36670058,24.9628147442442,665065566.7,532426932.3,299212168.347485,270462547.107445,263.463876362597,252.702452750006,,240,12617036
BDI,2021,Burundi,8.95374665738043,5.62118443622584,9.07052384386078,18689600.3,11080272.6,29769872.9,35.0577385162281,975977735.5,575775997.1,332485092.991336,307045153.223117,264.682651658422,264.172844085398,,250,12965481
BDI,2022,Burundi,9.0464622915655,6.93601691693663,9.19992072225422,25575491.9,7781941.6,33357433.5,28.2437372763755,946930431.9,570233610.3,368734566.340932,339790659.83369,263.587550049119,301.832255755105,,280,13321097
BDI,2023,Burundi,11.0913468874598,6.80637995777024,10.963319888325,27479797,17299948.3,44779745.3,39.0377219531154,1033705051.6,597969508.2,403735865.033934,373780789.547959,264.84330794512,249.795164039029,,280,13689450
BDI,2024,Burundi,9.36473779006932,5.53915557770938,,21188598.9,14633769.7,35822368.6,47.1269669797444,1023879227.4,601229941.5,382523989.491593,351421978.318609,268.700857389911,216.231928531758,,250,14047786
BEL,2010,Belgium,,,,,,,,,,461272420870.994,369294651391.052,39991.5646206286,44197.393671162,40576.6834183745,47110,10895586
BEL,2011,Belgium,,,,,,,,,,508807327362.889,428855111569.498,40236.9596308558,47760.8298776546,39831.7073979688,46720,11038264
BEL,2012,Belgium,,,,,,,,,,487326710222.565,407288727031.276,40074.492800399,44874.1709182123,40490.5898431453,47170,11106932
BEL,2013,Belgium,,,,,,,,,,507130612195.91,426507586267.923,40007.8997891411,46964.5946777056,40552.5583190483,47950,11159407
BEL,2014,Belgium,,,,,,,,,,519173202867.746,436372408333.837,40533.9135027898,47995.7786961339,40995.1613764194,48050,11209057
BEL,2015,Belgium,,,,,,,,,,426807937353.839,359684476527.398,40893.804537772,40893.804537772,41469.3752562613,45520,11274196
BEL,2016,Belgium,,,,,,,,,,446858659498.073,377940854350.087,41172.8862831209,41854.5498296444,41833.594050571,43240,11331422
BEL,2017,Belgium,,,,,,,,,,482831761498.757,418158032724.291,41619.328629169,44035.3239358548,42149.697027335,42310,11375158
BEL,2018,Belgium,,,,,,,,,,527666742674.954,451405078851.593,42208.3625650272,47487.2100392561,42523.2282141709,45980,11427054
BEL,2019,Belgium,,,,,,,,,,517481049409.22,445334996700.103,43006.4042308863,46716.6227467964,43510.4366725188,48070,11488980
BEL,2020,Belgium,,,,,,,,,,478426412739.788,419587348969.306,40769.0218072962,45906.2875805246,41400.3977987594,46330,11538604
BEL,2021,Belgium,,,,,,,,,,608444744981.746,535987778802.453,43140.9676652971,51658.238294958,43522.6441171229,51140,11586195
BEL,2022,Belgium,,,,,,,,,,635323491685.161,557883833891.087,44516.002160801,50639.0264882739,43229.5793944499,54330,11680210
BEL,2023,Belgium,,,,,,,,,,650907221677.843,538807828936.219,44828.2274521244,55244.68145811,44356.8367653701,55520,11779946
BEL,2024,Belgium,,,,,,,,,,650208004644.637,532002073054.249,45019.6989654607,56581.9375642531,44601.5059239783,55290,11858610
BEN,2010,Benin,2.28419870017752,2.26686988614573,2.86738621477619,38742071.1,296159.1,49005230.2,24.0894770387043,2284118354.5,1112249265.4,1709055792.60535,1659610999.34909,928.246655329144,973.244254931526,901.806036204738,1020,9797484
BEN,2011,Benin,2.44053726251976,2.41919414988607,18.6046517865398,42766781.1,377305.9,328895087,20.5140515513214,2190453779.1,1192152175,1767811033.35646,1664140959.1457,927.716412836707,1059.41358852588,911.134851503908,1030,10093623
BEN,2012,Benin,2.8851867620841,2.84957152063859,3.99726602967595,56098221.7,701141.1,78692362.8,24.1126154231862,2670381365.2,1300014620.7,1968654630.83476,1876452465.36459,943.918771531001,1071.5258366283,926.172190307332,1050,10397657
BEN,2013,Benin,3.09799268255012,3.05827504045892,3.67514463492192,81083888.7,1053031.8,97438920.5,24.6839696449673,3072865045.4,1594875397.3,2651294851.74861,2496971632.37559,982.399206290516,1168.92699279226,973.871810751614,1140,10708834
BEN,2014,Benin,2.45770429707322,2.22138309583217,3.14756503078528,71150130,7569286.1,100815416.1,27.5787746951688,3646902868.7,1761635735.5,3202965311.72378,3045855340.27365,1014.4330062135,1204.39918670094,1000.21249097191,1180,11030004
BEN,2015,Benin,2.74556098128809,2.44698702581789,7.459044594949,69327300.4,8459107.5,211327407.9,31.8337413318005,3604375281.2,1902001319.6,2833169921.56212,2736492199.86778,1002.41886879614,1002.41886879614,996.639175526578,1100,11360681
BEN,2016,Benin,2.9768345895743,2.68216930104177,4.1554230958446,88519732.5,9724849.4,137141581.9,35.5161661575197,4184965533.2,2017730727.3,3300303693.1941,3189693705.14491,1006.03926633023,1010.5338961993,1013.49859207776,1040,11697842
BEN,2017,Benin,3.01098797400614,2.52728986030031,3.69067991082305,86766232.9,16606193,126707425.9,38.8078591798797,4916905709.4,2510628402.7,3433172991.47039,3314328544.98977,1032.90471194182,1054.97408066814,1031.21877487882,1020,12039780
BEN,2018,Benin,5.84078333568604,5.30343750290989,7.85591733563495,209720556.7,21248947.9,310656504.6,48.5044887424269,6891192963.8,2898679582.8,3954426852.11112,3847619383.807,1071.50452156932,1151.7409703472,1064.83690462131,1120,12383347
BEN,2019,Benin,5.69804511914253,5.12423994442383,6.90326941767725,190054789,21282067.7,256037856.7,48.4523108206094,6938801010.2,3603242971.3,3708936175.14568,3584933958.07544,1114.17304526443,1130.82135339795,1119.5604846205,1170,12726755
BEN,2020,Benin,6.34403260782827,5.66133788933847,7.04130686635785,210515685.9,25385862.8,261829548.7,54.7130728796589,8516297040.3,4464868228.5,3718479448.05497,3506194079.72873,1126.65404122154,1200.19426557789,1123.10326161422,1190,13070169
BEN,2021,Benin,16.6806331279435,16.3485261350868,17.3300274821482,728615887,14801238.3,772359125.3,59.6659345183529,10440535052.1,5836369197.9,4456768035.10907,4153691103.36695,1176.37727637273,1318.65158075198,1170.84753573006,1280,13413417
BEN,2022,Benin,10.2631951322442,9.93338586416616,11.2720641300019,455380329.1,15119583.1,516749912.2,63.163660783078,10927329920.1,6040296276.3,4584341485.64334,4271214670.05185,1218.49668929091,1266.42711031904,1205.77680487645,1360,13759501
BEN,2023,Benin,16.4373746640556,15.6536409653748,18.1036453293349,760027099.9,38052415.5,878981515.4,64.4103774213458,12540297201.5,7313148068.9,4855273617.05273,4511250793.36477,1263.62158336368,1394.17784721831,1241.84251421163,1390,14111034
BEN,2024,Benin,,,26.8148132358465,952672658.3,107827637.1,1144066295.4,66.5543408193995,14162933686.6,8920517760.1,,,1324.78312597434,1485.38018885134,1305.50715337367,1430,14462724
BFA,2010,Burkina Faso,2.51140053533587,2.44352194770006,22.3328275104149,48447779.6,1345830.7,442793610.3,49.0210269923812,4807758194.5,1968342258.5,1982702862.38275,1890937449.02487,561.847221302489,624.957252224766,531.576714951598,630,16176498
BFA,2011,Burkina Faso,2.33053270746005,2.19704118621602,21.0482184317637,64088290.9,3893984.1,613982275,51.5649433752892,5977740713.9,2108888724.9,2917027286.61084,2818257555.60316,581.603658737407,725.024767725475,559.521186741213,660,16661908
BFA,2012,Burkina Faso,2.13478220160743,1.92210202221516,23.590493702996,65217612.2,7216314.9,800433927.1,60.7622601114067,7439424331.8,2287196595.6,3393035928.69845,3288869167.86454,600.731343697818,731.470138867833,597.320347295575,710,17172287
BFA,2013,Burkina Faso,2.47338706232272,2.23395800250295,31.3023595635814,73305570.3,7856675.8,1027162246.1,68.3909839730337,8946024649.5,2332106692.9,3281421146.58681,3159847658.57386,616.741331164082,759.762065168498,596.147364254852,750,17695409
BFA,2014,Burkina Faso,2.93619874985341,2.61247838459648,37.1994898824789,88065537.4,10912476.1,1253979013.5,77.2449730208755,10302548966.3,2318601691.2,3370957552.00296,3212235857.64393,624.576885187665,764.861675106225,592.605082679974,730,18229461
BFA,2015,Burkina Faso,4.0643442875066,3.38444508733493,55.1912850414511,98633384,19814403,1608447787,111.588257916983,12601802193.7,2386844324.1,2914314797.69313,2754925191.02338,630.124750752312,630.124750752312,601.418372158995,680,18777487
BFA,2016,Burkina Faso,3.67745909213608,3.09309197563528,35.8367222621689,106664104.3,20151678.5,1235815782.8,83.6087932611822,10251883007.9,2573828030.2,3448462093.60111,3272397275.19923,648.420480176012,663.742364842886,631.573314784612,650,19334856
BFA,2017,Burkina Faso,3.59197786796392,2.9622242329899,40.3276068719955,116277506.6,24719999.8,1582997506.4,94.0623582632253,12771161142.4,2876101904.1,3925344520.00739,3731165463.13768,669.276310328333,709.091535894695,658.892240127762,650,19894407
BFA,2018,Burkina Faso,3.15765253532943,2.43625300419055,63.1575913019546,115722135.8,34266512.7,2999988648.5,69.0514156278439,10625588206.9,3045642496.5,4750004847.64712,4511341340.12871,694.492813126351,777.465618514048,691.236834463972,730,20438288
BFA,2019,Burkina Faso,3.5264437994654,2.8121885738875,49.4789970682693,131675387,33443643.9,2316760030.9,59.7717694385558,9160899696.4,3375894243.4,4682310006.61436,4467669903.98621,717.021595096634,764.853077774946,726.516743373417,750,20961952
BFA,2020,Burkina Faso,3.00847062277809,2.49411938592009,38.7337417162162,139769040.7,28823952.6,2170616993.3,57.1113882568484,9769403426.9,4031930333.9,5603943479.57159,5355646932.99288,713.8421779224,825.237038782475,746.293798481751,780,21478690
BFA,2021,Burkina Faso,2.65363431975163,2.20667927394735,7.58878923609941,144913690.6,29351753.1,498359443.7,55.0365504706363,10332659621,4364649681,6567048157.42324,6233837193.83662,745.472563435144,895.535288442991,751.929928162985,820,21995243
BFA,2022,Burkina Faso,3.45266254949582,3.02121954098874,17.5796065996179,184791496.1,26389012.1,1075248508.2,54.9423521840175,9905922029.1,4439747651.2,6116453756.27102,5813660115.48306,740.306319930259,827.330843486661,713.6396421689,840,22509038
BFA,2023,Burkina Faso,4.17509353318257,3.72939613610489,11.6676647392299,232620024.3,27800248.5,727767272.8,53.7746197762312,10477855860.6,4846038548.8,6237471585.49256,5911810703.15565,745.405334618409,873.198061670247,727.079493606104,840,23025776
BFA,2024,Burkina Faso,4.62480823858332,4.1931243448548,13.6006276960344,295932097.4,30466332.4,884322429.8,48.7617444251463,10845161721.4,5121248650.8,7057555966.90389,6746015488.57318,764.082625588818,982.493100418428,788.76177459217,850,23548781
BGD,2010,Bangladesh,4.45399151116507,4.22204985902347,5.08304182414987,918890219.3,50479961.8,1106277181.1,21.3233746649766,26571755072,21145542685.2,21764077876.4402,21654463975.0679,943.66422864236,757.385280361508,,780,152201981
BGD,2011,Bangladesh,4.92472546941832,4.42767161251449,5.629773751522,1202021101.5,134939823.2,1528366924.7,19.4870042621521,27046084648.2,22217936348.9,27147928001.3128,26990086630.4744,995.579947155662,837.336944695647,,870,153591076
BGD,2012,Bangladesh,5.29468275892973,4.57229964292881,6.03570025042511,1269637787.4,200591600,1675995387.4,20.1641903015642,29155976742.1,24196786408.2,27768035486.5528,27591054728.5412,1050.39140404066,859.680536375497,,950,155070101
BGD,2013,Bangladesh,5.29530804246837,4.8528051844479,6.11014310075419,1541616512,140572243.6,1941041755.6,20.0259278722599,32454687016.8,25034676366.2,31767533486.4156,31635199879.2911,1103.15695907123,958.262989798283,,1010,156532141
BGD,2014,Bangladesh,5.08150108090487,4.85794177315951,6.13466573895137,1609835333.8,74083570.7,2032918904.5,19.1263744321957,35270692354.7,26541000314.4,33138217973.1849,33057235033.7095,1159.40753475981,1094.46199702838,,1080,157964929
BGD,2015,Bangladesh,3.82473072969873,3.68962424165451,5.00105961552124,1295351568.6,47433123.2,1755769691.8,18.656464728563,38770937144.2,27169735482.9,35107953649.4788,34969256093.9049,1224.38647668165,1224.38647668165,1303.87050839108,1200,159383179
BGD,2016,Bangladesh,3.30488274907088,3.25373412949208,4.92101273972835,1228505951.6,19312083,1858017034.6,14.9717904789002,41569252897.7,29095257693.1,37756801960.6991,37662675681.5369,1299.83091360792,1649.28380858601,,1400,160811932
BGD,2017,Bangladesh,3.81966390147885,3.78642645938381,5.79903429874665,1487362464.8,13056142.6,2277943607.4,16.8057450414319,51068283464.6,35282720722.6,39281430149.3669,39170435004.246,1373.75363740186,1811.08221668646,,1640,162186147
BGD,2018,Bangladesh,3.95510129782628,3.83724996292392,6.79539373258512,1708275873.9,52465331.7,3025189205.6,17.0924802738604,57125459320.6,41321842241.5,44518232859.6161,44128038982.4148,1462.25050255713,1965.24372731467,,2020,163523103
BGD,2019,Bangladesh,4.49082950541319,4.22347485682229,13.1445525906638,1906617304.5,120692798.4,5933889102.9,17.0856511809436,62468325028.8,46416580489.2,45143332661.7344,44961040130.3925,1564.20802445636,2129.79896954606,,2220,164913055
BGD,2020,Bangladesh,5.54572747718799,5.20505709334342,10.4592111139286,2014023225.2,131817586.8,4047043812,18.8853836099419,73550857817.1,54830387715.7,38693585662.5986,38475972659.6309,1604.6659234742,2248.85078828233,,2320,166298024
BGD,2021,Bangladesh,5.98016401812591,5.59957271706738,11.4417559557247,2778837174.5,188871778.1,5678071952.6,20.8766117836117,91477590071.6,62473497623.7,49625878882.3327,49290500043.4355,1702.08028414189,2482.84917843357,,2600,167658854
BGD,2022,Bangladesh,6.28450866392764,5.94475624972501,11.2392162165619,3401736185,194414713.2,6799109898.2,20.2659753173734,96944431751,67541257286.6,57222467029.7854,56794445611.3444,1804.3493461776,2716.48592780431,,2850,169384897
BGD,2023,Bangladesh,9.84302806138072,9.11915559139154,12.5939799449972,4425171149,351267125.3,7474102274.3,22.285488486933,101370771740.3,74054538879,48526106443.2035,47286557240.0214,1885.37733613545,2551.01773827307,,2880,171466990
BGD,2024,Bangladesh,10.4761943708355,9.64245515705833,15.7658301164336,5107969957.4,441662915.4,8596803872.8,22.2547977203389,104486886261.1,77581679615.2,52973748637.6686,50633209522.2166,1941.27874360025,2593.41611680774,,2820,173562364
BGR,2010,Bulgaria,1.72412652613307,1.71261149592885,16.1292522371555,447739840.4,3010453.8,4216781704.2,102.154723903704,50697349714.5,4844956908.8,26143690000,25303890000,6429.04599233108,6854.2987837778,6273.22140099299,6960,7395599
BGR,2011,Bulgaria,1.29361037287689,1.29065825234373,12.7656770403076,450460380.6,1030337.3,4455425537.9,85.4390374104161,47739502725.5,4676836687.8,34901600000,34031110000,6605.64616736859,7849.98219737366,6682.8377635798,7210,7348328
BGR,2012,Bulgaria,1.28394179337247,1.28310618371555,13.9029497923818,431032705.5,280705.6,4670405411.1,95.9901816200883,51428607356.1,5857394441.1,33592910000,32664150000,6693.76983060797,7432.33753378983,6457.21857922564,7400,7305888
BGR,2013,Bulgaria,5.08246464055462,5.0792151082515,16.7089942812816,1886392047.6,1206858.1,6205626905.7,94.6293061986107,51652240788.2,4726119816.8,37139440000,35980160000,6793.08253592745,7796.37945241455,6687.73579110475,7580,7160005
BGR,2014,Bulgaria,1.11132613265407,1.11012523082671,13.84050042661,428452499.8,463487.7,5341736987.5,83.3878250602764,47074927807.1,5901794588.3,38594970000,37314230000,6941.37319825776,8070.01289303544,6828.49066175962,7780,7073572
BGR,2015,Bulgaria,1.19294127387425,1.19166392648807,28.2647472199415,399413334.9,428132.1,9473574467,82.2109970267088,40378595624.5,8781256072,33517280000,32396520000,7269.02586513711,7269.02586513711,6951.72662189904,7530,6984225
BGR,2016,Bulgaria,1.46232389614451,1.46031419324434,22.814893609647,521191392.7,717270.2,8142717662.9,76.7179340519249,39994027753.1,11050212745.1,35690360000,34447140000,7586.89174668116,7822.89886431732,7563.79708857978,7490,6894139
BGR,2017,Bulgaria,4.01637796864549,4.01528062006274,21.1475859284631,1659256896.2,453463.5,8738935359.7,71.0172266155605,40989144703.6,11630326279.8,41323560000,39854690000,7899.11056589871,8697.13373333715,8052.03397994544,7730,6803468
BGR,2018,Bulgaria,1.27958480351101,1.27775117843123,15.2594941601338,569356214.2,817049.4,6799514625.6,62.8196158803579,40103456193.4,11505915002.9,44559240000,43494410000,8194.79296320014,9849.88769989118,8341.16116903372,8860,6710798
BGR,2019,Bulgaria,1.19430135533596,1.17577908017221,12.6988008443156,532300704,8385435.9,5749022706.2,60.9206861477362,40501402414.8,11186154454.1,45272170000,44031990000,8626.5750265742,10354.2500414088,9246.41461631862,9920,6616726
BGR,2020,Bulgaria,1.29859653811906,1.2922787508052,12.1544398533708,545672456.2,2667723.6,5084286056.3,68.9203679357025,46867045226.7,15446886787.2,42225600000,40326470000,8440.51416964556,10760.7616180234,8839.43071845735,10090,6550696
BGR,2021,Bulgaria,1.03606027180739,1.03405901377336,10.8352107747101,574142033.9,1111161.3,5947609722.4,55.4591810194464,44946801413.5,15532695847.1,55523140000,52759220000,9161.94541759347,12966.8085197381,9722.24179559605,11720,6507301
BGR,2022,Bulgaria,2.94548226940655,2.91084437893478,14.1772592659317,1936820543.7,23047394.2,9341017597.5,55.1420198890214,47206483345.4,15870682187.5,66538100000,63896260000,9598.35828571579,13999.9113358453,9564.36384682576,13100,6465097
BGR,2023,Bulgaria,,2.83044134518586,10.7401867424092,1894454584.6,,7126039796.3,,,,66931420000,63993710000,9787.76510584614,15854.0192893772,10247.4989096138,14240,6446596
BGR,2024,Bulgaria,,3.31292213080015,11.0918142755745,2247338948.5,,7316588840.2,,,,67835550000,64512600000,10127.4152566236,17596.9167621233,10926.0097600043,15370,6441421
BHR,2010,Bahrain,,,,,,,,,,19347876092.4707,17880319148.9362,22224.0736166249,21819.3291098099,21685.8578377428,19510,1228543
BHR,2011,Bahrain,,,,,,,,,,29767819148.9362,22946010638.2979,23288.0449398313,25032.7867743333,23559.0146320535,20040,1195020
BHR,2012,Bahrain,,,,,,,,,,33454032807.2441,31409042553.1915,23894.8804447088,26438.6733230428,25306.0166246218,24670,1208964
BHR,2013,Bahrain,,,,,,,,,,36174962300.4805,34102925531.9149,24271.6278814506,26989.7601148469,26577.3332683084,25970,1253191
BHR,2014,Bahrain,,,,,,,,,,34205194235.3993,32069148936.1702,24135.4991304849,26451.7965647453,25264.768562721,25480,1314562
BHR,2015,Bahrain,,,,,,,,,,27888067760.4066,25652925531.9149,23734.0551143019,23734.0551143019,22467.2694571212,23640,1370322
BHR,2016,Bahrain,,,,,,,,,,26046276595.7447,23782180851.0638,23715.2791328712,23800.001440631,22075.6473752405,22720,1423726
BHR,2017,Bahrain,,,,,,,,,,28840425531.9149,26727659574.4681,23606.8867501313,24784.7693514607,22550.894452821,22360,1501116
BHR,2018,Bahrain,,,,,,,,,,32377393617.0213,29959042553.1915,24059.7838641562,26324.4066549559,23192.317086469,24200,1503091
BHR,2019,Bahrain,,,,,,,,,,32390957446.8085,30059840425.5319,24873.6640060134,27259.7438599327,23774.7704050788,25800,1483756
BHR,2020,Bahrain,,,,,,,,,,28197340425.5319,25680319148.9362,23586.9309581516,24342.8444554718,21148.5088540627,23870,1472204
BHR,2021,Bahrain,,,,,,,,,,38232712765.9574,35652925531.9149,24086.7847803428,27147.8083882286,21609.353708092,25240,1504365
BHR,2022,Bahrain,,,,,,,,,,48724202127.6596,44579521276.5957,25234.40256182,30470.5219276023,25331.1864807289,28300,1524693
BHR,2023,Bahrain,,,,,,,,,,45290159574.4681,40343882978.7234,25342.6226641572,29290.1284215098,26406.2541783054,28460,1577059
BHR,2024,Bahrain,,,,,,,,,,46864627659.5745,41303457446.8085,25886.2393152311,29717.1424605273,26622.3485767191,28170,1588670
BHS,2010,"Bahamas, The",,,,,,,,,,3234768000,3196008000,30657.4319059659,27473.100430502,30508.1652314427,27320,367478
BHS,2011,"Bahamas, The",,,,,,,,,,3382563000,3327147000,30492.6738528071,27090.8376801379,29351.2362504841,26990,371729
BHS,2012,"Bahamas, The",,,,,,,,,,3725090600,3675394600,31553.4919490645,28552.0242683151,27446.0171306167,27910,375469
BHS,2013,"Bahamas, The",,,,,,,,,,3674164000,3626154000,30368.2631244189,27642.7419759179,26953.4226064621,26870,378953
BHS,2014,"Bahamas, The",,,,,,,,,,3613851248.32,3558745982.95,30658.5344563722,29137.2175632622,27991.9512876664,27220,382298
BHS,2015,"Bahamas, The",,,,,,,,,,3460395303.195,3416036338.575,30719.405417469,30719.405417469,29435.3645814411,27620,385346
BHS,2016,"Bahamas, The",,,,,,,,,,3926984118.96,3881206156.49,30152.1619246021,30616.5363157284,29191.3729384156,27820,388055
BHS,2017,"Bahamas, The",,,,,,,,,,3810619827.1375,3762686593.8775,30974.7477261317,31875.4881749619,29881.3536489487,29570,390485
BHS,2018,"Bahamas, The",,,,,,,,,,4793336461.7215,4751884606.5975,31537.2423841956,32642.3353203452,29307.6418298498,30650,392717
BHS,2019,"Bahamas, The",,,,,,,,,,5197101268.3375,5163836865.5275,31117.6299132391,33640.3369861278,29729.5381879282,31630,394675
BHS,2020,"Bahamas, The",,,,,,,,,,1723965604.73672,1688421604.73672,24791.6704945106,26178.7537607708,23674.5090019026,25180,395863
BHS,2021,"Bahamas, The",,,,,,,,,,3361989558.10148,3329830558.10148,29114.0597726386,30367.8605757708,26562.7375415159,29910,396373
BHS,2022,"Bahamas, The",,,,,,,,,,5470918500.17439,5425412377.63439,32186.4575039237,34957.1613279737,28572.6281073375,33790,397538
BHS,2023,"Bahamas, The",,,,,,,,,,6100724907.81113,6010631352.38113,33009.645615121,38231.774484278,30556.8969512668,35180,399440
BHS,2024,"Bahamas, The",,,,,,,,,,6871675631.52625,6770777775.56625,33968.2032187918,39455.4466548546,31544.5810758389,37020,401283
BIH,2010,Bosnia and Herzegovina,3.66320221225764,3.5608962562288,10.0566387445035,202654241.2,5822336.4,572333577.6,82.2453082081754,14356729617,3800781861,5691102088.28782,5094442709.99651,3981.20985692032,4506.47828548389,4059.54308474993,4820,3811472
BIH,2011,Bosnia and Herzegovina,3.72961033130116,3.610556085942,22.2054677269396,239958635.7,7912380.7,1475782016.4,66.0197582347205,12407888515.4,3937095409.8,6646029863.21964,5980702786.3492,4094.25329541877,4982.69375768263,4058.94530166935,4900,3741798
BIH,2012,Bosnia and Herzegovina,4.53189991747393,3.86505378567751,18.9291631987144,237306794.9,40943057.2,1162213852.1,75.2172904132291,13058791609.5,4261679518.9,6139805758.44437,5566123838.72272,4139.91732773657,4693.78899115381,4137.6223617063,4900,3670113
BIH,2013,Bosnia and Herzegovina,7.04447823400992,3.84678908129052,20.6924037661688,258499548.6,214880822.7,1390504371.3,75.1253998867342,13839008792.5,4849564967,6719878400.85266,6133467167.14972,4306.73175072214,5034.56634817068,4327.3361278024,5170,3610859
BIH,2014,Bosnia and Herzegovina,7.80652351372312,4.50904050192695,21.6085631013742,313636810.9,229364108.7,1503033919.6,70.1777331538126,13130629004.8,4779666578.2,6955732838.63754,6307052949.82695,4412.67617817734,5206.06573475132,4411.18716503222,5180,3564829
BIH,2015,Bosnia and Herzegovina,7.37437836827143,6.4133241324811,30.8086929589917,403166455,60415600.6,1936754055.6,70.5762540899842,11655585848.2,4427037514.2,6286388254.69793,5759120182.58743,4662.25869219448,4662.25869219448,4693.67347826646,5140,3518541
BIH,2016,Bosnia and Herzegovina,6.53527317632902,5.03335391157145,18.5032311661066,335997319.7,100259361.1,1235167680.8,68.0557464337731,11664670468.5,4429437300,6675416146.03252,6149663056.30165,4876.53471495633,4928.5665903114,4935.77269953766,5070,3473003
BIH,2017,Bosnia and Herzegovina,7.48082317571551,4.65368962263233,16.9768147415281,371963233.8,225969031.9,1356934265.7,71.87227677897,13062518681.4,4870925463.1,7992867250.77298,7432685496.14721,5099.81602856447,5345.01978766473,5079.85663956055,5070,3428682
BIH,2018,Bosnia and Herzegovina,6.86358567090601,4.57751468540616,13.9498324986333,421676093.7,210590582.3,1285044676,63.739448130961,12981480931.4,4948636242,9211900401.85715,8592405563.65496,5360.25201017633,6047.84707207392,5352.10523975952,5720,3387000
BIH,2019,Bosnia and Herzegovina,5.9303747429469,5.11649651444561,11.3690261851021,454575144.7,72309013.1,1010081157.8,62.0944658549127,12697136611.3,4808644480.1,8884500232.07442,8198634415.03453,5583.29721276458,6122.37541352353,5602.00491730166,6180,3345533
BIH,2020,Bosnia and Herzegovina,6.34613739063163,6.27841576424438,8.68735090635182,474884913.2,5122307.9,657091221.1,69.5081286353197,13980162216.6,5105720938.8,7563769763.45646,7019638522.27292,5490.75366635139,6130.31187968266,5510.24776159332,6160,3299349
BIH,2021,Bosnia and Herzegovina,4.81083277351535,4.61484972060612,13.6940052872026,500115209.7,21238851,1484031060.7,58.8174446888183,13746604227.8,5468679145.7,10837085495.2632,10116079533.6966,5995.54197590494,7295.34378682258,6079.04688421232,6970,3244907
BIH,2022,Bosnia and Herzegovina,3.94789460252903,3.6518375365437,7.90369523474478,460436230.1,37327892.6,996518122.7,55.5070051088793,13439997978.9,5065026843.5,12608343758.2435,11837507423.3291,6327.16206849174,7655.59421024383,6123.10906612974,7710,3204802
BIH,2023,Bosnia and Herzegovina,7.46910159117889,6.26620935376621,13.5341648063256,827609137,158871903.3,1786909040.3,50.553295139949,13868345420.2,5062637455,13207492604.8007,12125806676.7261,6493.32400514463,8663.02326458629,6432.46709275331,8280,3185073
BIH,2024,Bosnia and Herzegovina,6.02684618364734,4.23778778104157,10.8351325250283,567793264.7,239704148.4,1457074413.1,49.1550732058777,13888491676.4,4927096260.9,13398341163.758,12107989998.2449,6746.95366547249,9397.90942855997,6773.22424148856,8810,3164253
BLR,2010,Belarus,2.20988392613295,1.98185309898708,5.90489716221158,590689334.3,67964360,1759948694.3,50.6732988610616,28412146648.8,8014341212.3,29804900000,29339100000,5616.0941173307,6034.67885177216,5397.91786591808,6150,9483836
BLR,2011,Belarus,3.94924021044744,3.76527907845105,6.88611444577094,1778800672.8,86907285.9,3253151958.7,55.5543841804718,33932546340.5,10615610548.4,47242200000,46580100000,5941.68999156239,6527.6593428786,5996.53971491845,6350,9461643
BLR,2012,Belarus,7.42753255685789,6.41274839657821,9.5275766833893,3386104297.6,535833435.8,5030817733.4,52.5663191513601,33755733316,12559064333.2,52802700000,51938400000,6052.6373706236,6953.21591683101,6327.04806614482,6630,9446836
BLR,2013,Belarus,7.47579996525976,3.71054036348088,10.377496224226,1666207018.6,1690778528.4,4659983547,54.3029638313045,39573469218.4,14622199930,44904700000,44111500000,6115.43288098707,7998.0802045456,6355.37942214914,7030,9443211
BLR,2014,Belarus,9.22242879965975,6.34155260874188,12.1189252150858,2803175524.3,1273442345.3,5356964869.6,52.3407013607064,40013829087.7,15635829771.9,44203300000,43375600000,6212.91667418659,8341.31809294883,6532.37324335855,7620,9448515
BLR,2015,Belarus,10.0014805780485,9.76971227761896,14.8963571702265,3263621234.9,77423359.6,4976202594.5,70.7668231487899,38257921211.1,15837014947.9,33405500000,32854100000,5967.05595058777,5967.05595058777,5714.14343206439,6740,9461076
BLR,2016,Belarus,9.99779424859883,9.99638145361852,20.318907338682,3058842742.9,432308.2,6217484051.1,82.5010405969595,37515947697.5,18141781860.3,30599500000,29983700000,5811.20159182547,5039.77560949445,5350.12915897626,5640,9469379
BLR,2017,Belarus,6.80726171495423,6.80653202604777,11.7755887758454,2548290718.7,273187.5,4408650906.2,75.1554915511371,39584221158.1,20988207617.8,37438900000,36595400000,5964.89668834561,5785.54491935194,5674.56779261493,5320,9458989
BLR,2018,Belarus,10.305504099551,10.3043700005293,13.3189514000796,4477362113.3,492778.5,5787230891.8,67.0009807620654,38767563257,19987666289.8,43451100000,42267800000,6165.91320019277,6360.037502312,6091.84937993403,5730,9438785
BLR,2019,Belarus,8.30524265423715,8.29351208795539,10.4516456803401,3578202616.3,5061105.9,4509320722.2,65.1747660547607,40734118642.4,19511439288.2,43144600000,41974900000,6267.73508743505,6837.77339645635,6279.01322533456,6370,9419758
BLR,2020,Belarus,9.47304094348546,9.46880987861591,11.2758095940727,3603923727.9,1610385.6,4291685889.6,70.9847643016215,41792363746.1,20270019163.9,38061000000,37183200000,6251.98898968645,6542.85579976768,6273.34785452104,6410,9379952
BLR,2021,Belarus,5.51844161575218,5.51691538614877,8.62319657795036,2790989577.9,772114.6,4343954365.9,62.0622832088135,41653683788.2,19979290963.3,50589675254.17,49435377359.88,6457.73053706343,7489.71894713888,6460.85245306327,7040,9302585
BLR,2022,Belarus,7.34323388933124,7.30632560286303,14.0645147381013,3563427745.7,18000841.9,6809169880.9,56.3947988685637,39858867169.4,19208020914.7,48771816907.58,47110127434.48,6206.61909685419,7994.64806074889,6452.3922820868,7210,9228071
BLR,2023,Belarus,9.02252792624695,8.91769247635856,16.1332621106548,4433971410.5,52125299.1,7933244136.6,52.4376285095848,36774534069.5,17500179875.8,49721062060.11,47835289067.05,6497.78450683592,7896.75388295584,6513.48608929489,7850,9178298
BLR,2024,Belarus,6.93992745418402,6.83966614122654,10.4697875188332,3561720094.9,52210550.3,5340316288.6,46.1452886653758,34217084774.6,16325227185.2,52074472954.63,49610284253.47,6814.34443423546,8605.60954569694,6882.11225139407,8380,9132629
BLZ,2010,Belize,11.5729599002046,11.5514126850458,15.2416325623899,96358523.9,179740.6,127141264.5,81.1271940546319,1303876871.3,1018915831.7,834170906.42726,829575933.439001,5937.75398343789,5461.40735999001,5063.28399148281,5060,320245
BLZ,2011,Belize,9.34930317321408,9.33498366292221,13.8433080663604,88545152.5,135824.9,131307977.4,73.6871934030447,1274688747.1,1014198645.3,948530342.390357,943767027.439494,5802.24344531492,5596.05222152289,5320.59797893799,5160,327298
BLZ,2012,Belize,9.28460504593209,9.01682002357155,14.883620989031,93731823.8,2783684.1,154718507.9,66.8640968710153,1196357127.5,984734605.8,1039521955.13461,1034414459.16485,5902.74234696881,5732.66519942347,5286.89181353498,5330,334414
BLZ,2013,Belize,10.7984596669468,10.455615178467,12.748980271253,111057240.2,3641618.6,135416858.8,65.2809299610986,1249160027.9,1053217470.7,1062177961.83546,1056127152.13127,6013.07879895362,5957.34953619006,5483.98689798525,5580,341627
BLZ,2014,Belize,6.89346010373869,6.81005979549089,8.4376667779985,74327322.7,910259.5,92091582.2,64.3273188536963,1286836300.3,1101834305.1,1091434215.44131,1083001281.51282,6116.49578852783,6128.12053089077,5651.98245823927,5670,348923
BLZ,2015,Belize,7.39766834745659,7.39645863815043,9.4063731609944,76991179.9,12592.1,97912772,61.0374168644776,1280311151.2,1153969893.8,1040919494.94431,1033644191.97502,6154.62264230369,6154.62264230369,5886.71060496783,5790,356333
BLZ,2016,Belize,8.69627184630559,8.69413499016935,10.4917684199271,84835163.3,20850.9,102376014.2,60.617190802549,1290777702.5,1177227499.2,975774627.331241,968526944.164158,6012.21296983668,6140.86713919469,5908.54364533033,5640,364705
BLZ,2017,Belize,8.2867702164139,8.28543404211231,10.0634347639991,85989850.2,13867.4,104442717.6,62.5582203804267,1339403309.2,1231412304.1,1037843639.36687,1030908165.47966,5767.61921963762,6071.85451846453,5840.43198833466,5490,373202
BLZ,2018,Belize,7.91900807229793,7.91678079704429,10.5260465943405,85564954.5,24072.5,113766027,63.1433493052864,1349377447.4,1260155958.3,1080804896.50472,1071298551.55414,5707.61059954436,6011.99036888587,5479.54015061626,5610,380226
BLZ,2019,Belize,8.44340936769683,8.42130112989689,9.36643024652193,93681434.5,245939.6,104195374.1,61.9332736035164,1377889086.7,1285909805.7,1112434207.67151,1102475875.00024,5864.14611827109,6171.61449761423,5575.40643532803,5850,385829
BLZ,2020,Belize,10.4568993637085,10.4460975946637,11.023767997294,75443093.9,78011.8,79615105.7,77.0009327522602,1527863210.8,1410263247.8,722213182.639031,714623553.472427,5006.48453276935,5238.54078175696,4748.58391824309,5170,390812
BLZ,2021,Belize,58.4508338479789,58.4477111669687,58.9326978854465,613267653.7,32765,618356418.7,61.9874859473581,1452131243.3,1278375825.9,1049258630.41594,1042992170.75462,5839.40157956017,6142.98930557031,5641.20174172699,6120,395346
BLZ,2022,Belize,5.25839112506181,5.20291173798493,5.57148974684561,71787536.4,765480.7,76873017.1,54.2321774965168,1471192939.9,1305338198.6,1379756951.78337,1369057014.11086,6262.56088273674,7068.21728043145,5959.11463448227,6710,402733
BLZ,2023,Belize,6.93889275764698,6.79765488916979,7.34824731285362,106775597.5,2218523.6,114401121.1,51.3692267076717,1518303204.9,1355388703.5,1570771085.6301,1549984201.54552,6165.69414825936,7424.75821321022,5873.81255855896,6850,411106
BLZ,2024,Belize,7.52719328253861,7.39460192986509,7.67121131772208,123939993.7,2222347,127493340.7,46.0428964719523,1558943630.7,1398918336.4,1676087433.44838,1654756396.23788,6290.49294452749,7681.24400583113,6018.10667507867,7150,417072
BMU,2010,Bermuda,,,,,,,,,,3150596255.82453,1416064408.86253,118382.908990645,104111.824244802,,105750,63725
BMU,2011,Bermuda,,,,,,,,,,3149722594.87365,1470443894.71498,113937.835700983,99049.0169927667,,102930,63733
BMU,2012,Bermuda,,,,,,,,,,3120840151.71226,1399876565.10677,108040.575659203,100213.493385287,,101910,63646
BMU,2013,Bermuda,,,,,,,,,,3728541596.59196,1391041517.63726,107860.394791964,101704.40746217,,104040,63574
BMU,2014,Bermuda,,,,,,,,,,3225101912.07337,1351568514.99486,103941.982606956,100961.576602811,109152.923701363,102450,63529
BMU,2015,Bermuda,,,,,,,,,,3195210148.91199,1259589527.31891,104855.366822135,104855.366822135,108624.2436657,103940,63464
BMU,2016,Bermuda,,,,,,,,,,3254026689.03139,1313493631.62608,104190.876720334,108747.356144305,106393.645030111,105430,63449
BMU,2017,Bermuda,,,,,,,,,,3476883151.47462,1395210434.67126,107734.608357327,112339.425587467,113362.024714776,113460,63578
BMU,2018,Bermuda,,,,,,,,,,3540611310.44884,1585558509.22861,106843.163739391,113204.82210838,109671.373888647,117160,63831
BMU,2019,Bermuda,,,,,,,,,,3657511972.04247,1605054627.62346,106709.881238843,115798.040775578,110141.223246788,116920,64107
BMU,2020,Bermuda,,,,,,,,,,3067388857.57819,1027345720.41603,98846.4458079644,106976.546239632,98170.9154710744,110850,64382
BMU,2021,Bermuda,,,,,,,,,,3275281180.63025,1135572594.29856,103130.365845318,112765.08167306,104089.766095416,120460,64648
BMU,2022,Bermuda,,,,,,,,,,3767622622.42196,1425451184.85553,109412.251159598,119969.173269085,109277.36314678,131560,64749
BMU,2023,Bermuda,,,,,,,,,,4360625037.16121,1598658543.10859,114244.681047132,132961.760796315,116892.643715645,133460,64698
BMU,2024,Bermuda,,,,,,,,,,,,116513.536565041,142250.433195123,119539.666751973,139370,64636
BOL,2010,Bolivia,4.35691800523827,4.34522710597815,9.47780511598144,300631686.4,808854.1,655737540.5,30.7903134940057,5776504655.7,2829604751.5,6918664527.02533,6836994924.1346,2481.4070083834,1929.78373077158,2622.85423035209,1760,10182345
BOL,2011,Bolivia,2.49980604877501,2.49681637772326,4.82356789906339,231196227.6,276832.8,446645060.4,26.9046899987175,6181999152.8,3433273512.9,9259640783.46915,9122873526.42334,2568.52051674406,2315.52121930607,2773.19123078593,1970,10348929
BOL,2012,Bolivia,3.57073208138554,3.57012382393378,5.2475604275059,442674670.2,75420.4,650667090.6,25.9950613983393,6617099947.7,4189264509.5,12399420637.2437,12257994961.9127,2657.2388497837,2575.59857098084,2866.69074220453,2220,10515807
BOL,2013,Bolivia,2.20582191144441,2.20331280447838,4.25566887803739,284741935,324260.8,549975195.8,28.3177141091976,8141786767.5,5281733923.8,12923354978.0695,12752655397.1568,2793.51457124054,2870.02377000756,2958.9231293952,2550,10682608
BOL,2014,Bolivia,2.63088457416649,2.63000084977416,6.97764397552778,370843990.2,124609.8,983884600,28.3850395594485,8884014490.4,5744904672.7,14100527390.7742,14001547630.0564,2900.90241571477,3041.43503162408,2969.07293290841,2800,10848888
BOL,2015,Bolivia,5.24606129156541,5.24491841175725,9.89883952740801,526512100.6,114728.2,993696828.8,31.0456275763891,9895204080.3,6335483734.8,10038518414.6954,9927413077.01441,2996.01289811344,2996.01289811344,2893.68625909748,2920,11014705
BOL,2016,Bolivia,5.52978097587389,5.52748428996471,9.21953909473769,465022234,193218.1,775631452.1,32.9957292948572,10994252972.4,7010094456.4,8412909193.50527,8274686876.44516,3077.57057582774,3035.87347732132,2985.96459307508,3000,11180020
BOL,2017,Bolivia,5.95107887512217,5.94982980161342,10.024147779664,581291313.2,122033,979347346.2,35.6879564139746,12990057752.2,9150676176.4,9769881367.7388,9588789732.47868,3160.16421247588,4048.40119739839,3138.50246833934,3250,11344587
BOL,2018,Bolivia,6.38913344274425,6.3870589631149,9.51956656449353,675765479,219484.7,1007191963.7,33.7006008149571,13248377783.1,9905105772.1,10580229224.4761,10399006027.069,3204.53670838005,4206.8552936661,3220.06606142248,3730,11508368
BOL,2019,Bolivia,7.54039527989744,7.51875612129523,10.3652362849807,783011401.1,2253525.4,1079446926.5,35.6998390215282,14301151537.3,10999856991.6,10414108244.345,10271105038.5825,3207.38695231128,4203.15492855788,3231.44672309886,4170,11671386
BOL,2020,Bolivia,10.9052921827032,10.8705274461544,15.5640603308679,821098169.1,2625931.6,1175621100.7,42.5818186341753,15420130053.6,11877491891.3,7553434487.583,7437686887.36786,2765.09271788602,3580.96761778303,2787.44273555697,3620,11816299
BOL,2021,Bolivia,9.80870598097575,6.86572401464522,14.0108549191527,801192771.4,343430040.7,1634990812.1,40.697891574053,16025613524,12772869255.9,11669457870.5899,11594842754.3386,3011.55110825301,4010.76053686204,3042.96416154021,3990,11937360
BOL,2022,Bolivia,12.290166468052,12.2431689902613,16.275104418689,1809359632.5,6945533.4,2405220165.9,37.2686637973882,15930334885.1,13371906744.4,14778523713.4212,14682910446.7451,3088.24126173436,4219.46113742445,3098.4327890753,4190,12077154
BOL,2023,Bolivia,12.5473700526987,12.3799340840229,14.205978684425,1487056620.3,20112123.7,1706263744,37.1837075987323,16311190351.2,13664591071.8,12011829870.8807,11904416566.065,3122.77049466223,4274.70820547613,3069.84370979153,4230,12244159
BOL,2024,Bolivia,15.0893235110035,14.8940834604627,17.787635656929,1536743411.3,20144499.8,1835033911.1,32.5376974869568,15717587538.6,13420156636.5,10317811199.1878,10081323747.8737,3045.61476620329,4421.16609889999,3037.95516421168,4160,12413315
BRA,2010,Brazil,5.9506734844238,5.94495846286604,18.4296682676097,14800234705.1,14227796.7,45881467061.8,16.4609633891935,352364412862.6,97485566992.5,248954383744.59,231257934468.83,8792.63436120342,11403.2821278747,8659.48172345087,9750,193701929
BRA,2011,Brazil,6.76879448782302,6.7672472424272,18.7690515486759,21297957456.6,4869508.3,59070172414.9,15.8516033318801,404046105342.1,94712068704.8,314721136876.345,291839295243.155,9067.99316348047,13396.6243562986,9050.22156675312,11210,195284734
BRA,2012,Brazil,4.06703457868282,4.0665762992496,15.7314132277102,11772136232.9,1326651.1,45540111884,18.3256247191339,440496598192.8,116646485320.1,289485192619.46,280178111683.93,9167.49923929815,12521.7213519966,9106.24451368856,12460,196876111
BRA,2013,Brazil,7.14524856867204,7.14329661418054,28.0671181416749,20873290096.9,5703768.8,82014387865.7,19.8377244708135,483734834011.9,136526966244,292208082966.39,279141692254.75,9366.73932434359,12458.8912138813,9374.75541506245,12950,198478299
BRA,2014,Brazil,5.4914209786828,5.49061203564516,22.9484422129242,14893898118.7,2194348.3,62250211467,23.1060429665359,556919631071.7,174931295064.9,271261164001.545,263469234177.665,9338.34278278114,12274.9939689363,9256.62407753436,12280,200085127
BRA,2015,Brazil,12.7631469527654,12.762250585444,39.7792835988014,28824791665.4,2024533.3,89845404198.7,30.7299282835538,543397356309.8,172887433044.3,225859784466.825,223588701285.285,8936.19661712113,8936.19661712113,8768.04486216189,10330,201675532
BRA,2016,Brazil,10.6562031535628,10.654729951466,51.0549755813973,24520255935.9,3390352.7,117495335288.6,30.9090873467642,543257228545.3,174682574897.5,230134935822.81,217320605383.43,8577.84376650911,8836.28652735657,8414.71483683494,9050,203218114
BRA,2017,Brazil,10.8986664562302,10.8978864142499,34.7679526864763,29913426352.4,2141124.2,95433972476.6,26.8156664558868,543000470110.9,181160747497.2,274488329345.09,251257913040.7,8628.25308908043,10080.5092819305,8523.39464622559,8830,204703445
BRA,2018,Brazil,11.8959961648342,11.8946486978453,33.3094436850684,34112182990,3864346.2,95526809336.2,29.9289604206331,557765380774.6,190216062033.1,286785964483.165,273562694630.265,8722.33630317935,9300.66164923219,8539.66133575764,9320,206107261
BRA,2019,Brazil,14.7663009003853,14.7523436804821,53.4702774123798,41889995960.7,39632203.4,151831448164.1,31.1964144613097,568708887352.2,193800230034.2,283954854008.195,258826039949.725,8771.44051292177,9029.83326681073,8549.92170896391,9410,207455459
BRA,2020,Brazil,11.9794156987826,11.9745343461717,50.3521091588437,30930509245.5,12608650.8,130060704896.3,38.0076646022397,549329010779,194331893376.6,258302396997.915,238204439113.475,8435.01143254978,7074.19378337644,8303.50182172479,8080,208660842
BRA,2021,Brazil,8.34730546345816,8.34436588390282,46.7278546984627,28917277486.8,10187069.8,161934694556.6,35.2910131878973,571193915507.8,193848839449,346548532136.93,315446407694.57,8799.22945810901,7972.5366498646,8651.01448217722,8060,209550294
BRA,2022,Brazil,7.39173332650121,7.33530301084127,29.9040449782556,30845321428.7,237292341.2,125748026769.9,30.5621181630478,579257850288.2,190347426904.6,420505075020.24,380492383400.51,9032.08481566299,9281.33334441234,8839.8165608768,8440,210306415
BRA,2023,Brazil,7.57848443551246,7.41521909906569,53.5434238618458,31209121866.1,687149997,225292457863.1,28.628650184641,607387151485.1,191025398844.2,420879294989.845,389304693550.905,9288.02701470069,10377.5892792557,9122.67988667222,9310,211140729
BRA,2024,Brazil,9.90792733272845,9.74702254687242,26.7439339145718,41692900453.8,688270411.5,114112709865.3,28.6612661075538,605463780812.8,194369174570.4,427750118082.76,388976402302.25,9566.74518687619,10310.5486973693,9323.87884210953,9930,211998573
BRB,2010,Barbados,,,,,,,,,,2292523306.79183,2054685256.78683,21285.0039393558,19723.2381931602,,16220,275243
BRB,2011,Barbados,,,,,,,,,,2587012922.19879,2131085559.53879,21200.1949825923,20146.2381264508,,17150,276139
BRB,2012,Barbados,,,,,,,,,,2296743639.0833,2085312598.27107,20534.8825878653,19811.2953079751,,19080,276938
BRB,2013,Barbados,,,,,,,,,,2640905236.59611,2343247668.72723,20521.1209928514,20384.4910233555,,19410,277665
BRB,2014,Barbados,,,,,,,,,,2415767927.26034,2343954728.48644,20636.0327188055,20423.7177921163,,19620,278348
BRB,2015,Barbados,,,,,,,,,,2638571003.60209,2358268516.62626,20429.4747123553,20429.4747123553,19666.2131259185,19280,278990
BRB,2016,Barbados,,,,,,,,,,2667550594.27414,2410121556.0945,20673.7682337375,20311.4094163764,,19300,279598
BRB,2017,Barbados,,,,,,,,,,2301068745.29169,2227940415.54044,20766.5518491129,20870.7596432179,,19570,280171
BRB,2018,Barbados,,,,,,,,,,,,20674.3547847984,21378.2201267496,,20240,280711
BRB,2019,Barbados,,,,,,,,,,,,20687.6467427909,21929.435611489,,20800,281207
BRB,2020,Barbados,,,,,,,,,,,,17056.9868669781,19180.9915228365,,18290,281698
BRB,2021,Barbados,,,,,,,,,,,,18395.6153622073,21084.4013935998,,20700,282147
BRB,2022,Barbados,,,,,,,,,,,,21315.9363255517,24393.2193483944,,24760,282318
BRB,2023,Barbados,,,,,,,,,,,,21701.2660270701,25583.8722302505,,24710,282336
BRB,2024,Barbados,,,,,,,,,,,,22421.5333611295,26897.2002039176,,25360,282467
BRN,2010,Brunei Darussalam,,,,,,,,,,10198638550.2017,9261650665.53033,33121.3178241724,34937.5555357155,34973.0542450404,35370,392332
BRN,2011,Brunei Darussalam,,,,,,,,,,13837820971.338,12877940242.249,33754.3640783713,46382.8274255349,41990.1666697483,36520,399389
BRN,2012,Brunei Darussalam,,,,,,,,,,14338783603.4076,13364678877.7238,33544.5389457877,46968.5971164922,42367.4578238956,41690,405557
BRN,2013,Brunei Darussalam,,,,,,,,,,13324521260.2529,12328064821.1666,32381.0739795231,44003.0644273461,40399.9036339536,44580,411202
BRN,2014,Brunei Darussalam,,,,,,,,,,12679477493.9848,11668217281.5374,31148.7297405401,41026.5084247957,38590.3323430785,42370,416750
BRN,2015,Brunei Darussalam,,,,,,,,,,7869854054.56225,6773193238.17222,30625.1287744656,30625.1287744656,32166.0124177216,38180,422212
BRN,2016,Brunei Darussalam,,,,,,,,,,6418974173.20283,5342041396.27607,29492.4145927789,26663.2972950602,29595.7504713904,32570,427564
BRN,2017,Brunei Darussalam,,,,,,,,,,7086499766.39691,6025744289.57607,29524.65912789,28024.3824580252,31096.7417710612,29230,432772
BRN,2018,Brunei Darussalam,,,,,,,,,,8039962735.7531,7040938538.27712,29200.1952024222,30988.1190267227,30285.2016840057,28790,437810
BRN,2019,Brunei Darussalam,,,,,,,,,,8855694135.62027,7827700937.07238,29996.2407223175,30426.5730656528,30229.2453907199,31550,442680
BRN,2020,Brunei Darussalam,,,,,,,,,,7805639830.43301,6886208832.25466,30015.9588506697,26834.3592233943,27478.7319713696,30810,447404
BRN,2021,Brunei Darussalam,,,,,,,,,,12147339458.8229,11188391068.076,29256.1833678343,31006.9636289785,31050.993859343,29890,451721
BRN,2022,Brunei Darussalam,,,,,,,,,,14947451448.0173,14405125073.7313,28549.1756060465,36632.9280952155,35124.8610611041,30970,455370
BRN,2023,Brunei Darussalam,,,,,,,,,,12530678098.6255,11572987449.8388,28645.9645396284,32890.5491812019,31363.6427531901,34390,458949
BRN,2024,Brunei Darussalam,,,,,,,,,,12482176135.7288,11482894062.5144,29563.8682753082,33153.4738913513,31790.2181606216,36020,462721
BTN,2010,Bhutan,14.4049539191019,14.4000902302468,14.4166531632125,87390808.9,29516.6,87491325.5,57.6608858212657,934629272.1,919405320.9,606876814.677448,590485064.364733,2378.72810760985,2435.5798056672,2225.35286143434,2180,701632
BTN,2011,Bhutan,11.190277888059,11.1889525250995,11.2068085183067,85284589.7,10102.2,85420691.9,57.4352950866873,1070492249.6,1043414808.3,762221392.115894,745573125.523142,2552.48871073094,2787.97967608562,2368.0196294142,2430,709377
BTN,2012,Bhutan,18.1626032269072,18.1622345197706,18.7010212132352,135571289.2,2752.2,139593041.4,79.1608314145797,1449649027.4,1357737704.1,746446088.736621,729034440.586467,2654.74798946027,2751.2128864294,2415.75481392229,2620,717279
BTN,2013,Bhutan,11.5094300369749,11.5077036182215,11.8209262922086,78873973,11832.9,81020805.9,89.4459115640474,1628150561,1613834794.5,685401498.133038,667794405.571273,2671.07460201171,2679.95217201538,2441.05825008691,2630,725273
BTN,2014,Bhutan,12.7935471500507,12.7928753102154,13.1750850942313,86808546,4558.9,89402104.9,99.3381192854371,1941155641.3,1927205748,678569468.512538,659145142.494112,2797.81883971908,2849.49998647303,2585.89528298882,2670,733139
BTN,2015,Bhutan,17.8972932622027,17.8967322176611,18.1043400042224,133892656,4197.4,135445853.4,103.230441033963,2111104022.8,2045060882.4,748140243.546081,706946117.876842,2954.04081911097,2954.04081911097,2761.26181764572,2740,740618
BTN,2016,Bhutan,12.3490452391074,12.348002907164,17.5595801863358,82336845.9,6950.3,117087796.2,110.020732525956,2389670352.4,2321213149.5,666802935.819123,642339520.120198,3173.36773217431,3152.30905106786,2892.38473443019,2880,747866
BTN,2017,Bhutan,10.9913458481451,10.9907884679382,11.92263516548,82033552,4160.2,88988712.2,113.849547308498,2707950876.9,2640779737,746384595.057072,716346961.256478,3211.80903275593,3435.28804735662,2906.83023906035,2960,754335
BTN,2018,Bhutan,11.1218291970159,11.1207944600298,11.4177745462651,91312570.4,8496.2,93751066.6,112.222258298103,2651977085,2584230634.3,821097545.936979,785622133.829875,3300.55006461736,3400.20417245342,2940.43535306096,3150,759759
BTN,2019,Bhutan,7.4747366832261,7.46456374765048,8.35212645374377,60830012.6,82901,68062913.6,111.877606026612,2803804731.6,2716292989.2,814917182.791113,777529115.268209,3467.38598979356,3576.87987100503,3056.19971821635,3370,764824
BTN,2020,Bhutan,7.38626441540641,7.38302150091505,8.74330362481245,60259383.5,26468.3,71361851.8,139.831817651251,3236756638.4,3185320870.6,816188649.762587,786680733.24358,3092.12428399363,3191.66906999331,2841.65961465253,3040,770006
BTN,2021,Bhutan,17.0309853669856,17.028366617593,17.3241911789711,129684819,19943.9,131937762.9,125.138819900092,3268867963.8,3186306538,761581083.566846,739513709.472239,3206.20366997254,3570.61257980872,2936.68575488392,3300,775442
BTN,2022,Bhutan,15.894259899943,15.8391334669571,16.1948695115357,129195986.3,449653,132097639.3,115.015506284534,3160243054.4,3076881642.9,815675848.489586,791342207.519415,3349.73309632799,3711.32767981591,2940.46919506539,3600,780914
BTN,2023,Bhutan,16.3319096380986,16.1786168661484,15.6094043269782,137558067.9,1303365.9,141117433.8,114.49950351728,3266699740.1,3187642815.9,850246155.391826,814063335.025381,3480.51388523184,3831.32535564326,3054.19885115165,3730,786385
BTN,2024,Bhutan,16.2882452578905,16.1547038169143,16.5776241652416,157867544.7,1304998.2,161369542.9,,3400087106.3,3322918899.6,977223392.574423,948196166.865884,3717.21053114706,4228.05102403654,3350.02982445106,3910,791524
BWA,2010,Botswana,1.331342525139,1.3263703588576,1.39748444126717,75501054.3,283030.9,79549085.2,14.8752744836522,1806938426.7,1358491275.9,5692305606.48454,5333146144.5322,5584.5034321846,6215.73216077919,4982.45226345672,5370,2033111
BWA,2011,Botswana,0.978402545687432,0.977111836146925,1.05801576761711,73332583.2,96868.2,79404451.4,15.9508587187728,2395188968.7,1900015194.7,7505034785.90277,7250257994.10322,5850.07858575461,7287.38295334919,5699.04553947047,6500,2073535
BWA,2012,Botswana,0.820930725364198,0.820536154968235,0.885818319468212,54881475.6,26390.8,59247866.4,17.7728391392687,2517445031.3,1933487500.7,6688489625.67952,6473867663.41058,5742.91924452636,6595.53845015424,5505.24619756531,6680,2108617
BWA,2013,Botswana,2.03450441062148,2.03324500076735,2.14504575181586,183181122.5,113464,193253586.5,17.4581483023392,2378002492.2,1812617112.1,9009299048.11604,8759960109.76827,6284.97678002618,6666.91219583487,5777.77685411589,6950,2140682
BWA,2014,Botswana,0.590435380391608,0.589982493258449,0.672762052785683,57409702.3,44069.3,65464771.6,16.6042841074893,2490383552.1,1908036781.9,9730746751.98048,9480557965.46541,6547.12254115892,7122.36423421503,6421.62437704647,6990,2172044
BWA,2015,Botswana,2.09715538295729,2.09660935704613,3.32688648966856,155796793.3,40574.6,247217367.9,16.9995186828514,2223000319.7,1758813041.1,7430892778.20925,7183707021.78405,6141.20394726616,6141.20394726616,5935.18946527028,6140,2203273
BWA,2016,Botswana,1.87578860340413,1.87498219368558,1.97974958199445,158369215.7,68112.9,167218328.6,15.3799402336298,2121220930.7,1665138269.1,8446438383.96674,8223923924.77226,6490.83463593483,6749.05994339013,6448.46547131875,6060,2234776
BWA,2017,Botswana,2.40019822144336,2.39959853088745,2.44289884396781,172015550.8,42988.9,175119539.7,11.7524342645419,1732142195.8,1542551318.5,7168513757.02348,6904828443.29604,6662.57644805467,7104.96401088027,6112.82958247524,6210,2266747
BWA,2018,Botswana,2.23555784625857,2.2345742949105,2.36055721853273,173725616.4,76465.6,183520082,11.4836203837343,1773968857.7,1443230134.7,7774439041.73067,7532334395.5046,6843.84612027739,7407.95940141786,6089.23248354174,6680,2299141
BWA,2019,Botswana,2.78557135256884,2.77347411098004,3.01630581025341,180876605.4,788941.2,196713267.9,9.32339448456644,1564146563.7,1333388283.8,6521661935.97837,6228711668.84286,6951.73189051146,7172.08956480028,6522.97413914482,7100,2332083
BWA,2020,Botswana,3.46548565547715,3.46035311390622,3.75183359746915,169056752.5,250752.1,183297132.7,10.6992155948814,1602987277.9,1283988643.2,4885534710.91164,4757349570.91709,6254.24806241091,6323.2974967659,6421.1521403183,6600,2365894
BWA,2021,Botswana,1.86432427690713,1.86199492710284,2.01493357903601,149175514.5,186618.1,161428341.7,10.6318003846395,1997456430.5,1482380802.1,8011596182.60126,7844609841.58718,6895.91184943107,7807.88794570471,6656.96860220152,7440,2401441
BWA,2022,Botswana,1.78321162096665,1.73584061045113,1.92955567642417,159080256.8,4341292.9,176833178.5,9.83885342882201,2002717072.9,1558367582.3,9164450689.89692,9025014814.77475,7159.5860618268,8328.7090572666,6714.78180254518,7690,2439892
BWA,2023,Botswana,3.36104481060945,3.17510130882865,3.66650187699974,214653302.2,12570744.3,247874527.1,11.2373733255328,2184503342.8,1563597634.7,6760518210.96661,6533423510.80699,7269.05170664457,7827.30027960734,6953.22937542139,8150,2480244
BWA,2024,Botswana,4.5609386613387,4.34503580617126,4.71797953358513,253412900.6,12591971.9,275163872.5,11.9275332021357,2317990593,1851933959.3,5832239638.6257,5593926597.76982,6952.34770386661,7649.81663744354,6662.50736847906,7610,2521139
CAF,2010,Central African Republic,,,,2004798.3,270637.6,2314435.9,30.434971731401,655032073.2,375393735.1,,,519.141456408484,476.873786950728,586.964537430763,500,4492995
CAF,2011,Central African Republic,,,,1142796.2,90015.2,1504811.4,25.350441708813,620505554.4,313983436,,,532.38295493852,534.057281471636,571.749987389256,510,4565021
CAF,2012,Central African Republic,,,,4278786,24523.8,4638309.8,24.8590362138999,626782829,335074430.9,,,553.729578314912,544.395849142785,584.807136618066,540,4610848
CAF,2013,Central African Republic,,,,3761013.9,2365242.4,6419256.3,38.1298763136538,650766057,355209971.8,,,349.821171688973,364.36696260838,356.649317342665,360,4642419
CAF,2014,Central African Republic,,,,6343865.1,5406850,12050715.1,37.2299988230472,712774619.5,423484115.3,,,351.561554911625,409.8504859647,352.739115094121,380,4623182
CAF,2015,Central African Republic,,,,3430719.4,14096180.7,17567900.1,43.1183201527275,740289908.2,451715931,,,366.322853938121,366.322853938121,370.870930516998,390,4629320
CAF,2016,Central African Republic,,,,5827128.1,19417727.5,25252855.6,40.2590003485294,743898467.8,447247576.5,,,376.858254120398,387.176203444318,387.280283445101,400,4713663
CAF,2017,Central African Republic,,,,18430195.2,16908502,35363697.2,35.4793945423637,772718360,425329462.2,,,387.35795131742,432.324025684263,408.750638069391,420,4793511
CAF,2018,Central African Republic,,,,12172005.9,14670072,26866077.9,34.9953587772351,835250129.2,444557520.1,,,395.020015455909,455.243962859534,509.122487527623,470,4878657
CAF,2019,Central African Republic,,,8.85123078974685,18029250.1,13306991.7,31660241.8,36.3671939851117,867729783.4,446497694.8,,,401.82582161435,449.228467602439,518.991035040013,500,4944703
CAF,2020,Central African Republic,,,4.90561640189487,5429962.8,10601241.1,16403203.9,36.9485082980911,907746512.3,428552666.9,,,398.834274122139,462.879071294011,506.664683029303,490,5026628
CAF,2021,Central African Republic,,,5.37314440983041,8038223.1,10236929.6,19019152.7,41.3449424897673,1111435661.5,433249062.5,,,396.020622931961,492.263142830507,508.938833265995,510,5112100
CAF,2022,Central African Republic,,,5.90048213810493,6965544.4,12880685.6,19888230,41.6647931673792,1045511289.2,444787064.9,,,398.91539795642,467.359825026238,506.844689497,520,5098039
CAF,2023,Central African Republic,,,10.087726739592,7596360.5,31499566.6,39115927.1,40.0325737775072,1083496566.5,456030419.5,,,397.467795750451,495.978897288721,507.371551862906,530,5152421
CAF,2024,Central African Republic,,,13.3966251157824,14067424.6,42417089.4,56507514,35.8540712601052,1045905200.4,438777675.7,,,389.938307964229,516.160999996036,498.942823031871,510,5330690
CAN,2010,Canada,,,,,,,,,,530366250634.792,469288008080.746,41164.3812486578,47560.8378831258,41196.8875204684,44490,34005902
CAN,2011,Canada,,,,,,,,,,617008470670.48,546776957186.172,42043.6842044008,52224.1237767406,42531.025793395,47190,34339221
CAN,2012,Canada,,,,,,,,,,628021429859.098,554961465410.873,42320.6856530018,52670.1429540952,42668.8315548358,51080,34713395
CAN,2013,Canada,,,,,,,,,,633595812760.531,560082523492.08,42851.2135876232,52637.7313222622,43403.7932720058,52800,35080992
CAN,2014,Canada,,,,,,,,,,651216270438.09,573305506396.425,43643.2794910996,50960.8942086685,43953.0692251857,52200,35434066
CAN,2015,Canada,,,,,,,,,,568476612155.303,496137259587.927,43594.2379080706,43594.2379080706,42926.3435664027,47580,35704498
CAN,2016,Canada,,,,,,,,,,555554623572.19,481615868845.152,43551.3863558236,42314.1033623905,42854.5745157071,43900,36110803
CAN,2017,Canada,,,,,,,,,,608866564683.009,518864192859.946,44339.4332217878,45129.7335281051,44126.9857179483,42900,36545075
CAN,2018,Canada,,,,,,,,,,663213133704.411,557656145915.903,44907.3887994469,46539.2177903178,44588.4084591672,45060,37072620
CAN,2019,Canada,,,,,,,,,,675210825607.082,564128218247.912,45100.336805859,46352.9695208927,44869.7480792791,46580,37618495
CAN,2020,Canada,,,,,,,,,,587804224011.986,489086375745.01,42366.1710935265,43537.8981198851,41926.7469439487,43900,38028638
CAN,2021,Canada,,,,,,,,,,747425160533.355,630486736132.256,44639.2381171993,52886.6407813788,45784.6819186274,49080,38239864
CAN,2022,Canada,,,,,,,,,,869594495683.635,742362383786.094,45883.0058941892,56496.9275340663,47407.1497310923,54070,38950132
CAN,2023,Canada,,,,,,,,,,896561931673.945,732341637571.464,45495.5100892605,54847.5370112652,46015.0499839717,55340,40049088
CAN,2024,Canada,,,,,,,,,,922545647713.446,736958829134.887,45061.3864587285,55015.7066917734,45404.6398129117,54110,41262329
CHE,2010,Switzerland,,,,,,,,,,517861376436.953,392545097412.519,83069.4276373455,77956.1262043942,87301.6800781122,80400,7824909
CHE,2011,Switzerland,,,,,,,,,,588142311031.343,477370732957.97,83307.3180998465,91910.3964565203,84206.0462821941,82540,7912398
CHE,2012,Switzerland,,,,,,,,,,592376467282.904,468267134150.539,83354.0207485188,87269.5594780124,85376.2782198106,88060,7996861
CHE,2013,Switzerland,,,,,,,,,,633783375033.687,511561989089.984,83914.0245080812,88851.2374497983,85031.6001674279,92160,8089346
CHE,2014,Switzerland,,,,,,,,,,631626502059.008,478381077600.253,85004.8134534,90511.6484558843,84254.4895493166,90030,8188649
CHE,2015,Switzerland,,,,,,,,,,590147804862.733,444631081824.629,85265.06205193,85265.06205193,85922.3438539232,88150,8282396
CHE,2016,Switzerland,,,,,,,,,,608786674324.619,460900871561.791,85951.2234148345,83432.4111596314,84227.2594410546,84250,8373338
CHE,2017,Switzerland,,,,,,,,,,635570833043.029,462874952027.954,86362.360972862,83610.248611484,83137.0739756893,81790,8451840
CHE,2018,Switzerland,,,,,,,,,,676274757607.387,493925870246.032,88581.0826935584,87002.3382293532,82918.9384139538,84760,8514329
CHE,2019,Switzerland,,,,,,,,,,657300703718.519,486346048380.878,88932.4119306425,85872.9702303454,83394.1681444123,84160,8575280
CHE,2020,Switzerland,,,,,,,,,,622747547071.07,480425742038.317,86293.9183441155,87529.7016394892,79433.0722647161,83150,8638167
CHE,2021,Switzerland,,,,,,,,,,763244738337.113,587217386718.521,90924.9256769825,96582.8687080693,83996.8959733751,91900,8704546
CHE,2022,Switzerland,,,,,,,,,,823445686163.047,642615837332.896,93360.440112464,97809.095567203,87629.766108702,97920,8777088
CHE,2023,Switzerland,,,,,,,,,,864151840317.248,651795489401.178,92947.9424441568,104449.75451772,85646.1411828793,98160,8888822
CHE,2024,Switzerland,,,,,,,,,,924880744991.721,688193054511.534,93018.3768706697,107702.065940312,,99920,9005582
CHI,2010,Channel Islands,,,,,,,,,,,,64722.9832990297,56123.4597963451,,,158621
CHI,2011,Channel Islands,,,,,,,,,,,,65006.4871287216,60415.2632075658,,,159706
CHI,2012,Channel Islands,,,,,,,,,,,,60861.9006460501,58809.5698945413,,,160767
CHI,2013,Channel Islands,,,,,,,,,,,,60780.669022098,59308.4666588674,,,161777
CHI,2014,Channel Islands,,,,,,,,,,,,61892.8083445708,64697.5485024325,,,162726
CHI,2015,Channel Islands,,,,,,,,,,,,61847.8212238857,61847.8212238857,,,163454
CHI,2016,Channel Islands,,,,,,,,,,,,62434.1859444218,55947.579811974,,,163883
CHI,2017,Channel Islands,,,,,,,,,,,,63393.3938698644,55806.3554257428,,,164319
CHI,2018,Channel Islands,,,,,,,,,,,,63859.9826096615,60784.8125397162,,,164949
CHI,2019,Channel Islands,,,,,,,,,,,,64594.5213908684,60564.6293993681,,,165639
CHI,2020,Channel Islands,,,,,,,,,,,,58636.7036143365,56785.9402005039,,,166235
CHI,2021,Channel Islands,,,,,,,,,,,,64267.6930018122,66915.3963925722,,,166741
CHI,2022,Channel Islands,,,,,,,,,,,,67508.9385276664,67627.1417347907,,,167215
CHI,2023,Channel Islands,,,,,,,,,,,,69818.1528119104,74585.5224096294,,,167691
CHI,2024,Channel Islands,,,,,,,,,,,,,,,,168126
CHL,2010,Chile,,,,,,,,,,87639188450.604,81621393319.5589,11649.2897090856,12632.8704724192,11466.3729858023,10720,17181464
CHL,2011,Chile,,,,,,,,,,97558343798.0326,93837478963.3239,12252.8441074615,14487.3927832032,11739.5125278528,11860,17351816
CHL,2012,Chile,,,,,,,,,,96969375036.2435,89586101095.3999,12882.834417927,15241.9069981119,12486.6724247475,14170,17519119
CHL,2013,Chile,,,,,,,,,,96581240295.76,88156470315.346,13182.7329619856,15683.5486369155,12804.9839376501,15080,17687006
CHL,2014,Chile,,,,,,,,,,92021745077.9579,85068996884.2789,13285.9540361192,14529.6767206336,12801.1553119237,14690,17864195
CHL,2015,Chile,,,,,,,,,,77049347808.7,70677628062.0893,13433.9202987032,13433.9202987032,13104.1707291105,14080,18047625
CHL,2016,Chile,,,,,,,,,,76520070964.4314,69369787238.2048,13505.097711133,13649.8520452803,13251.6913266974,13310,18267221
CHL,2017,Chile,,,,,,,,,,86534305218.3285,78097748667.3479,13473.3458532934,14879.9086227187,13382.9669425161,13200,18558868
CHL,2018,Chile,,,,,,,,,,94059123737.4976,84063817032.2498,13763.0068844795,15659.4808675628,13539.9434405567,14460,18893191
CHL,2019,Chile,,,,,,,,,,88381490820.1264,77254740134.3842,13631.9284885172,14496.9345640362,13388.5283847014,14700,19197744
CHL,2020,Chile,,,,,,,,,,84473720755.6964,79578821292.7964,12680.7761524378,13117.9930230086,12497.2186676892,12960,19370624
CHL,2021,Chile,,,,,,,,,,110882099819.844,100448046657.944,14056.251601955,16216.1840860289,14321.1886035579,14790,19456334
CHL,2022,Chile,,,,,,,,,,120921851414.372,107038637837.472,14275.4094646211,15399.1044717559,14234.8605696138,15430,19553036
CHL,2023,Chile,,,,,,,,,,115573816389.702,103226905820.702,14294.7106635595,17081.5180740049,14548.4347676014,15970,19658835
CHL,2024,Chile,,,,,,,,,,123397116499.648,110793070737.748,14616.9287938028,16658.9652720351,15024.506471221,15840,19764771
CHN,2010,China,0.768929630666259,0.767014739328381,2.89643097782304,13797338279.1,34445757.3,52102047006.4,12.0447325547345,742737476056.6,102274809825.7,1798836133342.28,1656411658782.57,5764.65012366375,4629.24551710077,,4410,1337705000
CHN,2011,China,0.657141959874657,0.656594421010218,2.91665272408534,14137266039.9,11789169,62799034208.9,13.8686604058138,1054209569422.7,114632474016,2153120036894.13,2008852448487.47,6275.71634288814,5703.76027973346,,5130,1345035000
CHN,2012,China,0.446124159147645,0.445987025513096,3.08464755083677,10445591709.5,3211846.7,72246426556.2,13.267674396391,1148164368937.8,138509762348.5,2342129055768.52,2175092012376.37,6723.09003744607,6405.0574241349,,6010,1354190000
CHN,2013,China,0.480039992306932,0.479496241182419,3.03970189644669,12177132610.4,13808929,77195293539.4,15.3174464256464,1480476659937.3,152549448206.9,2539567897419.11,2355594737798.11,7197.937319496,7147.03518622344,,6860,1363240000
CHN,2014,China,0.544490697183815,0.544294154843222,3.01971745253991,14708321177.8,5311113.2,81601049291,16.6392988330873,1778380562695.9,179054045596,2702274321141.03,2462902030661.11,7686.37369520403,7781.06597484974,,7600,1371860000
CHN,2015,China,1.34005981208142,1.33987019155796,4.90274889592115,34621822307,4899734.4,126685482041.4,11.8789197021152,1333768986063.5,146061922841.7,2583968396725.28,2360152452309.1,8175.33285077393,8175.33285077393,8137.08106545726,8040,1379860000
CHN,2016,China,0.763737304766042,0.763398759162299,6.91875543607767,18509183420.5,8208295.6,167750486716.1,12.4023168814925,1413904270462.7,160185552754.2,2424576042121.25,2197922469129.55,8679.22528805041,8254.86859320357,,8360,1387790000
CHN,2017,China,0.691453049447117,0.691262403071122,7.58735986967657,18795255906.1,5183628.4,206298461725.5,13.6631367045646,1710819944231.6,196289557624.3,2718975576076.02,2429277356205.39,9221.35045639842,8979.67652709856,,8830,1396215000
CHN,2018,China,0.734223632345877,0.73390322556828,8.25271896595969,21426348254.9,9354294.9,240938620316.8,13.9248882428061,1961562462976.8,259686605796.7,2919505938716.79,2651009602168.9,9798.57890566402,10085.6638148819,,9720,1402760000
CHN,2019,China,1.00789900436958,1.00460944747573,9.49516872239568,29302392971.8,95949614.1,275788460562.3,14.5601860956403,2114161989828.3,318064268908.1,2916794486198.36,2643280189721.15,10356.2924890582,10342.9009524335,,10510,1407745000
CHN,2020,China,1.13045189343548,1.12943239167088,9.19478034214525,33817862120.5,30526280.6,274409068255.5,15.634535209813,2326232537961.7,391681803929.2,2994235190162.19,2748732701326.88,10573.3794064211,10627.4637989619,,10740,1411100000
CHN,2021,China,1.30339013430647,1.30268192251803,8.68754451581172,50360325022.6,27378729.4,337298000067.6,15.0703683293598,2724353650084.8,554292253836.6,3865895745697.9,3538580211130.51,11469.3174514512,12887.4357242941,,12220,1412360000
CHN,2022,China,2.43600078118486,2.41996129202005,11.3335740725489,96228718525.4,637803378.6,452169297298.3,13.9317634143876,2530502272052.6,538306975033.8,3976456931055.85,3706132428337.29,11830.298767861,12970.6056414327,,13170,1412175000
CHN,2023,China,3.12234571671179,3.07453693951343,11.8307203396454,118775740185.1,1846952243.8,450534050731.3,13.50675136222,2447537483872.8,487485728323.4,3863207452758.63,3562879421743.18,12483.9791101249,12951.1782397043,,13750,1410710000
CHN,2024,China,1.92606728005673,1.88214506124137,8.59286077464029,79274204382.3,1849963120.8,352496730598.7,13.0007522555005,2419835436491.8,504112530899.5,4211907254907.04,3869597471328.27,13119.1076099516,13293.1162269366,,13660,1408975000
CIV,2010,Cote d'Ivoire,3.96507851502545,3.87353145310317,5.85982232933711,496704984,11739128.1,751408112.1,48.7687327973699,11702345832.3,9412369651.9,12823052814.0434,12605548916.4372,1540.52927270246,1553.54887048143,1058.57040057893,1120,22488065
CIV,2011,Cote d'Ivoire,3.12466687405741,2.98786183095434,5.26743616922703,414642186.4,18985195.9,730991382.3,52.3637452575251,12789988721.2,9896053180.8,13877555585.2113,13669676040.3552,1426.46463864534,1596.62826565998,957.671982721421,1020,22982000
CIV,2012,Cote d'Ivoire,2.44807745839269,2.24973095717177,5.41739649196887,299555640.7,26410186.1,721335887.7,36.8043493917994,9542138431.7,5049891691,13315176187.8489,13107468405.0069,1503.43433046682,1546.9460184731,1007.37024723572,1140,23467078
CIV,2013,Cote d'Ivoire,4.01684702252249,4.0121921289807,7.95571105278947,529421936.5,614228.5,1049782217.9,32.9959305681881,9853173126.4,6368338511.8,13195328625.3642,12988034912.6686,1632.32712787006,1786.15862031324,1115.47228378415,1240,23939775
CIV,2014,Cote d'Ivoire,4.25516866831027,4.20358277755561,7.1458635774276,593766451.3,7286634.5,1009370882.5,20.4531343881166,9803934265.8,6618420545,14125247026.6632,13888903173.2373,1742.53693001178,1991.36539423404,1668.92746644048,1860,24527395
CIV,2015,Cote d'Ivoire,3.558453787015,3.12774184868419,6.35864533484013,398074927,54817702.9,809279473.8,25.4109025665834,11386054127.4,8508116979.7,12727230898.7862,12501412278.3909,1814.71855088017,1814.71855088017,1774.82154454314,1880,25246342
CIV,2016,Cote d'Ivoire,9.14908560373734,8.61462085255451,12.9728634799211,1040523151.8,64555707.9,1566936610.1,24.2006866364198,11454555251.3,8366252017.7,12078571647.079,11796872426.2873,1889.27777949938,1862.59597081287,1860.13493236833,1880,25989405
CIV,2017,Cote d'Ivoire,14.1927778327143,13.2824151800601,17.0951138013737,1747026137,119739319,2248507535.8,26.3779718245256,13445697856.3,10441857921.7,13152925227.2033,12855832030.3664,1972.81431788947,1964.29930338343,1877.06748781163,1870,26733372
CIV,2018,Cote d'Ivoire,9.44871902343098,8.25210185027083,12.3155204491884,1108625399.6,160759066.7,1654523784,28.4634771423081,16193842633.1,13230636016.8,13434460937.5321,13084415386.5339,2013.32307598499,2130.86619381144,1903.63850903843,2010,27464173
CIV,2019,Cote d'Ivoire,18.5777011180354,17.3804759857433,21.1857500643047,2463260794.2,169677616,3002566073.1,33.7779620972679,19827818563.5,15744433659.8,14172573847.9231,13790700196.5208,2093.09994335779,2141.76836170115,1976.93901540478,2120,28193009
CIV,2020,Cote d'Ivoire,15.1639729193528,13.9184909709902,17.9986903027955,1897276845.9,169775880.7,2453462695,41.0439427377816,25111277382.6,20017209086.3,13631340134.8927,13231734044.6865,2055.08483996432,2179.72934832935,1976.75401421115,2120,28915449
CIV,2021,Cote d'Ivoire,8.8927249602178,7.66677523054531,10.3219763867472,1285986327.5,205634643.4,1731356418.7,42.1962341583395,29772502067.3,23188578846.5,16773497185.3157,16230487075.3303,2146.46047529012,2455.98127641148,2079.92942747708,2300,29639736
CIV,2022,Cote d'Ivoire,11.5254279146111,10.3769222017428,12.9116655451909,1852994494.3,205087281.3,2305620559,46.0823328796999,31623476790.3,26109393593.6,17856879508.9241,17210592597.5069,2227.08197820584,2333.37128301259,2141.93162389523,2440,30395002
CIV,2023,Cote d'Ivoire,17.4494671828269,15.144052231868,20.0502096444777,2853451750.8,434387720.5,3631695172.1,47.4826411328516,36355703861.6,28976663282,18842062263.8596,18112644089.1502,2315.36434710324,2591.9659048119,2235.13784047194,2510,31165654
CIV,2024,Cote d'Ivoire,21.7082211204183,19.0357753729952,24.7283736134001,4350206790,610728557.6,5387511624.7,48.8304044647452,40560965965.1,31249010244.2,22852795353.8019,22010319949.0873,2395.65916961845,2727.8935220697,2283.10876432574,2520,31934230
CMR,2010,Cameroon,2.62882560450498,2.61319574792275,3.55976575797028,149118928,891899.3,203133827.3,11.7099774171232,3190178368.7,2159703262.1,5706381855.18768,5613238091.16555,1290.9013745759,1398.58702025047,1262.39319066341,1450,19668066
CMR,2011,Cameroon,2.49660277851276,2.47639874413681,4.31805342666291,190291553.7,1552519.4,331808073.1,10.2035511971683,3094521348.4,2123352540.4,7684204902.40272,7520841030.76797,1297.3064962694,1513.96056994878,1267.76307611828,1470,20232304
CMR,2012,Cameroon,1.55456495050096,1.52140700442251,3.13519667462347,115483504.6,2516878,237979382.6,13.0860543251885,3887899904.7,2922747312,7590572691.21978,7384889219.89527,1319.66961634054,1449.09874362279,1297.14651610816,1470,20809529
CMR,2013,Cameroon,1.84109523260664,1.79259751330908,3.33088124965454,146915442,3974714.8,272988156.8,15.6371849847079,5177990160,4073348414.2,8195673647.27615,8027914863.91496,1347.2130636706,1575.92882118897,1339.4543582727,1530,21402376
CMR,2014,Cameroon,5.57397531255722,5.5126675492677,6.05474685897645,483166666,5373418.1,530678084.1,16.1486134651534,5765541169.1,4617061295.4,8764661784.55082,8602120400.06086,1381.81938454907,1649.4433905949,1369.91663158151,1570,22059893
CMR,2015,Cameroon,6.02422978542499,5.57174879904823,7.35707247061288,385453343.8,31302615.3,508961959.1,22.9906774662358,7304904667,5730640194.5,6917995726.33,6735658332.85852,1415.00009710569,1415.00009710569,1395.80704728945,1530,22763414
CMR,2016,Cameroon,7.36909386673476,6.90278966838925,13.3924754687549,445272205.7,30079476.4,863896682.1,23.7253706528744,7890233642.2,6297228832.9,6450612391.37978,6247837992.00962,1435.61830727839,1441.7201725688,1417.39726511978,1470,23454161
CMR,2017,Cameroon,6.56920040621345,6.14166799369995,10.6764553693679,414138351.8,28828905.9,719923257.7,28.3602661682383,10049854104.8,7994339051.8,6743092466.48986,6548600006.74731,1444.90682916573,1496.08951771242,1426.43115248263,1410,24128601
CMR,2018,Cameroon,8.42150982008125,8.043218322217,14.0645418720094,604168692.4,28415476.3,1056462168.7,28.0621238720245,11004928184.8,9154831150.9,7511529193.86962,7301078164.06876,1461.01969999317,1610.69641591017,1450.4141364818,1520,24806383
CMR,2019,Cameroon,8.68369812387798,8.32626593628775,14.2418862218893,662964353.5,28459912.4,1133985265.9,33.2997557994886,12928642115.2,10388057960.4,7962324991.45447,7730803119.56593,1470.31785276187,1555.22660476477,1450.95159265952,1560,25506095
CMR,2020,Cameroon,15.1732511340223,15.1609310745585,20.8588208934159,953147015.4,774545.3,1311365560.7,36.8702826869217,14723493939.9,11390962780.6,6286863324.63756,6124444785.32387,1434.51913723409,1555.60370660749,1402.14296280393,1540,26210558
CMR,2021,Cameroon,10.53677009674,10.528282448259,25.5585010943463,798713694.5,643903.8,1938960598.3,34.7277913710517,15377892944.4,12379938357.4,7586362717.99566,7446524029.01594,1443.57600237663,1672.32657340872,1439.27644950379,1610,26915758
CMR,2022,Cameroon,18.8376323927126,18.7109739594036,20.5830912121116,1646422319.2,11144971.5,1811154290.7,34.9721858052416,15122663059.8,11866079166.3,8799233662.40671,8641339875.11856,1458.66180431693,1604.87726954895,1464.71394821453,1660,27632771
CMR,2023,Cameroon,17.4837952315602,16.423360819388,20.1497415591014,1406720592.1,90830064.6,1725898656.7,31.8816357267696,15402026302.1,12128199148.6,8565363737.48391,8352606535.49748,1468.17837007337,1720.47510154506,1456.98031961203,1680,28372687
CMR,2024,Cameroon,17.2730577240877,15.8359951449378,,1397091700,126781309.5,1675980009.5,31.2876251648885,15770789430.1,12516539290.7,8822253904.55868,8593402155.30528,1480.73097431993,1830.00833684727,1484.23683389821,1690,29123744
COD,2010,"Congo, Dem. Rep.",3.0542060966034,2.38944183380446,3.07919824449231,213013960.6,59262404.5,274504365.1,27.5092637679337,5682022045.6,4137151070.8,8914800000,8866500000,403.722373878525,352.400398754692,458.495741307017,320,68563038
COD,2011,"Congo, Dem. Rep.",2.44067188928519,2.43237055629792,2.463755765996,252468852,861640.1,255726492.1,20.9235493035013,5135330445.3,3653005094.4,10379539061.0327,10211300000,389.119308449762,372.514273875789,416.459712733364,320,70849311
COD,2012,"Congo, Dem. Rep.",2.49055668981859,2.48796262090014,2.51819411348617,225143797.4,234745.7,227879543.1,19.0449274180321,5277359181.5,3759109166.9,9049323953.20889,9031062349.92914,408.966232816288,409.931424783784,406.277222105029,370,73254618
COD,2013,"Congo, Dem. Rep.",2.84424683578332,2.83587393599362,2.88284852546008,341832741.9,1009259,347495000.9,21.0539723864783,6288532451.7,4584438953.2,12053876498.5768,11909060432.7446,464.526715460494,460.370334930107,449.170995448885,420,75789395
COD,2014,"Congo, Dem. Rep.",2.80774539059937,2.80470502939765,2.81898866548479,357470785.7,387506.1,359291291.8,17.1527389128536,5637945726.3,4267582224.1,12745396822.5946,12635997429.5669,481.830241883776,489.175952097319,459.00713780576,450,78403242
COD,2015,"Congo, Dem. Rep.",3.24294658912803,2.87716428417707,3.25710608430542,304998415.3,38775340,345274755.3,15.6120482697762,5484009515.5,4221226906.8,10600660413.3568,10458122394.6932,495.826633014883,495.826633014883,461.385831550313,460,81035531
COD,2016,"Congo, Dem. Rep.",3.57637979037822,2.92031840941562,3.59493327498272,351316791.9,78924742.9,432473534.8,14.3576500658631,5218340595.9,4014204587.2,12030085170.4147,12013350564.3677,480.461377880475,459.765036590388,456.324970871802,460,83956415
COD,2017,"Congo, Dem. Rep.",2.92745354541671,2.13693922610547,2.95476624265172,249350155.9,92241682.1,344778838,14.3225235261773,5291550589.1,4211888900,11668565621.9824,11656298361.482,482.854682128541,431.052559128788,475.510476718202,440,87083398
COD,2018,"Congo, Dem. Rep.",1.99408035211527,1.40917549262196,2.01509020345538,227642811.2,94487441.2,325524252.4,14.4031639309706,6605921744.5,5545445841.8,16154326582.592,16081644519.2321,495.312105711027,518.169626875371,472.177796814314,460,90047644
COD,2019,"Congo, Dem. Rep.",2.23882754501532,1.71325341678475,2.27805735573549,261203622.9,80129340.5,347313963.4,14.7368783009022,7215429285.1,5749110618.2,15246058775.718,15173187659.7912,482.524295129472,504.00419142286,437.541249665479,460,92947442
COD,2020,"Congo, Dem. Rep.",1.91903069527775,1.56155582722053,1.93016671817991,220574916,50494505.3,272642421.3,17.8637697107175,8476182135.2,6706821845.9,14125330145.4236,13932327296.8958,470.852950000929,486.425572682256,427.004891803558,480,95989998
COD,2021,"Congo, Dem. Rep.",1.41794574386735,1.38146497393491,1.42666404520974,310890180.6,8209772.5,321061953.1,19.6554775760053,10483933522.9,6872286251.1,22504383858.1352,22353948161.9829,485.160805929784,595.743074403567,517.46249796882,530,99148932
COD,2022,"Congo, Dem. Rep.",3.05748610220566,2.96384611829901,3.09413337623899,854524624.6,26997917.2,892088541.8,17.1525866553824,10683388144.1,6535690567,28831612387.8396,28753186425.2046,513.512704372167,687.738587554685,513.362229651206,610,102396968
COD,2023,"Congo, Dem. Rep.",1.58540061276332,1.32574931589253,1.6307320697536,399174295.6,78179277.4,491002573,18.4990385916912,12008049639.2,7436640546.7,30109334458.2466,29650277021.9361,539.45912637913,660.21205238997,494.049155968302,680,105789731
COD,2024,"Congo, Dem. Rep.",1.30279762946505,1.08315399435255,1.32142230470742,386162036.6,78306532.5,471108569.1,18.2538680171709,12484889882.1,7924885121.5,35651628356.9473,35249166331.073,554.117609962628,692.887665085098,480.991800438944,680,109276265
COG,2010,"Congo, Rep.",1.31911773171755,1.31472663023321,1.33251348525807,118951776.1,397291.2,120561067.3,22.8800991079336,2796299602.2,2449649456,9047643317.2195,9010344986.56165,2332.28508055953,2946.55798067708,2826.63659214902,2640,4462290
COG,2011,"Congo, Rep.",1.11831322171196,1.11715427792983,1.13269574996997,129560902.1,134407.4,131363309.5,22.6536828087203,3191826925.7,2888084768.5,11597404643.1694,11524199124.6443,2307.49384399715,3396.16505817952,2850.52467090676,2580,4609724
COG,2012,"Congo, Rep.",1.63290673578347,1.6081936431751,1.65128347470546,166448700.3,2557815.2,170908515.5,21.4224702620134,3585365797.8,3239268774.6,10350040929.8582,10276403610.7842,2467.06102906839,3732.32737320389,3267.41617778687,3330,4740450
COG,2013,"Congo, Rep.",4.53128477076448,4.47991220045785,4.55197787871072,430388005.4,4935395.4,437311400.8,23.9415104340459,4201103943.7,3822962932.6,9607063400.84108,9506330382.23306,2390.65754938662,3697.41705884249,3123.49569040793,3560,4857099
COG,2014,"Congo, Rep.",5.07760262859903,5.0212501146177,5.09709028588407,480284011.4,5390134.1,487538145.5,31.4818385866081,5724086140.7,5379288870.2,9565028637.02832,9521187262.55097,2488.68118548992,3601.2365808718,3119.918350398,3800,4975880
COG,2015,"Congo, Rep.",7.98315974617404,7.87673938727771,8.09368231765128,404803101.5,5469178.2,415952279.7,54.7879329617986,6776694503.4,6204868992.5,5139221721.03125,5080489797.90036,2439.35189403696,2439.35189403696,2426.43608940275,3080,5097581
COG,2016,"Congo, Rep.",7.7763770250382,7.69420804917218,7.82824894809077,354955798.4,3790689.6,361139488,63.2452493790411,6666379338.7,6362313295.6,4613285683.61483,4599521048.59845,2174.19310251224,2093.10728558843,1891.87500567771,2260,5222536
COG,2017,"Congo, Rep.",,,,406104143.4,2405991.3,414736134.7,71.3077717450485,7327526314.8,6930481772.3,,,2003.27121075187,2211.63309874797,1674.96484315014,1740,5351011
COG,2018,"Congo, Rep.",,,,467270289.1,2502125.2,476354414.3,50.4895160168294,7043574267.9,6653188966.1,,,1909.9560382117,2694.43413191427,1957.06485069265,2070,5483118
COG,2019,"Congo, Rep.",6.32027777931912,6.28328664134792,6.37938937317886,497781051.4,2930550.3,505394601.7,66.812566750599,8397253562.3,8006354765,7922303721.1814,7854704718.75779,1885.51080877731,2488.42466724916,1723.31593236377,2180,5616661
COG,2020,"Congo, Rep.",13.5718753617094,13.5357792475496,13.6490649444663,635748633.5,1695362.7,641069437.4,72.1017777027496,8223877439.2,7771817877.4,4696801136.2559,4669939816.00344,1725.51040049963,1993.586671931,1377.04490643235,2230,5752791
COG,2021,"Congo, Rep.",6.31472947553484,6.30143564162052,6.37452308103295,492265353.1,1038508.4,497974911.4,61.8650496171088,8150736304,7477708473.3,7811955578.00548,7751533311.91894,1701.79060456872,2516.16255145432,1486.29173536446,2040,5892183
COG,2022,"Congo, Rep.",,,13.6272413104511,1316469192,4139216.7,1326611805.3,51.9845941753511,7329997141.4,6599100461.2,,,1686.00234391385,2620.83804267402,1773.87363394495,2170,6035104
COG,2023,"Congo, Rep.",,,13.2898755561662,1043866336.6,11985096.8,1062035951.7,47.2286650692878,6870144773.2,5955892311.8,,,1677.08549205924,2477.97845544866,1546.37539009491,2310,6182885
COG,2024,"Congo, Rep.",,,13.5644191652699,1045512956.9,12005187.3,1088175957.1,44.8962409480798,6728317971.4,5334336291,,,1671.7266018229,2482.2489948456,1497.52593242528,2270,6332961
COL,2010,Colombia,9.12400746391075,9.11653596877242,20.0822519158373,4439643161.5,3638528.1,9779814689.6,23.2994559987977,64432098617.3,37057569573.3,48698794988.6607,46785451788.7049,5214.24547620131,6398.2958447102,5100.50024002478,5690,44777319
COL,2011,Colombia,6.54458847233013,6.54275018688366,15.1355500875558,4432212513.6,1245297.7,10253176811.3,23.7443318388225,76162726605.4,41592552980.3,67742346673.8088,64787888896.9772,5517.1011086899,7400.9940695669,5471.1007297045,6370,45259614
COL,2012,Colombia,6.91945619448241,6.91899146123572,21.0684942260461,5051075623,339269.5,15380645892.5,22.2297739762115,79252462685.4,46187067908.4,73003061953.4525,69151698475.5685,5675.75617978305,8108.59838244229,5691.39223817868,7340,45715810
COL,2013,Colombia,5.93348310893141,5.93146877042797,13.9153892415626,4295164373.2,1458646.3,10076574019.5,25.1172990915029,92652963348.3,53607599544,72413166779.4332,68566793472.9736,5910.80592301166,8279.10255642981,5958.88024768457,8010,46151584
COL,2014,Colombia,7.63939505718292,7.63859214196133,21.6439488946711,5334679628.4,560744.1,15115813372.5,28.2553484044421,104660028439.7,61673009366.8,69838519052.4158,65426481787.5926,6121.83982019825,8187.20824890084,6152.01427928197,8280,46565429
COL,2015,Colombia,9.42291253988012,9.42190931750443,27.5983642105443,4861830625.2,517676.1,14241123301.3,39.1551312422504,113419683932.3,69156023174.8,51601331124.7592,47006535261.7516,6248.51490534512,6248.51490534512,6167.08228788111,7420,46969940
COL,2016,Colombia,12.2438728386602,12.2420567892223,33.1505406754278,5847152059.8,867396.5,15833634456.3,43.2364464218603,120886231723.7,73408521666,47762824176.3078,42768836036.9738,6316.07067782542,5959.84250367574,6210.64286034496,6560,47437512
COL,2017,Colombia,18.6974904730278,18.6964926969336,40.907772512707,10264048901.7,547761.7,22457654723.6,41.1813299968956,126232114685.3,74653816848,54898258556.1804,49321637421.5281,6309.67745292518,6479.53231292429,6255.60769062853,6030,48131078
COL,2018,Colombia,17.2395071985693,17.2378571674985,40.7847562687225,10325689442.7,988389,24430572961.3,40.935302359277,133418271143.3,75060278739.7,59901235648.7603,53724018798.5033,6353.5464285392,6816.96818309544,6322.85730682974,6350,49024465
COL,2019,Colombia,14.5394922503166,14.5221089769948,32.9649350870865,8466555406.5,10134646.9,19218933684.4,44.0144816213322,139077632215,75262543282.2,58301142209.5253,51324020019.4864,6439.96359812647,6472.54544924705,6416.13278066294,6630,49907985
COL,2020,Colombia,16.5481914257311,16.5406505483102,50.7683360157448,7073815987,3224950.5,21711713568.5,58.195276425352,155866446816.4,85692389734,42766250132.3001,38223632456.199,5891.95523215403,5339.68711357943,5840.28242200889,5850,50629997
COL,2021,Colombia,23.5698470244871,23.4753023524475,44.6185424127,13344702920.6,53744592.6,25363728411.6,54.5702530730857,172248574075,94071805528.4,56845712656.8541,50913440354.1857,6457.16921807086,6222.62164397614,6505.53753865549,6310,51188173
COL,2022,Colombia,11.1192847919612,10.9505618639523,33.8039730673688,8810513523.7,135749713.8,27209670628.4,55.2901604295775,184496121410.2,97743191839.5,80457182317.7672,73482313048.5396,6856.72590505374,6680.44506854481,6916.7529230234,6560,51737944
COL,2023,Colombia,17.9863914901062,17.5135506344093,36.7182409709799,13594679045.1,367036919.4,28509126964.5,54.9698144239845,196165876816.2,103537595697.5,77623774464.0437,68660767928.1685,6837.37392084534,7012.49169137756,6991.52826951757,6760,52321152
COL,2024,Colombia,22.5270712259001,18.9174539561226,42.9975933296769,14871414482.9,2837597208.8,33835565130.1,49.2038699846531,201763641280.4,106624758600.1,78612135213.2955,69127800893.299,6865.31283944628,7951.08624019412,7096.47320832287,7090,52886363
COM,2010,Comoros,4.73668498079374,4.68883015732189,4.73668498079374,4255323.8,43430.4,4298754.2,30.6874148030273,278373937.8,248519996.8,90754487.9473839,87518227.2825856,1272.60716208007,1386.57533553376,1210.17102858242,1450,654836
COM,2011,Comoros,3.80520271470164,3.79135510159515,3.80520271470164,3926713.9,14342,3941055.9,26.97110481785,275725988.2,243307922.6,103570195.742095,99773459.6477731,1299.11093449408,1531.43969320468,1242.41201738445,1490,668056
COM,2012,Comoros,13.2292330686291,8.35252286064909,13.2292330686291,7793000.9,4550027.3,12343028.2,24.8800044138285,252320769.6,220195412.3,93301162.1759799,89541536.6026728,1313.58187559666,1490.31425650871,1265.61447044299,1510,681630
COM,2013,Comoros,,,0.540012364021734,572636.3,16799,589435.3,12.7701549227381,142571305,108112704.9,,,1343.54683280656,1603.32653496691,1303.93683626307,1590,696192
COM,2014,Comoros,0.591865638475952,0.587267176739157,0.591865638475954,776282.1,6078.5,782360.6,11.8528849726538,136793606.4,104286667.4,132185507.848466,125150792.574374,1342.3295858321,1615.71709756316,1325.69800103735,1590,711503
COM,2015,Comoros,7.19858598301199,6.84312372090985,7.198585983012,7056976,366570.7,7423546.7,12.9348443972103,125602671.9,94926719.6,103125068.138644,96999110.2298806,1329.37048235986,1329.37048235986,1336.26707316706,1480,726682
COM,2016,Comoros,5.50330298674022,3.91853234204503,5.50330298674021,4536950.3,1834877.2,6371827.5,17.1852272690132,175006571.8,146923707.1,115781877.090039,108100309.786435,1345.6261652831,1365.48403444497,1372.7135842217,1410,741741
COM,2017,Comoros,2.94478722866575,1.44164593546915,2.94478722866575,1960427.8,2044052.5,4004480.3,16.7806633037462,181646215,154492490.6,135985386.686643,128196398.060158,1369.41180275963,1423.9248027797,1402.45975580634,1380,756669
COM,2018,Comoros,4.7895519384001,2.77098435890631,4.78955193840012,4383387,3193147.9,7576534.9,22.3630009719664,267255184.8,243703047.8,158188803.40884,149388996.312483,1391.84570443267,1540.71132257526,1422.76881823021,1490,771590
COM,2019,Comoros,6.05689709139566,3.47041226890932,6.05689709139567,5242748.7,3907400.3,9150149,22.5484369313434,270730976.4,238093159.5,151069910.251547,142209626.490449,1389.36488014859,1519.26386436068,1435.40647940581,1530,786578
COM,2020,Comoros,13.9191208828341,10.0645595591345,13.9191208828341,7867710.9,3013204.3,10880915.2,24.7631357533658,304821396,261383109.6,78172431.2303301,68937270.2280274,1359.7070891825,1527.16991011916,1387.55687996406,1530,802163
COM,2021,Comoros,2.54156016580105,1.13367751551575,2.54156016580105,1589896.3,1974448.1,3564344.4,26.9274940136758,351494067.2,287148335.6,140242377.416888,128331244.141315,1360.32663361462,1587.72988658008,1381.76852997342,1590,818174
COM,2022,Comoros,2.72555793496297,0.936401039525271,2.72555793496297,1664171.7,3179689.2,4843860.9,28.1538537874079,362101264.8,303190627.5,177719975.710801,166031854.320468,1366.9513495529,1533.87755393614,1364.68405275467,1630,834188
COM,2023,Comoros,11.5431570183404,6.37836179900523,11.5431570183404,10432028.1,8447198.6,18879226.7,26.5476534847055,381730460.2,320503436.8,163553408.049493,148454542.947265,1383.64201759575,1723.89474946474,1400.11726092906,1670,850387
COM,2024,Comoros,,,17.3446983217314,16161053.6,8483152.3,24644205.9,24.8117198831103,385570286.6,323974704,,,1402.52614298112,1857.87060684189,1438.51760261785,1730,866628
CPV,2010,Cabo Verde,5.44156360986304,5.08359498930592,5.44156360986304,32713446.8,2303564.2,35017011,50.5191117434846,884895435.6,862209748,643510092.145764,629610621.57886,3194.61667734233,3579.46006137809,3052.11811025049,3600,509784
CPV,2011,Cabo Verde,4.74452231715688,4.40056217852289,4.74452231715688,35056595.7,2740120.7,37796716.4,52.7704943299126,1041521701,1021559078,796639026.511091,782349340.481785,3309.20121643898,4002.01386888785,3139.56518873934,3760,511447
CPV,2012,Cabo Verde,4.54807155130353,4.23386873909607,6.5442067890223,33183561.5,2462610.2,51291171.7,87.4461943700545,1607699439.1,1231357119.6,783764531.799932,771205731.244679,3341.7421054836,3736.81517011087,3145.00036968438,3730,511955
CPV,2013,Cabo Verde,4.55462178038218,4.33284747335138,5.76624149750659,37051751.5,1896472.6,49309224.1,100.211107068706,1968454491.1,1477320513.9,855136298.424582,841273647.317022,3361.09387702205,3960.97596791345,3214.30662165609,3840,512225
CPV,2014,Cabo Verde,4.75851969304856,4.63314872152657,5.6307820131634,42062925.2,1138204.3,51120129.5,95.0517280164041,1852837788.6,1537460942.8,907869091.371209,893905109.430354,3383.8422809791,3985.60706548134,3200.04733085962,3750,512326
CPV,2015,Cabo Verde,6.22653397691234,6.17367905619072,7.49296058890059,41509611.9,355377.6,50379989.5,108.898740758427,1841259211.7,1537853448,672364266.464026,659985468.236971,3415.06266730931,3415.06266730931,3299.80319815596,3620,512394
CPV,2016,Cabo Verde,5.9071896888854,5.90568692757061,6.67786077186291,43702343.7,11120.5,49416464.2,102.626920378854,1837379413.6,1539766235.7,740004409.918452,715420297.093903,3560.1400729534,3608.96605234906,3520.83994318584,3580,512554
CPV,2017,Cabo Verde,6.14104160448345,6.14020180574991,6.90747891585965,50695857.9,6933.7,57030791.6,109.265288203302,2115033204,1777335317.2,825638301.538014,795488589.593232,3719.71306047915,3893.09571382506,3660.12383998604,3620,512893
CPV,2018,Cabo Verde,5.59646056348149,5.59518408473669,6.84987228577439,55862038.3,12744.3,68388782.6,96.8787144558663,2090969867.7,1755207699.8,998395002.809436,963649656.108373,3853.67940035241,4294.96510035729,3918.37334925557,4040,513415
CPV,2019,Cabo Verde,5.84145475635436,5.82935950103989,6.75225538273916,60597648,125733.2,70191381.2,97.4432945234761,2153271383.5,1815130942.7,1039524976.78673,1005347980.00212,4115.90283469406,4380.78117331128,4222.11347022865,4420,514104
CPV,2020,Cabo Verde,13.2094933840885,13.2004873258061,14.1899320674715,59214048,40398.9,63652446.9,136.237789037921,2429314534.4,2031774350.2,448574711.967189,423252088.524899,3255.93628984058,3539.22661248299,3352.70506883043,3510,514679
CPV,2021,Cabo Verde,11.1997781068167,11.1948014839812,12.2628095355235,54476948.2,24217.6,59674165.8,121.406606891511,2456644490,1993635466.1,486627192.790794,465347716.039365,3471.6553421786,3971.44409203423,3592.72036464766,3870,516649
CPV,2022,Cabo Verde,9.88425253761426,9.82022818228109,11.965140367442,86211244,562066.3,105041310.3,108.275748298134,2402574451.3,1918115530.5,877894509.167856,851907275.043844,3997.76763250653,4323.31362032709,4083.80184659331,4550,519741
CPV,2023,Cabo Verde,12.5714291938809,12.4101844659022,15.1657922859099,125160767.8,1626205.8,152951973.6,98.1389351510193,2462649634.6,1940122361.1,1008532694.60972,969602185.169336,4168.67748407593,4794.90119772843,4219.63599918043,4740,522331
CPV,2024,Cabo Verde,10.795241327791,10.6558740361447,12.623937653653,128707507.3,1683354.8,152478862.1,86.8866144784781,2359581722.2,1845162809,1207854999.63142,1157988801.29502,4438.38741931171,5170.20531932535,4599.30449926336,4940,524877
CRI,2010,Costa Rica,,,,,,,,,,12785671893.2932,12514007854.8623,10285.0856777667,8265.78820580299,9750.31198498087,7290,4555962
CRI,2011,Costa Rica,,,,,,,,,,14378962228.6072,14083611738.385,10612.4694960426,9276.39109377477,9989.37875139466,8130,4609833
CRI,2012,Costa Rica,,,,,,,,,,15434698895.2253,15131186661.0081,11001.5193084396,10126.9991155066,10423.9764865018,9330,4663934
CRI,2013,Costa Rica,,,,,,,,,,16061176864.7872,15815497861.2498,11151.1437937744,10803.2401795009,10511.3958875269,9990,4716147
CRI,2014,Costa Rica,,,,,,,,,,16906272222.578,16561684792.9675,11422.6735972442,10911.4978703456,10764.3122026602,10410,4767119
CRI,2015,Costa Rica,,,,,,,,,,17464504666.7111,17145996657.9747,11714.7106121672,11714.7106121672,11213.4660651294,10770,4818038
CRI,2016,Costa Rica,,,,,,,,,,19009158600.1027,18637388402.945,12084.4351419988,12091.0301560892,11676.9830733918,11170,4866998
CRI,2017,Costa Rica,,,,,,,,,,19792601955.2307,19408369539.6998,12468.5654849336,12317.0902779911,11882.1669710143,11580,4913177
CRI,2018,Costa Rica,,,,,,,,,,22026859927.2891,21481080533.9011,12708.8042828359,12620.0207321581,12032.0830048516,12100,4957818
CRI,2019,Costa Rica,,,,,,,,,,23329420938.5805,22760120096.7526,12944.013449341,12951.8588421841,12211.0070238488,12310,4999553
CRI,2020,Costa Rica,,,,,,,,,,20347648263.7673,19999091521.2917,12322.2359458534,12475.6852076814,11670.1793301692,11780,5034320
CRI,2021,Costa Rica,,,,,,,,,,23765230361.6172,23493238245.5839,13267.2549508035,12962.2716075659,12347.903072472,12750,5059988
CRI,2022,Costa Rica,,,,,,,,,,30319020447.4402,29896271007.851,13931.8461614764,13971.7649991294,12751.3242875349,13490,5081765
CRI,2023,Costa Rica,,,,,,,,,,35467419533.4981,34443178888.0335,14531.5005137466,17140.771430122,13231.6667719589,14330,5105525
CRI,2024,Costa Rica,,,,,,,,,,38932800061.0985,37708210100.6068,15052.9149924743,18853.2828705886,13692.1997776954,15710,5129910
CUB,2010,Cuba,,,,,,,,,,,,6716.49048497058,5272.26755824835,6551.77527383207,5170,11297409
CUB,2011,Cuba,,,,,,,,,,,,6902.16397571139,6104.46105236166,6589.41970358829,5590,11301571
CUB,2012,Cuba,,,,,,,,,,,,7109.24834185635,6470.83673392653,6914.69810616108,6090,11303175
CUB,2013,Cuba,,,,,,,,,,,,7307.82004410741,6828.36428245396,7094.70707982261,6640,11298167
CUB,2014,Cuba,,,,,,,,,,,,7392.48324633027,7146.70459051328,7290.11391379929,6850,11285775
CUB,2015,Cuba,,,,,,,,,,,,7727.91997207998,7727.91997207998,7628.67442449334,7270,11275065
CUB,2016,Cuba,,,,,,,,,,,,7774.0698462623,8110.55874283616,7900.61313963905,7530,11265612
CUB,2017,Cuba,,,,,,,,,,,,7927.27769431767,8610.60829605429,8051.86736170003,8010,11247829
CUB,2018,Cuba,,,,,,,,,,,,8120.43123558256,8911.46205998726,8178.63380468989,8710,11227118
CUB,2019,Cuba,,,,,,,,,,,,8124.75282059108,9232.26115935183,8184.35085414014,9010,11202846
CUB,2020,Cuba,,,,,,,,,,,,7252.28811179844,9605.27914559614,,,11176354
CUB,2021,Cuba,,,,,,,,,,,,7379.04275283674,,,,11122168
CUB,2022,Cuba,,,,,,,,,,,,7552.33152218842,,,,11059820
CUB,2023,Cuba,,,,,,,,,,,,7433.42885399674,,,,11019931
CUB,2024,Cuba,,,,,,,,,,,,7381.39774048869,,,,10979783
CUW,2010,Curacao,,,,,,,,,,,,20706.4374577658,19847.2310127979,,19540,148703
CUW,2011,Curacao,,,,,,,,,,2219608938.54749,2102413407.82123,20518.0986087103,19426.326382752,,19420,150831
CUW,2012,Curacao,,,,,,,,,,2448042458.10055,2343422346.36871,20277.5111916571,19809.8223198624,,19330,152088
CUW,2013,Curacao,,,,,,,,,,2271424581.00559,2163418994.41341,19921.4770634064,19721.2921646576,,19020,153822
CUW,2014,Curacao,,,,,,,,,,2408731843.57542,2275212290.50279,19529.5286704975,19623.029993395,,18980,155909
CUW,2015,Curacao,,,,,,,,,,2120368715.0838,1964435754.18994,19361.8130008678,19361.8130008678,19082.0944027283,18780,157980
CUW,2016,Curacao,,,,,,,,,,1926184357.5419,1784156424.58101,18953.0537415003,18944.0961493998,,18260,159664
CUW,2017,Curacao,,,,,,,,,,1951212210.55307,1766117904,18651.4798142441,18938.2440469703,,18230,160175
CUW,2018,Curacao,,,,,,,,,,2106105333.39665,1934706439.12291,18355.1767135889,19119.1243941688,,18820,159336
CUW,2019,Curacao,,,,,,,,,,1964994504.69833,1774962069.82682,17980.5298177114,19220.6866958303,,19140,157441
CUW,2020,Curacao,,,,,,,,,,1179778091.68156,1014456906.79888,14849.9698474917,16299.8134688605,,16190,155482
CUW,2021,Curacao,,,,,,,,,,1536790400.70391,1363146683.27374,15625.4113227953,17795.5826483092,,17950,153948
CUW,2022,Curacao,,,,,,,,,,2247926155.70392,2046375478.84358,16772.8146989153,20057.1404960105,,20480,153321
CUW,2023,Curacao,,,,,,,,,,2268842104.81005,2106627839.40782,17326.9645481336,21217.8109173312,,21400,154654
CUW,2024,Curacao,,,,,,,,,,,,18044.7750692923,22832.895498987,,22570,155967
CYM,2010,Cayman Islands,,,,,,,,,,,,79483.0972813604,76837.6699636672,,73550,54099
CYM,2011,Cayman Islands,,,,,,,,,,,,78233.0187551876,75280.960764889,,73950,55606
CYM,2012,Cayman Islands,,,,,,,,,,,,77074.3890872511,75101.59136128,,51150,57136
CYM,2013,Cayman Islands,,,,,,,,,,,,76038.879554035,75113.7332398618,,44990,58655
CYM,2014,Cayman Islands,,,,,,,,,,,,76104.6215727416,75845.3060407986,,43420,60160
CYM,2015,Cayman Islands,,,,,,,,,,,,76379.2095108681,76379.2095108681,45310.1114828131,44430,61642
CYM,2016,Cayman Islands,,,,,,,,,,5858607315.55554,3711005679.71958,77031.8643873625,77802.2541567187,,47830,63100
CYM,2017,Cayman Islands,,,,,,,,,,6406715731.30468,3824145798.5761,77717.1752058822,80053.9444506891,,51890,64535
CYM,2018,Cayman Islands,,,,,,,,,,8218446811.52445,3959020399.24586,79305.769672996,83865.5531568184,,57880,65941
CYM,2019,Cayman Islands,,,,,,,,,,8517734446.14358,4205016947.31745,80714.5718222987,88254.2903677044,,64520,67327
CYM,2020,Cayman Islands,,,,,,,,,,6135955599.97266,3431136626.91499,75199.6446006284,82338.7977439023,,62420,68684
CYM,2021,Cayman Islands,,,,,,,,,,6776308369.27918,3542324532.41861,77259.6331096058,86449.6749037302,,76260,70108
CYM,2022,Cayman Islands,,,,,,,,,,9155882448.93724,4215244621.66621,79942.1196290248,92937.8838323153,,73960,71591
CYM,2023,Cayman Islands,,,,,,,,,,11366715372.0926,4711872554.2799,82906.5454943954,100065.233841107,,73970,73038
CYM,2024,Cayman Islands,,,,,,,,,,11198752459.3653,5035336794.71703,84381.4731440521,104292.900672109,,81920,74457
CYP,2010,Cyprus,,,,,,,,,,29986984843.6377,12962155592.5719,26090.037109375,31105.02734375,25585.763671875,32210,1127816
CYP,2011,Cyprus,,,,,,,,,,37424543660.1459,14790458811.8507,25538.76953125,32485.8046875,25906.943359375,32680,1146493
CYP,2012,Cyprus,,,,,,,,,,32612412179.3832,13814996423.2471,24285.484375,28991.9296875,23876.53125,29760,1165397
CYP,2013,Cyprus,,,,,,,,,,35194813493.2603,14691410144.4086,22711.708984375,27764.7265625,22187.65234375,27820,1183895
CYP,2014,Cyprus,,,,,,,,,,36649800934.8554,15294626500.6026,22373.56640625,26993.095703125,21537.1328125,26350,1201801
CYP,2015,Cyprus,,,,,,,,,,45332512267.553,13934223831.1001,23088.4296875,23088.4296875,22932.595703125,25650,1219502
CYP,2016,Cyprus,,,,,,,,,,29699489547.7083,14836047959.1517,24477.974609375,24280.044921875,23746.03515625,24400,1237112
CYP,2017,Cyprus,,,,,,,,,,49038234186.7855,17034261087.917,25665.990234375,26247.46484375,25075.095703125,24600,1254275
CYP,2018,Cyprus,,,,,,,,,,62683488790.6502,19172154127.091,26962.392578125,29120.38671875,26117.853515625,27120,1270737
CYP,2019,Cyprus,,,,,,,,,,60016504656.9694,19835078554.2788,28167.146484375,29227.16796875,26821.58203125,28380,1286671
CYP,2020,Cyprus,,,,,,,,,,59377943862.9929,20379237649.518,26895.671875,28130.330078125,24949.46484375,26780,1302247
CYP,2021,Cyprus,,,,,,,,,,77126199278.3894,27489845268.5559,29517.05859375,32937.8359375,26921.916015625,29560,1317309
CYP,2022,Cyprus,,,,,,,,,,56975812029.3318,32562719909.0653,31505.2109375,33231.05078125,28153.333984375,31900,1331370
CYP,2023,Cyprus,,,,,,,,,,67850261214.851,33803257781.2491,32022.01953125,36623.70703125,28760.244140625,32380,1344976
CYP,2024,Cyprus,,,,,,,,,,72945116335.7633,36490969570.4655,32757.541015625,38674.3125,29467.68359375,32870,1358282
CZE,2010,Czechia,,,,,,,,,,143111241246.008,137029742232.405,16665.9317825137,20160.4355077059,15248.4875562871,19420,10474410
CZE,2011,Czechia,,,,,,,,,,169946796199.716,162821394258.699,16926.2846674435,22049.1080788682,15291.2846911615,19600,10496088
CZE,2012,Czechia,,,,,,,,,,166182329014.125,158360841980.789,16772.3539223328,20014.0354015165,15392.2262037482,19650,10510785
CZE,2013,Czechia,,,,,,,,,,167870114505.165,160978376418.306,16759.7808635642,20260.4954999375,15520.3920544038,19600,10514272
CZE,2014,Czechia,,,,,,,,,,179118652143.72,171700823301.942,17118.0425571578,20038.4163180257,15958.7090623679,19080,10525347
CZE,2015,Czechia,,,,,,,,,,158794335979.085,151446071130.768,17931.5987670768,17931.5987670768,16614.8800379158,18340,10546059
CZE,2016,Czechia,,,,,,,,,,163593811278.487,155290037003.497,18359.0978103904,18753.9686718096,17075.5632584001,17660,10566332
CZE,2017,Czechia,,,,,,,,,,185162659306.917,173701632809.63,19257.6930680911,20913.197632212,17941.7267325208,18350,10594438
CZE,2018,Czechia,,,,,,,,,,203986757348.223,192240473792.599,19736.6295261285,23705.9329811299,18469.3215064905,20700,10629928
CZE,2019,Czechia,,,,,,,,,,200069764954.694,187087553504.751,20360.0599221814,24062.7190013343,18986.1596963539,22440,10671870
CZE,2020,Czechia,,,,,,,,,,180587033281.965,170937706454.149,19233.1469549829,23472.8915454417,18305.9195863228,22190,10697858
CZE,2021,Czechia,,,,,,,,,,217706617974.536,205162590689.216,20373.8783043424,27696.4619527544,19839.5800780073,25500,10505772
CZE,2022,Czechia,,,,,,,,,,233633490751.17,219418604313.241,20627.348651011,28282.2236715857,19353.9231877804,27210,10672118
CZE,2023,Czechia,,,,,,,,,,252719148261.033,236102694988.299,20272.5874017334,31761.5944102491,19410.6931538294,28540,10864042
CZE,2024,Czechia,,,,,,,,,,259678287350.42,240547550922.479,20449.1135911311,31827.7552539413,19821.3583428289,29570,10905028
DEU,2010,Germany,,,,,,,,,,1640957787633.04,1373461736870.99,38526.7371042695,42396.9665976293,39088.9770071711,45530,81776930
DEU,2011,Germany,,,,,,,,,,1904740288380.7,1597312984086.1,40722.4849268242,47630.9761883572,41170.5790963308,48200,80274983
DEU,2012,Germany,,,,,,,,,,1803653396930.55,1539773058204.68,40834.5088218456,44718.0159214069,41214.5158188061,47480,80425823
DEU,2013,Germany,,,,,,,,,,1846722502973.61,1591588247055.38,40884.8926759028,47206.8353514242,41327.6695469477,48160,80645605
DEU,2014,Germany,,,,,,,,,,1908992024278.79,1657762420409.12,41602.4661281668,48959.5991203133,42099.4327694735,48610,80982500
DEU,2015,Germany,,,,,,,,,,1675384754810.98,1463152110983.16,41929.7549110722,41929.7549110722,42756.7016100841,46590,81686611
DEU,2016,Germany,,,,,,,,,,1716668818594.17,1476498781082.21,42516.9337063103,42948.9381932694,43956.7909101531,45340,82348669
DEU,2017,Germany,,,,,,,,,,1838020579573.43,1598323254009.82,43543.4807050551,45553.9341495339,44734.3289546256,44730,82657002
DEU,2018,Germany,,,,,,,,,,2034547917341.72,1732828240441.1,43905.8550061973,48916.1686612154,45560.8952352189,48770,82905782
DEU,2019,Germany,,,,,,,,,,1962006743988.86,1680667635419.76,44235.2658954682,47656.199739747,45889.2874374258,50350,83092962
DEU,2020,Germany,,,,,,,,,,1762717287559.59,1547006070698.21,42372.8726784255,47394.8734504469,43708.0880425937,48540,83160871
DEU,2021,Germany,,,,,,,,,,2149273975778.93,1855439008475.25,44011.0194631674,52349.2459994422,45376.0344839061,52850,83196078
DEU,2022,Germany,,,,,,,,,,2247584469874.13,1916188575680.34,44817.1316331389,50506.5179638543,45384.0370798535,55200,83177813
DEU,2023,Germany,,,,,,,,,,2424648778327.19,1972532147531.41,44368.9920074881,54776.7668235491,45751.4914124261,55420,83287273
DEU,2024,Germany,,,,,,,,,,2435059048501.42,1958882062457.09,44027.7631554469,56103.7323182554,45706.6962913925,55090,83516593
DJI,2010,Djibouti,7.50014968180379,6.74969008376177,7.87953647772039,30618399.9,3404285.5,35743685.4,67.0646568443457,768541095.7,611551056.3,453626752.043934,420873166.367509,,1213.23352553429,,,930251
DJI,2011,Djibouti,8.44492953048617,7.87406083221361,8.68421948523508,35933286.2,2605160,39630446.2,61.6657905187845,769520335.7,641216411.3,456350121.820156,419669031.79703,,1306.34552844977,,,948558
DJI,2012,Djibouti,8.10204430208163,7.8238936034897,8.37894445755218,39359616,1399291.1,42151907.1,58.090597298747,802385752.1,632579864,503069417.795308,457441720.449468,,1400.19357858954,,,966747
DJI,2013,Djibouti,1.23846171451163,1.23753673975681,1.27737966871977,40066245.1,29946.8,41356191.9,40.6920825984022,820599815.1,665055815.9,3237580252.19304,3197793170.19373,2140.13769442336,2075.94498424748,2118.93319824951,,984824
DJI,2014,Djibouti,1.03585166561381,0.996732823472389,1.06181589657575,35931814.2,1410218.4,38278032.6,42.9271673641205,943103980.6,813173439.3,3604959458.9272,3567079861.13065,2253.14082249768,2214.62084142432,2222.71101163286,,1002717
DJI,2015,Djibouti,1.24037633439777,1.19815100360587,1.24037633439777,42717631.8,1505458.1,44223089.9,51.2014218463801,1227496569.6,1174322941.3,3565296166.46316,3525582232.82561,2376.12554719873,2376.12554719873,2349.65903697858,2280,1020313
DJI,2016,Djibouti,2.12488922610048,2.05516444541889,2.1475631145837,56378167.6,1912720.6,58912888.2,67.4162737541098,1702240895.4,1602776809.9,2743243623.43223,2703006397.66825,2502.85181449431,2510.4300076241,2434.11038881177,2370,1037653
DJI,2017,Djibouti,1.55806717483127,1.4517417159178,1.7173350672911,60797673,4452817.2,71920490.2,86.0029214045977,2266964232.8,1944879880,4187912514.55934,4146589316.96311,2596.45134698268,2618.95521147369,2485.62280632227,2450,1054841
DJI,2018,Djibouti,1.42451773047149,1.28772145158692,1.58567108414747,59530407.5,6323990.5,73304398,83.7652176445944,2321379194.7,2045009716,4622925821.93438,4563067954.82807,2677.1650334451,2718.08338799203,2557.28204135263,2600,1071882
DJI,2019,Djibouti,1.32088993555534,1.22357479347386,1.52528322747519,63982370.8,5088739.6,79759110.4,85.2277738046756,2552579803.4,2145538062.8,5229134429.80852,5149672801.75106,2781.94350113484,2837.16902340932,2719.53828533313,2780,1088709
DJI,2020,Djibouti,1.58888845739607,1.42215339348246,1.88392135365331,53457364.7,6267409.1,70814773.8,95.2325058529055,2900369858.3,2353516908.8,3758902868.35358,3694847410.64178,2773.40661780097,2844.88810647853,2707.10694471232,2780,1105188
DJI,2021,Djibouti,1.00182287198613,0.929230735405683,1.17105098898137,48688652.2,3803590.6,61359242.8,96.2217659599007,3206547225.4,2406568216.5,5239673026.82294,5160239532.75077,2854.15987035097,3025.91126413549,2833.35656196947,2990,1121248
DJI,2022,Djibouti,0.905687221394471,0.877912443214063,1.3139889030219,51859620.4,1640698.3,77619318.7,87.3175079251638,3170133063.9,2409101288.5,5907151766.76849,5673805676.28076,2959.78673011268,3133.25779772463,2973.89172571566,3310,1137096
DJI,2023,Djibouti,0.831516251204372,0.793766469268888,1.63906330772357,48949192.6,2327915.6,101076108.2,85.2908177323727,3428806710.3,2836502659.1,6166699463.26726,5876573533.27421,3117.8155381531,3381.29779710722,3151.68216528463,3500,1152944
DJI,2024,Djibouti,2.02663574346894,1.98443361675416,2.52675252956975,109618322.4,2331207.4,139575529.8,83.8288747209446,3457016382.4,2827914989.5,5523909768.23387,5249603489.2202,3290.42482052598,3552.72335079222,3505.97394335491,3640,1168722
DMA,2010,Dominica,6.80848764125271,6.3208102797167,6.87818875412358,15234995.3,1175444.6,16578439.9,53.1717332646412,271398373.2,235618826.2,241029150.153243,233722575.866551,8574.27308682238,7549.61964680375,,7250,68859
DMA,2011,Dominica,7.14098432689577,5.9476109265001,7.15469106727551,14753235.7,2960200.2,17747435.9,53.7738778090247,280448697.4,247580583.5,248053140.703365,241146133.400454,8553.8384670104,7705.40717248319,,7510,69053
DMA,2012,Dominica,9.56907563393976,7.75006438574012,9.60089349731838,16806736.4,3944695.3,20820431.7,59.6636698005409,304777493.7,272668462.2,216859313.206789,209108794.751701,8532.34388117289,7528.51001990155,,7530,69118
DMA,2013,Dominica,8.47031368216644,7.28644228315873,9.59663494124529,16884715.8,2743359.7,22238075.5,92.9881017461312,488948659,280436286.3,231727846.64782,223753721.282423,8459.6586988024,7822.21797211398,,7440,69715
DMA,2014,Dominica,7.16012546885444,6.60375319242262,7.87580977705144,18740417.5,1578897.4,22350314.9,86.6732781205246,481925897.2,281789388.7,283784341.327344,272370900.306644,8576.26367623609,8131.74876096735,,7670,70373
DMA,2015,Dominica,8.59125038238079,7.82512264534384,12.0472718435126,21149889.1,2070704.5,32561593.6,88.4015382862575,496007934.8,285163451.7,270281886.413432,260299921.94684,8282.59874702141,8282.59874702141,7968.82808102805,7510,70410
DMA,2016,Dominica,9.81951786580136,9.24795383452682,11.5050998493163,25347652.7,1566595.9,31534248.6,90.5118431972535,536051362.9,267117680.4,274089308.332895,261388784.026436,8499.52291903149,8802.56172041363,,8000,69606
DMA,2017,Dominica,12.8141816836198,12.2786825278034,14.9208593359592,27504494,1199528.8,33423022.8,91.9687797677961,521050824.9,264476043.5,224001996.4497,209081675.936757,7985.6341102129,8224.64896571414,,8070,68496
DMA,2018,Dominica,17.9580668076049,17.0060749389762,22.6271743528782,27142075.7,1519400.3,36113476,80.2709953942802,505427809,247802271.4,159602235.068323,147846672.420143,8261.16492553236,9215.3085405645,,8880,68174
DMA,2019,Dominica,12.2207448635833,11.4983905721735,16.7093939329021,25160619.7,1580645.7,36563265.4,72.5011521232773,460210461.4,250665100.9,218818621.111111,202670740.37037,8624.51695993537,9491.14995962374,,9350,67880
DMA,2020,Dominica,24.390070588907,23.8550057022589,26.4456209747372,27016829,605984.2,29950813.2,89.4556387167,480930079.6,279358879.4,113254338.888889,100878492.222222,7302.94454951254,7827.74842680426,,8230,67573
DMA,2021,Dominica,16.3325379508542,14.4730860954848,19.800617255885,18295432.1,2350533.6,25029965.7,90.5167936997936,509985025.6,314787942.7,126410027.407407,117709422.962963,7738.31730070386,8376.40414141113,,8660,67202
DMA,2022,Dominica,17.0500567999615,15.8120723885935,20.9960539600887,28767093.1,2252279.9,38198373,95.7270653249712,599233701.7,338958100.8,181931200.37037,173930014.074074,8590.92209069816,9323.66089490562,,9740,66826
DMA,2023,Dominica,16.8918320452263,15.5723339747586,22.7548803482454,30716663.1,2602729.8,44880392.9,89.8840329836928,592225919.1,364023160.5,197251504.814815,188835364.444444,8946.98822588042,9912.96212766668,,9990,66510
DMA,2024,Dominica,23.7059537704369,22.583806710331,29.4152919032151,52260389.9,2596720.9,65938110.8,82.3567303337689,569530343,339607059.4,231406470,221826567.777778,9172.71049624795,10405.2787777582,,9930,66205
DNK,2010,Denmark,,,,,,,,,,189246914205.546,163089676156.932,51209.4492757775,58104.5445594981,51499.7833655162,61290,5547683
DNK,2011,Denmark,,,,,,,,,,216750311165.734,186346762967.458,51667.5313210425,61809.737898222,51765.1625442529,62050,5570572
DNK,2012,Denmark,,,,,,,,,,206276269842.859,179981632404.845,51470.689845427,58443.7747103968,51826.447483894,61570,5591572
DNK,2013,Denmark,,,,,,,,,,221130378289.517,189330514471.852,51970.3909324806,61377.5940590412,53048.9210263171,63400,5614932
DNK,2014,Denmark,,,,,,,,,,226774911312.681,193560123874.549,52368.3625969272,62520.4509747011,54059.2302968662,63650,5643475
DNK,2015,Denmark,,,,,,,,,,197162870379.171,168450305181.741,53094.0133607574,53094.0133607574,54731.655929463,60350,5683483
DNK,2016,Denmark,,,,,,,,,,194718944045.622,167781102637.067,54300.2039621991,54500.9260410217,55544.2482551899,57830,5728010
DNK,2017,Denmark,,,,,,,,,,212745904576.875,183987101066.998,55601.0145717787,57521.5514992225,56770.7868542135,56600,5764980
DNK,2018,Denmark,,,,,,,,,,234395374499.036,202374505034.215,56355.0733084714,61324.7665045565,57685.1488554208,61090,5793636
DNK,2019,Denmark,,,,,,,,,,234660269178.37,203575052390.3,57114.6227336347,59404.2663247723,58540.0092575814,63020,5814422
DNK,2020,Denmark,,,,,,,,,,224808393310.701,196063006227.504,55934.5555945523,60985.4885601514,58249.2386135867,62710,5831404
DNK,2021,Denmark,,,,,,,,,,278301840317.872,240171848748.055,59312.8158043771,69340.7334922138,63021.2208216661,69810,5856733
DNK,2022,Denmark,,,,,,,,,,322288913589.096,282911168026.128,59108.7449374068,67781.0940939514,63919.2476385569,72040,5903037
DNK,2023,Denmark,,,,,,,,,,329064677219.121,280471921517.877,59026.9843650999,68043.5466971243,61030.8727564452,72080,5946952
DNK,2024,Denmark,,,,,,,,,,352616391162.206,301385154605.719,60772.8624276041,71026.4832271897,62253.4572459985,72540,5976992
DOM,2010,Dominican Republic,10.1317989534829,8.8939519848549,11.1610779149617,1134565878.9,157907186.4,1423774065.3,26.0220096247191,13498619112.4,9440605901.9,12756600000,12270500000,5666.45633430206,5478.62470398954,5403.22460795935,5260,9820175
DOM,2011,Dominican Republic,9.78028607629794,8.47145499764927,10.7627966545772,1261314934.6,194871859.3,1602472793.9,27.1077571244514,15097329632.2,10761625596.7,14889000000,14184300000,5773.57403459156,5826.51014109195,5397.96172825323,5460,9945621
DOM,2012,Dominican Republic,7.63821104227498,6.81359478799035,16.4735544471245,1073413722.9,129910044.7,2595243767.6,37.9999509426637,22101544978.2,11983223607.5,15754000000,15075500000,5860.29893321013,6013.81965002603,5494.05647668348,5700,10070411
DOM,2013,Dominican Republic,9.92285361450561,8.63397790481304,17.3282431904288,1415186684.4,211258328.7,2840255013.1,40.2090845949178,23957826085.2,14174662646.8,16390900000,15836300000,6075.03399972737,6136.59429329301,5641.11644175052,5940,10193833
DOM,2014,Dominican Republic,12.9480960005484,10.2820015544219,18.4215063028066,1799854090.1,466697166.7,3224666256.8,41.1959833274792,26269413480.3,15700688750.4,17504900000,16952600000,6430.27811051339,6496.45166971142,5973.95537229618,6230,10315528
DOM,2015,Dominican Republic,22.2685468615046,20.146158184961,29.8630953551523,3531440214.4,372035633.5,5234731847.9,39.2875137980566,26727445939.7,15814839514.3,17529100000,16983600000,6800.95309395474,6800.95309395474,6519.54934495146,6470,10434829
DOM,2016,Dominican Republic,10.1903520907261,9.57332356301168,18.6013519565159,1783270846.7,114936989,3464966835.7,39.1307092043539,28291425524.5,17185623100.5,18627500000,18148800000,7177.75376475488,7160.44200982307,6940.62075893232,6750,10551430
DOM,2017,Dominican Republic,7.83364776615872,7.83284926583997,15.5802494483517,1523551845,155314.7,3030483159.7,39.1301705509736,29455812951.6,18513928696.2,19450800000,18991400000,7379.39978067137,7412.71571571512,7067.98293362804,6920,10666843
DOM,2018,Dominican Republic,8.32313487397804,8.32178536065019,14.2572261129118,1720196251.9,278957.9,2947111209.8,39.1917519544561,31864082651.9,21375007211.7,20671000000,20051700000,7818.70593240469,7882.98221584944,7463.65440159124,7600,10782053
DOM,2019,Dominican Republic,9.33684104915679,9.32330159574217,17.4118159016959,1974218436.2,2866992.8,3686969429,41.2514854465295,35095621459.1,23006434523.9,21175100000,20509200000,8117.04639185786,8183.01623600375,7757.47101939596,7940,10894043
DOM,2020,Dominican Republic,27.3265426734017,27.2972198946897,40.4184587108251,4204345105.4,4516323.7,6225291429.1,54.2810818873655,40559732187,29856238518.6,15402100000,14889400000,7395.8734262396,7135.22273255899,7143.03574361113,7080,11008300
DOM,2021,Dominican Republic,10.5021171461216,10.4656291393417,16.7198383304297,2216651648.6,7728269.3,3541311917.9,48.6848766873936,43884654717.7,32506506083.1,21180300000,20600700000,8344.90510312395,8527.0754858205,7805.75660205252,8160,11123476
DOM,2022,Dominican Republic,12.2032353164552,12.1152129318042,14.1863444213681,3161695003.6,22971113.7,3702196117.3,44.2344938860299,48289508484.2,35559373697.9,26096900000,25168800000,8698.13592094395,10104.2464008585,8187.64560659231,9150,11230734
DOM,2023,Dominican Republic,16.1258010648266,15.3123192113376,18.9312993617655,4167354859.6,221394780.8,5152285640.4,45.373867511305,52188404942.6,38209176939.6,27215700000,25789900000,8809.96335385949,10630.431743829,8489.63979989989,9700,11331265
DOM,2024,Dominican Republic,15.3907410802716,14.1631216766507,22.0407214085418,4255734801.4,368875078.4,6610298879.8,45.3336943010045,53293949023.3,39905568368,30048000000,28619900000,9168.45418897141,10875.6618443092,8765.51256639896,10310,11427557
DZA,2010,Algeria,0.604875249274225,0.595814428152415,1.03761416768697,388281312.6,5904770.6,676194083.2,4.08153905024031,7253019348.3,2662058549,65168162141.3629,60587734433.8983,4456.6102741643,4912.78585503672,4902.30108129692,4870,36188236
DZA,2011,Algeria,0.586475395847709,0.583975195601693,0.790385842536368,472030547,2020926.4,638873473.4,2.79540714477209,6054554674.7,2255421235.8,80830581599.2147,76387318691.2563,4501.3543013352,5916.31364364343,5055.85711250294,5050,36903376
DZA,2012,Algeria,0.840866701800775,0.840170595936266,1.08156709978146,664529512.9,550582.1,855461095,2.4523641196966,5516939176.2,1648494864.4,79094592945.0749,75187930613.1179,4518.43978956464,6033.64884689543,5184.36463402409,5630,37646166
DZA,2013,Algeria,0.417952152443421,0.414670590013788,0.744237142683795,299123039.7,2367158.3,536856198,2.32227149466818,5247039317.8,1453345460.4,72135098775.6459,68589769661.1321,4543.23444006767,5979.60138960585,5040.02192732776,5970,38414171
DZA,2014,Algeria,0.358073411499832,0.356711688667792,0.448059126334839,238448086.3,910259.5,299510345.8,2.35485990757709,5521236298.5,1124989848.9,66846165650.0604,63586929716.4811,4634.10149179952,6094.69392314956,4992.24090049508,6030,39205031
DZA,2015,Algeria,0.470755750122816,0.468662441246219,1.72343736396926,187946611,839474.8,691146085.8,2.54367171691573,4671438792,870237199.5,40102767889.8765,37905326615.2648,4685.05902729002,4685.05902729002,4588.99546736232,5390,40019529
DZA,2016,Algeria,0.475651592982863,0.471651952816653,1.01404269029051,165887745.7,1406739.2,356655484.9,3.04187962008185,5463041852.5,1652733703.2,35171643986.4898,32746852186.7272,4768.73140081027,4424.98529027556,4594.10841268006,4920,40850721
DZA,2017,Algeria,0.418485889096365,0.416260291217365,0.599991543214634,166253538.7,888899.4,239635438.1,3.04068276560909,5706819221.4,1715902945.2,39939802620.5639,37680842571.7904,4742.90075532529,4554.66753957828,4636.22377672154,4440,41689299
DZA,2018,Algeria,0.327384095689912,0.323864141211849,0.476882884742504,147483942,1602946.1,217166888.1,2.99935858462774,5710492428.3,1522846832.2,45538830402.1984,44387318895.8475,4717.0035885361,4577.21029180491,4698.7966346928,4450,42505035
DZA,2019,Algeria,0.333321937470247,0.291781256685827,0.491760656376484,115527453.9,16447557.8,194707011.7,2.89761005806805,5492379098.5,1398178227.5,39593857128.5247,38551346600.0539,4672.66408678635,4468.45341883656,4606.22857343028,4480,43294546
DZA,2020,Algeria,0.406108248141001,0.385786635354146,0.679786418584712,99331419.1,5232360.2,175029779.3,3.19351908942954,5177879567.2,1436411495.2,25747760548.7332,24901914032.5802,4363.68533767783,3743.5419522929,4087.57074680507,4020,44042091
DZA,2021,Algeria,0.292940089478838,0.287470864357345,0.451864627527454,122274733.2,2326315.9,192199049.1,4.04120760001954,7378780279.1,1240364502.3,42534652502.3853,41845985606.7384,4456.74687637774,4160.55926736925,4468.18840222807,4120,44761099
DZA,2022,Algeria,0.255691430804042,0.17848546712724,0.426551111107604,125295235.6,54197910.7,299435146.3,3.23500775227816,7129258689.2,1055683570.3,70199124677.573,69225625434.2999,4544.46688060372,4960.30334332888,5109.50766324522,4430,45477389
DZA,2023,Algeria,0.43959657325071,0.185613093529288,0.756757789102277,114697988.1,156946870.4,467631858.5,2.9975548859142,7315267064.9,992764612.9,61794125575.4685,59424923726.3765,4660.40545687895,5370.477235078,5017.87762200394,4950,46164219
DZA,2024,Algeria,0.467425796210562,0.185609643756492,0.797700031642401,103536651.9,157202504.6,444971156.5,2.66774817396092,6898271361,851551211,55781935574.3354,53051962641.6352,4765.72900168387,5752.99076651465,4990.15442463576,5370,46814308
ECU,2010,Ecuador,4.92406986686631,4.91685162963779,8.87019534300809,967982172.1,1421056.7,1746278228.8,22.9267416497492,15389312133.4,8799635307.6,19687032373.8304,19609313677.3546,5022.20374387205,4520.30959039763,5040.01735987757,4290,15076695
ECU,2011,Ecuador,5.78002814573512,5.77806338839762,9.71447853723941,1430316717.4,486361.1,2404747078.5,20.8128267378918,16180581867.5,10164301966.6,24754257979.7944,24669793118.3584,5359.45724615639,5153.6916424375,5499.74529702559,4770,15326227
ECU,2012,Ecuador,6.47969340680719,6.47919297165978,9.97143640037966,1715550120,132504.4,2640220624.4,18.8054980939561,16260757649.6,10425065054.4,26477836475.9913,26372910956.3256,5579.85624282158,5634.08393191094,5702.46387170967,5320,15572194
ECU,2013,Ecuador,6.67081978924616,6.66876618327569,11.3348973198283,1849967059.6,569686.1,3144387745.7,20.0522206650203,19094570319.9,12496285535,27740769563.0333,27628143065.8064,5893.32172683036,6109.29031510341,6021.29164612149,5880,15807128
ECU,2014,Ecuador,6.99019605981237,6.98944313213243,13.8374520309622,2031375539.8,218827,4021645366.8,24.6905647226746,24984256767.9,17577640923.1,29063481902.6025,28942769339.738,6055.04172761485,6405.79979300441,6192.42039241745,6190,16035124
ECU,2015,Ecuador,14.7028735794401,14.701939982435,23.6277528717822,3172736383.9,201473.9,5098961857.8,29.7448712901636,28405810428,20157478183.5,21580392707.9732,21440060545.0063,5976.1596805651,5976.1596805651,5870.94909851548,5970,16266225
ECU,2016,Ecuador,15.0792580151137,15.0775857928784,26.5362577659863,3058163860.7,339174.3,5381698035,36.9480973788042,35395057632.2,25579817021.2,20282848346.6131,20179543866.2759,5849.13587933672,5917.63771271481,5776.4914042975,5750,16505139
ECU,2017,Ecuador,20.559032913589,20.5349802341382,29.1894223566202,4657573762.9,5455429.1,6617745192,40.3243295654818,41170619133.1,31626907607.8,22681169934.3983,22545114515.0402,6104.27253521751,6233.32244797718,6081.50350547274,5930,16759519
ECU,2018,Ecuador,21.2016303980092,21.1730355488373,35.6012737962238,5440658576.1,7347780.2,9145018356.3,42.9910183543729,44972778938.7,35494363943,25696167011.8141,25498178822.8411,6063.0956178776,6303.91886658338,6036.00038434241,6120,17049547
ECU,2019,Ecuador,24.2875277737892,24.0337171805747,35.8124309279228,6302129694.3,66554302.2,9388056996.5,49.6566686043124,51908820292.2,38404335119.2,26222034847.7501,26055929102.808,5971.38938386723,6205.05765246766,5935.34749074572,6100,17340021
ECU,2020,Ecuador,22.9666536363106,22.0082387741218,41.0601621316488,4985329752.6,217101158.2,9297616910.8,60.9453501649796,56397276775.8,37785250299.2,22652106803.1212,22608985846.1863,5355.68934196443,5463.64515348598,5220.53422188127,5410,17546065
ECU,2021,Ecuador,11.5443549183659,10.5685974922225,22.4296062788268,3109581977.9,287095587.6,6597522565.5,55.1142076977331,58115985989.7,38752716652.3,29422844234.4253,29395563486.6294,5815.09477390949,6061.32350181711,5822.86574055129,6100,17682454
ECU,2022,Ecuador,9.42170606879654,8.76334064004038,14.4394750410807,3234816057.9,243022740.8,5328889798.7,53.1297474306529,60682883622.4,39482258908.8,36913047098.9553,36708802682.4511,6107.49495006543,6515.58528418336,6079.59750060916,6550,17823897
ECU,2023,Ecuador,13.1767649664356,11.0334307403936,22.8878197894388,3985606688.4,774236720,8265568408.4,52.1063435637108,61658016751.5,39702150738.1,36123004550.2404,35830697219.4023,6165.40977555695,6718.1447938811,6092.5206802123,6570,17980083
ECU,2024,Ecuador,14.514521340069,11.5958195380706,21.8576635137655,4507482701.3,1134546621.7,8492825323,49.7486298154549,60364730466.4,40755126856.7,38871618228.4602,38578695321.6083,5993.74697758454,6826.5294137822,6115.56407928598,6400,18135478
EGY,2010,"Egypt, Arab Rep.",5.89947622825125,5.89050698188389,6.20858249606502,2907842881.1,4427659.5,3064860540.6,17.1484993453553,36803931990.1,32217518388.3,49364900000,48831200000,3233.84521249306,2455.08194645282,3162.89016880906,2200,89196072
EGY,2011,"Egypt, Arab Rep.",7.50786943116857,7.50467045521714,7.90655385279539,3555022432,1515380.5,3745397812.5,15.3121406993227,35208762810.6,30787534306.7,47370800000,47053000000,3222.37650111397,2590.64384891965,3204.00647772637,2380,91093059
EGY,2012,"Egypt, Arab Rep.",6.05016632359687,6.04932089974935,6.64052009640903,2954101170.9,412850.9,3242805021.8,14.6941589979995,40061753451.8,32003684136,48833600000,48601300000,3220.99194201188,2996.0677072015,3156.90279662029,2630,93161001
EGY,2013,"Egypt, Arab Rep.",7.33060385626682,7.32665868304598,7.63717373471107,3296388294.7,1775000.5,3436094295.2,16.5588608179564,46534987114.9,42322833213.8,44991700000,44795200000,3216.37839024454,3025.52563552448,3176.37027323346,2810,95333553
EGY,2014,"Egypt, Arab Rep.",12.3589809373205,12.3575403850539,12.6738497850725,5853124288.3,682314.7,6002943603,14.0020767838652,41772774970.9,37128907198,47364800000,47166300000,3235.66246235519,3133.39102265541,3167.91994673871,3000,97528654
EGY,2015,"Egypt, Arab Rep.",9.44473786982249,9.44307545131215,9.98733957183104,3576366522.6,629606.1,3782495128.7,15.4090910799379,49873938935.6,44182236526.4,37872900000,37569400000,3306.98159414141,3306.98159414141,3249.74211479868,3100,99597342
EGY,2016,"Egypt, Arab Rep.",18.0308503575713,18.027747913383,19.5115368004423,6130732288.4,1055054.4,6635327342.8,21.0959884446522,69188517055.2,53230429714.3,34007200000,33624300000,3381.22246307712,3270.6287768197,3316.07591758153,3200,101644589
EGY,2017,"Egypt, Arab Rep.",14.2060170729638,14.1027684285233,15.3775515850977,6150118592.3,45026011.1,6706042603.4,34.6961018574758,84587108845.3,65651311662,43609300000,42874700000,3452.90961245976,2395.10333299491,3348.18544831403,2880,103696057
EGY,2018,"Egypt, Arab Rep.",15.3285480570462,15.0440272527411,16.3223660797798,7902497221.3,149456314.3,8573997535.6,38.8036123837843,99457163486.3,79450202997.9,52529133911.6667,51619507000,3568.63966286365,2484.70315630508,3436.34519078668,2710,105682094
EGY,2019,"Egypt, Arab Rep.",15.4228270926519,14.8620306970341,16.58038796421,8110274762.7,306029031.1,9047989793.8,37.3486377137165,114910260649.9,90135893318.8,54570434740.9167,53522607000,3701.2446344954,2962.98892023003,3514.14807339647,2640,107553158
EGY,2020,"Egypt, Arab Rep.",29.0301892759318,28.1526373619988,30.61957277854,11442995049.3,356692059.7,12445712109,35.5843178235706,132538717154,99815529975.7,40646263091.3083,40101707000,3770.86947868544,3511.11381026379,3594.37905314912,2960,109315124
EGY,2021,"Egypt, Arab Rep.",29.8007542127176,28.1310354158757,31.0941269796866,16677091867.3,989869493.1,18433719360.4,35.4130599251787,145998330659.9,108691541278.1,59283604818.5,58339318000,3837.31992325256,3827.35415374308,3658.46552983271,3470,110957008
EGY,2022,"Egypt, Arab Rep.",21.2964865893535,18.8899134096954,23.1349293420531,14638808151.4,1864982772.3,17928498923.7,35.3832819125992,163111452414.1,110213077288.6,77495369268.8,76295439000,4029.78295458204,4233.30783744856,3831.74084270574,4040,112618250
EGY,2023,"Egypt, Arab Rep.",27.1448011617922,21.5828412075803,30.3910889570483,15199355707.7,3916917469.9,21402417177.6,44.4212432479616,168182236339.6,117500425397.4,70423331022.6167,68217500000,4111.3118479018,3456.78965212363,3866.08201985789,3840,114535772
EGY,2024,"Egypt, Arab Rep.",45.9668605661811,36.2273301862736,49.2291017973666,24265826532.7,6523741978.6,32908571511.3,41.9820138564051,155972716013.2,106926880074.6,66982100000,64507500000,4137.6092923313,3338.47371043679,3823.15402742089,3510,116538258
ERI,2010,Eritrea,,,,26639435.9,74700.8,26831136.7,66.0762157560823,1037322233.9,998425572.6,,,703.877374381654,539.699512069686,,550,2945186
ERI,2011,Eritrea,,,,21731972.7,25566.5,21923539.2,51.4834999754646,1051012567.3,1010014612.5,,,751.374899794668,688.68165957684,,650,2998485
ERI,2012,Eritrea,,,,92985000.4,6965.3,93082965.7,,990963322.4,949645127.1,,,,,,,3036988
ERI,2013,Eritrea,,,,86712101.8,29946.8,86892048.6,,942827437,893794569,,,,,,,3074360
ERI,2014,Eritrea,,,,43175415.6,12157.1,43693572.7,,907610925.5,829657547.6,,,,,,,3095173
ERI,2015,Eritrea,,,,31166740,11193,31924933,,875473801.3,784572705.8,,,,,,,3105546
ERI,2016,Eritrea,,,,25465915.8,18070.8,25526986.6,,800798598.7,753782109,,,,,,,3124698
ERI,2017,Eritrea,,,,25513977.7,11093.9,25526071.6,,825670657.9,776901390.2,,,,,,,3150347
ERI,2018,Eritrea,,,,26587644.3,19824.4,26761468.7,,797462901.6,742346760.8,,,,,,,3192760
ERI,2019,Eritrea,,,,19618275.8,208634.2,19826910,,779332773.6,725648736.7,,,,,,,3240194
ERI,2020,Eritrea,,,,18812859.2,66867.2,18879726.4,,798652429.3,739469216.7,,,,,,,3291271
ERI,2021,Eritrea,,,,19320402.2,22793.1,19343195.3,,772098727.5,690679138.6,,,,,,,3350183
ERI,2022,Eritrea,,,,15148583.1,535301.2,15683884.3,,727107699.5,646263040.9,,,,,,,3409447
ERI,2023,Eritrea,,,,14581395.8,1550165,16131560.8,,725945139.1,641297476.2,,,,,,,3470390
ERI,2024,Eritrea,,,,19661959.3,1553253.3,21215212.6,,693278616.9,607189471.2,,,,,,,3535603
ESP,2010,Spain,,,,,,,,,,439799079682.538,368287113769.984,25766.2515825743,30658.7422282912,25649.1834436176,32060,46576897
ESP,2011,Spain,,,,,,,,,,511768950843.084,437535240400.383,25510.5579678829,31824.6219134777,25068.5741235175,31170,46742697
ESP,2012,Spain,,,,,,,,,,480262517195.683,416283073280.177,24763.568274484,28456.4438151477,24500.6596079125,29710,46773055
ESP,2013,Spain,,,,,,,,,,517907738682.561,446040774562.204,24498.5559507945,29228.846559842,24361.1935626042,29400,46604197
ESP,2014,Spain,,,,,,,,,,527344864483.765,458432813958.169,24947.8512505913,29707.765509467,24812.7803673668,29350,46460733
ESP,2015,Spain,,,,,,,,,,462164374951.787,401554055293.743,25982.4416197775,25982.4416197775,25962.1262563404,28700,46422303
ESP,2016,Spain,,,,,,,,,,480655918405.467,417417041572.347,26719.2442268615,26755.6061149398,26781.6109782114,27760,46458139
ESP,2017,Spain,,,,,,,,,,529615252470.958,461840843364.309,27426.281015093,28381.3425596906,27399.3949484263,27290,46571232
ESP,2018,Spain,,,,,,,,,,575708710339.002,498991437520.156,27956.7225466484,30602.4212881113,27897.4374802657,29530,46782011
ESP,2019,Spain,,,,,,,,,,562087003209.409,486589572441.607,28301.4393949563,29786.5245689007,28240.4003227078,30560,47118501
ESP,2020,Spain,,,,,,,,,,452673910155.045,393602206802.488,25077.019882928,27233.9426461608,25196.9452194512,27410,47359424
ESP,2021,Spain,,,,,,,,,,568586674798.052,492568234808.37,26705.3629138959,30799.4775937775,26911.5816667112,30380,47443821
ESP,2022,Spain,,,,,,,,,,656482516363.625,573337884934.526,28203.1093419474,30319.4987196616,27747.8183421129,32690,47786102
ESP,2023,Spain,,,,,,,,,,730638693450.354,612486731157.265,28558.6319817501,33493.2225409111,28482.9466029187,32980,48352528
ESP,2024,Spain,,,,,,,,,,776324786123.771,639360149928.981,29245.2192451729,35326.7683069278,29271.545208478,33550,48848840
EST,2010,Estonia,,,,,,,,,,15761409761.0665,14646557009.7138,14657.939813612,14663.7041018705,13383.0651725546,14580,1331475
EST,2011,Estonia,,,,,,,,,,21543303419.5849,20113352573.1929,15820.922342204,17555.5455239426,14619.885874612,15900,1327439
EST,2012,Estonia,,,,,,,,,,21119199399.8753,19831873870.4365,16460.6843479001,17568.2137969714,15404.5940477932,16910,1322696
EST,2013,Estonia,,,,,,,,,,22810864415.6379,21236776686.0922,16809.5326683781,19310.3874900757,16180.4285761923,18370,1317997
EST,2014,Estonia,,,,,,,,,,23314874060.4775,21792830544.8236,17413.6867560212,20581.7898991695,16901.7446704911,19210,1314545
EST,2015,Estonia,,,,,,,,,,18863144631.9386,17721337783.7663,17722.1557669523,17722.1557669523,17346.6533587906,18900,1315407
EST,2016,Estonia,,,,,,,,,,19880214056.4109,18537802620.4371,18264.9873304279,18666.3736521706,18028.9979991589,18640,1315790
EST,2017,Estonia,,,,,,,,,,21853893302.8487,20442093048.5314,19270.8141210511,20851.5223496861,18954.4033659937,19140,1317384
EST,2018,Estonia,,,,,,,,,,24473092743.5167,22744792026.1423,19914.3454922878,23618.1361254581,19807.0234303382,21600,1321977
EST,2019,Estonia,,,,,,,,,,24808380906.5752,22952215734.738,20579.8756732376,24021.2501413306,20575.8910282909,23490,1326898
EST,2020,Estonia,,,,,,,,,,23464648388.3674,21724019431.6263,19946.945696898,23933.9939421065,19540.1205655809,23580,1329522
EST,2021,Estonia,,,,,,,,,,31599764642.8169,29548502696.9809,21570.6658455268,27951.1659277744,20930.2722639808,26490,1330932
EST,2022,Estonia,,,,,,,,,,35566570132.8296,33344524284.6659,21023.2994937246,28340.3826549406,20730.911624033,27580,1348840
EST,2023,Estonia,,,,,,,,,,35180596531.9408,32251921337.9767,20126.3730486957,30264.0064885057,19875.1423449335,27650,1370286
EST,2024,Estonia,,,,,,,,,,36011112352.3721,32624352443.5016,20078.1397620993,31428.3547816104,19965.3646789928,28880,1372341
ETH,2010,Ethiopia,3.77537523952486,3.76143037416366,3.85484030213973,174995244.9,648765.2,179341010.1,24.4334323010783,7287411658.5,6500051699.6,4652359009.5406,4644218341.95427,421.898622378633,330.619412798644,,370,90538514
ETH,2011,Ethiopia,5.85057083628359,5.84687627407946,5.88919875915745,341477146.4,215774.8,343948921.2,26.9969906653902,8607523904.7,7942753673.3,5840334742.73855,5831538472.39655,455.909628648555,343.024942351887,420.622549202729,380,93149970
ETH,2012,Ethiopia,7.14039479011932,7.13941560953688,7.1428932989006,428620603.4,58785.9,428829389.3,24.2166657612452,10465118049.7,9944728371.1,6003581060.99672,5994928705.34654,481.639999909808,452.101031885754,458.458289965215,400,95798767
ETH,2013,Ethiopia,10.6475701112075,10.6434430999955,10.679035983358,651814599.5,252742.1,653994341.6,26.4725857260442,12585463066,11896356906.9,6124095308.03315,6116476023.25386,518.324662208106,484.039833104062,498.429388302525,450,98438751
ETH,2014,Ethiopia,11.8159320249646,11.7349863964894,11.870058525757,750584691.6,5177385.6,759224077.2,30.5557352254075,16946037499.2,16202538305.3,6396127496.36029,6385691687.43855,556.362532243867,549.986577082588,545.782435109754,530,101115610
ETH,2015,Ethiopia,18.1639049440248,17.5726134002923,18.2926128660911,1058933959.5,35631506.9,1102321466.4,31.7812582331685,20443875424.1,19497094126.8,6026047096.00217,6007196233.49046,597.912113218663,597.912113218663,595.482113303997,570,103867135
ETH,2016,Ethiopia,20.6220213610167,19.7401390629283,20.9349904391639,1168189259.3,52188357.2,1238898616.5,31.5941088728904,23396722284.1,22134594466.1,5917837030.30667,5905571808.04243,636.835680951429,641.651523286233,635.010845115803,620,106718162
ETH,2017,Ethiopia,22.010295587519,21.2301289839922,22.2353979988408,1415263895.5,52008239.2,1482278134.7,32.195990368417,26170602394.7,25235394829.6,6666299091.10363,6637865076.96921,678.98541915757,696.348429076216,675.948598238009,670,109666481
ETH,2018,Ethiopia,21.1644240759086,20.4729263207361,21.4915673746629,1574535771.3,53181842.9,1652877614.2,35.572601682596,29842524863.7,28851072282.7,7690819312.4557,7624331353.22779,705.96881207336,739.702022272086,691.005985605952,730,112664152
ETH,2019,Ethiopia,28.7396404034211,28.1013023482416,28.9364069267454,2151086520.3,48863229.5,2215011749.8,31.8677861051946,30377335498.2,29576811585.8,7654757397.51471,7588186488.29751,744.702789740042,793.473247218996,727.246503700788,790,115737383
ETH,2020,Ethiopia,26.0287027973667,25.7584704733833,26.1117055633717,1990473782.6,20882076.7,2017769859.3,30.2340278652052,32364057104.1,31016157752.2,7727453323.19631,7714600977.48863,768.705424484873,829.790982552951,769.202082152724,820,118917671
ETH,2021,Ethiopia,21.1523252455382,21.0867697903065,21.2158220927836,2003840732.8,6229626.1,2016104358.9,28.9101982304795,32000197807.2,30152292984.2,9502834017.38067,9495825861.88533,790.657019602458,893.009835441784,799.86430243456,880,122138588
ETH,2022,Ethiopia,18.1784845967615,18.0282086995153,18.3033612266851,1982752244.6,16527425.3,2013013669.9,24.2638688064282,30620768251.9,29043868834,10998054646.7343,10970596565.3927,811.177729337321,982.103161502198,817.881324601286,960,125384287
ETH,2023,Ethiopia,14.257644774406,12.9333634640797,14.3397323570812,1414219625.8,144805689.9,1568001315.7,,33273672181.5,31910431158.7,10934662353.9017,10865482294.6482,842.446604881663,1055.81091593061,860.98387557892,1030,128691692
ETH,2024,Ethiopia,10.0625426780746,8.13187836962927,11.538041500051,1086537219,257964830.9,1357289049.9,,36548259483.3,33950250175.6,13361454384.9791,13189865156.3364,883.458588614999,1133.88279681256,933.211042465215,1100,132059767
FIN,2010,Finland,,,,,,,,,,116055119760.317,95730598324.5308,43556.5385834368,46506.2919016566,43770.9954020133,49750,5363352
FIN,2011,Finland,,,,,,,,,,129712573955.241,107160779884.902,44391.4535667984,51060.3242589767,43894.4861741788,50200,5388272
FIN,2012,Finland,,,,,,,,,,120849089949.469,100238542585.579,43507.9345371578,47551.6740841369,42853.0690585142,48820,5413971
FIN,2013,Finland,,,,,,,,,,123124015479.769,103388099376.923,42883.6384986417,49691.0145200739,42431.3626725282,49390,5438972
FIN,2014,Finland,,,,,,,,,,123885017877.393,100615848455.397,42502.4880199858,50073.7760815871,42470.2552552918,49210,5461512
FIN,2015,Finland,,,,,,,,,,100925100230.068,83430475168.6182,42560.3456767103,42560.3456767103,42936.1544685576,46860,5479531
FIN,2016,Finland,,,,,,,,,,102386311561.262,84337858297.4605,43529.6761616969,43451.2562442158,43690.2605879013,45160,5495303
FIN,2017,Finland,,,,,,,,,,115525772515.863,96969922139.6309,44862.220404205,46085.0174739036,44770.7837164402,44520,5508214
FIN,2018,Finland,,,,,,,,,,127872398164.423,107161461543.498,45337.2409550575,49654.2497035329,45534.6035582439,47900,5515525
FIN,2019,Finland,,,,,,,,,,133131918143.83,108450803423.592,45898.5708448954,48358.1807773701,45963.4531813851,49590,5521606
FIN,2020,Finland,,,,,,,,,,120418115473.399,97893555416.9871,44690.9801103074,48828.6846862799,45516.6454442968,49630,5529543
FIN,2021,Finland,,,,,,,,,,144859516007.865,117180255352.02,45792.0454180872,53099.1351400148,46755.0913542774,52810,5541017
FIN,2022,Finland,,,,,,,,,,155958327648.255,129388896469.589,46016.1492103929,50440.560224974,46583.5574402493,54120,5556106
FIN,2023,Finland,,,,,,,,,,157748049720.773,126229042034.118,45196.4814400136,52864.6931581216,45140.5714295545,52870,5583911
FIN,2024,Finland,,,,,,,,,,157944787490.443,125128649661.51,45075.1684940688,53155.5451165897,44833.5715494089,51710,5619911
FJI,2010,Fiji,1.30914499032591,1.29162640924371,3.14854145838321,24378319.1,330647.9,59425967,36.3986160778447,1107442022.4,425550316.7,1887412561.83158,1807130135.55665,4272.35916210382,3449.14452883369,,3450,910419
FJI,2011,Fiji,8.13647882306282,8.13165164930962,10.885868293708,190633452.5,113165.3,255201617.8,30.9904143602306,1135273517.9,584611690.8,2344338650.02302,2244423593.25846,4375.58083514077,4139.60288609702,,3570,912989
FJI,2012,Fiji,1.60638274814184,1.60515110685072,4.49713862160666,40180475.1,30830.7,112573305.8,33.5563924605309,1283656604.2,649707249.6,2503220720.37401,2427702116.84206,4427.97841523552,4341.40338748749,,3910,914918
FJI,2013,Fiji,1.84369154669668,1.83831575382963,4.77798031163791,45328129.6,132553.2,117812682.8,32.3053831543382,1327112540.4,694310161.1,2465742324.49302,2377615452.08496,4630.3512738488,4572.44377544245,,4460,916352
FJI,2014,Fiji,1.94364315694459,1.94165794720936,5.86830107916044,50534011.7,51667.5,152729679.2,30.9469812264751,1433374045.4,741102921,2602621732.24846,2543209905.22606,4883.24299340799,5293.35676680464,,4740,917585
FJI,2015,Fiji,13.435758744638,13.4337332589453,14.6765072192574,315502291.7,47570.2,344689861.9,33.9342121657691,1492464435,677662227.6,2348582375.56498,2281871121.23636,5097.53106864695,5097.53106864695,4787.95632456697,4820,918578
FJI,2016,Fiji,3.00195932780973,2.99862552873564,5.57918204712897,71267341.2,79233.3,132598574.5,30.0766285283704,1401041843,710237247.9,2376666926.79862,2304372448.15239,5218.85824573477,5363.79026679243,,5010,919166
FJI,2017,Fiji,2.23210632187062,2.23014438687874,7.02106912110908,56747347.2,49922.6,178655269.8,33.721515797604,1662594373.7,753361511.5,2544559335.88329,2467109096.87093,5500.67840280072,5826.84814459328,,5120,918759
FJI,2018,Fiji,2.40250276169301,2.39923469871946,4.37762977430293,65493073.2,89209.9,119498283.1,31.1861081802427,1628412658.2,738445888.7,2729748500.00943,2660357995.29016,5720.21445752907,6085.41979485376,,5690,917180
FJI,2019,Fiji,6.68452974751579,6.65121839069715,8.27152173474861,184010771.5,921582.8,223162354.3,36.6801001723501,1831700627,713670327.3,2766572388.56222,2705011318.24258,5701.10434532357,5842.07344577597,,5570,914899
FJI,2020,Fiji,18.4473025838554,18.4262059330882,21.6681950044662,255513441,292544.1,279955985.1,49.3171106565226,2047345488.9,903683116.4,1386685039.3828,1324858036.05899,4721.12281287253,4620.6457238014,,4560,914963
FJI,2021,Fiji,1.63263159869434,1.62434636063515,10.8884002800221,24018991,122512.7,134246503.7,61.6073894456185,2498008201.2,1212890358.2,1478686540.1421,1416974791.55494,4507.33353013335,4536.73312110335,,4380,916711
FJI,2022,Fiji,4.20661720070068,4.09414019315457,7.91562850449653,103513297.4,2843787.8,192652085.2,63.5122590233827,2988044051.5,1602856882.2,2528328110.82227,2470686699.02929,5291.51692439451,5414.12092119088,,5250,919422
FJI,2023,Fiji,4.61429297030157,4.35978026944872,9.10276378965776,141043429.9,8233750.8,218630180.7,65.2516186494164,3347681715.8,1594834196.6,3235104092.01963,3145235159.95357,5761.56947891018,5926.20586394763,,5670,924145
FJI,2024,Fiji,5.1047815384768,4.85847925054807,9.53539168749024,162674606.4,8246845.5,244220451.9,71.3867600808353,3868919895.3,1696015741.5,3348261832.78747,3247247307.70904,5935.20895738332,6425.74151715712,,5820,928784
FRA,2010,France,,,,,,,,,,931364725611.785,709353195634.281,35578.1968010183,40694.8211697025,36099.2396526078,44040,65026211
FRA,2011,France,,,,,,,,,,1061645815185.42,823711000283.503,36269.9561530888,43929.7840873812,36654.8633639888,44610,65340830
FRA,2012,France,,,,,,,,,,1008885714785.3,795261606816.097,36161.2918253465,40863.5814412333,36346.4616544684,43500,65657659
FRA,2013,France,,,,,,,,,,1065341331176.03,851751287561.713,36256.086680981,42669.1795111893,36599.0883253037,43950,65997932
FRA,2014,France,,,,,,,,,,1085679818015.42,870264561343.214,36444.3949089146,43148.0459288416,36889.485192348,43470,66312067
FRA,2015,France,,,,,,,,,,952593115651.541,769329236242.708,36702.4323733379,36702.4323733379,37445.1784272622,41130,66548272
FRA,2016,France,,,,,,,,,,946601931982.923,768970442330.427,36920.5342846914,37024.2157133669,37780.1748615554,39020,66724104
FRA,2017,France,,,,,,,,,,1017092765034.04,825944382545.598,37580.5979329356,38687.1626407164,38305.4003598624,38120,66918020
FRA,2018,France,,,,,,,,,,1125040429037.46,903396692144.506,38062.4435961412,41418.1766484844,38740.2068663683,40960,67158348
FRA,2019,France,,,,,,,,,,1119180228838.99,885999434707.238,38705.2072940618,40408.2848574751,39780.4435164997,42720,67382061
FRA,2020,France,,,,,,,,,,925825089743.332,748494722626.696,35709.2045925926,39169.8606000707,36508.6804341924,39690,67601110
FRA,2021,France,,,,,,,,,,1168775473689.26,926762420146.956,38030.8571685178,43725.0999521245,39197.08699788,44300,67842811
FRA,2022,France,,,,,,,,,,1292149813412.52,1022202915212.43,38868.3303330557,40988.6396406579,39484.6850045906,46010,68184457
FRA,2023,France,,,,,,,,,,1425903324254.89,1052848125107.18,39319.4152227295,44700.1384177544,39629.8669999002,45770,68372286
FRA,2024,France,,,,,,,,,,1475880573553.71,1070899771966.57,39683.3953489029,46103.0840855884,39871.0209666063,45160,68551653
FRO,2010,Faroe Islands,,,,,,,,,,1235549289.0362,1025794812.66933,42334.391628988,47924.1364756678,,49050,48656
FRO,2011,Faroe Islands,,,,,,,,,,1451515472.85539,1212798314.66615,43947.1570625821,51620.0541648551,,53420,48542
FRO,2012,Faroe Islands,,,,,,,,,,,,47304.8451728204,50263.0024625867,,56500,48290
FRO,2013,Faroe Islands,,,,,,,,,,,,50121.7919684574,55759.364098362,,59530,48245
FRO,2014,Faroe Islands,,,,,,,,,,,,52645.8769957728,60173.3057854661,,60440,48427
FRO,2015,Faroe Islands,,,,,,,,,,,,52638.2668218454,52638.2668218454,54062.9683093662,57670,48898
FRO,2016,Faroe Islands,,,,,,,,,,,,52758.462646154,56876.4302363804,,57410,49463
FRO,2017,Faroe Islands,,,,,,,,,,,,53832.1022752798,59388.5365965776,,57920,50179
FRO,2018,Faroe Islands,,,,,,,,,,,,54432.5257658066,62525.2647698273,,62900,50997
FRO,2019,Faroe Islands,,,,,,,,,,,,56031.6628701293,63070.7228080361,,66020,51790
FRO,2020,Faroe Islands,,,,,,,,,,,,54305.7918823334,62247.9273907098,,64210,52561
FRO,2021,Faroe Islands,,,,,,,,,,,,56275.5306614124,69421.6981686515,,70050,53291
FRO,2022,Faroe Islands,,,,,,,,,,,,57784.7223702914,67069.3987440509,,72970,53903
FRO,2023,Faroe Islands,,,,,,,,,,,,59067.5637446297,72486.6910957957,,73420,54398
FRO,2024,Faroe Islands,,,,,,,,,,,,59302.1098546142,74175.2776311377,,73120,54640
FSM,2010,"Micronesia, Fed. Sts.",,,,,,,,,,115768100,92315200,2901.24604798215,2715.26873721406,,2740,107540
FSM,2011,"Micronesia, Fed. Sts.",,,,,,,,,,114733900,91027600,3006.53976237006,2859.8488365615,,2920,107698
FSM,2012,"Micronesia, Fed. Sts.",,,,,,,,,,149356000,117958700,2952.58709656817,3003.05867086848,,3030,107890
FSM,2013,"Micronesia, Fed. Sts.",,,,,,,,,,166489300,126591400,2837.15746729135,2904.1536796737,,3090,108121
FSM,2014,"Micronesia, Fed. Sts.",,,,,,,,,,180828900,126186900,2757.39654878889,2915.23672460238,,3090,108396
FSM,2015,"Micronesia, Fed. Sts.",,,,,,,,,,,,2869.86276169101,2869.86276169101,3419.24003826484,3460,108716
FSM,2016,"Micronesia, Fed. Sts.",,,,,,,,,,,,2896.47282245468,2997.93719917488,,3400,109075
FSM,2017,"Micronesia, Fed. Sts.",,,,,,,,,,,,2945.60147384462,3297.37580036719,,3430,109481
FSM,2018,"Micronesia, Fed. Sts.",,,,,,,,,,,,2946.05827846428,3584.78377566896,,3420,109909
FSM,2019,"Micronesia, Fed. Sts.",,,,,,,,,,,,3043.07718989012,3581.72684572278,,3850,110282
FSM,2020,"Micronesia, Fed. Sts.",,,,,,,,,,,,2963.44360529022,3362.02802120524,,4070,110916
FSM,2021,"Micronesia, Fed. Sts.",,,,,,,,,,,,3035.92251779232,3508.22314197664,,4090,111624
FSM,2022,"Micronesia, Fed. Sts.",,,,,,,,,,,,2928.52464245951,3703.66680343222,,4020,112114
FSM,2023,"Micronesia, Fed. Sts.",,,,,,,,,,,,2948.07720975276,3933.01607031874,,4270,112630
FSM,2024,"Micronesia, Fed. Sts.",,,,,,,,,,,,3001.79669747008,4251.69052668788,,4490,113160
GAB,2010,Gabon,4.77783536906894,4.77017774528937,4.79665515523553,450409254.3,723047.4,452909301.7,23.3479360188722,2914864858.2,2518584007.3,9442190172.99276,9340231071.72115,6481.49612073562,8356.74662013345,5978.41667124093,7420,1719879
GAB,2011,Gabon,3.90509153831959,3.90277029962244,3.93106492751692,416070882.3,247465.2,419087347.5,20.2591426269362,3182959184.2,2772671264.9,10660911361.8665,10476428947.469,6699.23394606512,10219.1139339454,7004.19712429795,7680,1781985
GAB,2012,Gabon,4.16661468791892,4.16595141211135,4.18057486814776,423453347.8,67419.5,424939767.3,20.9682000950422,3241048492.7,2904445631.1,10164625217.8776,10047189736.4236,6803.22668079211,9296.96587941088,7481.98481330655,8610,1846889
GAB,2013,Gabon,11.9640427538,11.9610453719578,11.9999974627866,1156692848.6,289861.8,1160459710.4,30.3496330016414,4822851463.7,4323903683.5,9670499631.34341,9630340942.78342,6938.25753862236,9197.70106323947,7165.06234154859,8870,1913059
GAB,2014,Gabon,6.05793924821386,6.05664299511349,6.09836934281393,518326384.6,110933.1,521897317.7,26.9271691206854,4646619425.6,4361052201,8557981459.66647,8435839118.19789,6998.60545439576,9201.36276648105,7030.02504372323,8880,1978399
GAB,2015,Gabon,8.50702887770674,8.50514680584111,8.57679637533372,467879092,103535.2,471820627.2,38.9088177850882,5131574603.4,4717788942.5,5501128936.1716,5389959683.06363,7047.12654634355,7047.12654634355,6461.92551548165,7610,2040989
GAB,2016,Gabon,,,14.1832585059486,366728889.3,172367.3,372217256.6,41.6453797981868,5386777813.9,4948784782.3,,,6991.3251446736,6677.07003901644,6708.58162752406,7180,2100306
GAB,2017,Gabon,,,10.2889319500461,618938558.2,679501.8,625093060,47.0383134247217,6578650826.9,5958954970.3,,,6840.05959347802,6921.73373135624,6599.52768544556,6240,2156900
GAB,2018,Gabon,,,10.4866597793634,712273749.9,4231098,723541847.9,43.7707263168428,6896066351,6107259870.8,,,6724.5961429108,7624.2775233771,8676.33439694704,6690,2212318
GAB,2019,Gabon,,,9.89875377057254,676262986,9821004.8,700143990.8,47.0071197415292,7291337257.7,6210114503.9,,,6817.56879468764,7441.1786472281,9010.54066776106,7040,2267706
GAB,2020,Gabon,,,29.0217555901934,1409056294.7,10448003.7,1420867298.4,53.2974117173897,7729911668.2,6591802393.4,,,6534.27966529444,6605.80346077904,7699.1807207733,6820,2322539
GAB,2021,Gabon,,,15.3998456693795,1125921512.4,23895666.1,1149817178.5,45.9389652789504,7833664602.7,6389444190.5,,,6479.0490069252,8181.40914134398,9230.22577683376,7000,2376722
GAB,2022,Gabon,,,,508339159.4,63004953.9,585419113.3,41.9837162183193,7990531656.9,6186156153,,,6527.48207901861,8409.20741452279,9964.06319576222,7150,2430747
GAB,2023,Gabon,,,,1349456849.5,190631609.4,1545104458.9,41.1582185738413,7576008899,6078123907.3,,,6541.25368618042,7802.82433276138,9228.89895021012,7660,2484789
GAB,2024,Gabon,,,,827395457.8,291946560.3,1124160018.1,35.9523010976641,6816627454.3,5551434903.9,,,6618.9868586134,8230.04311451151,9668.40630290744,7870,2538952
GBR,2010,United Kingdom,,,,,,,,,,997824246580.119,717698118342.308,42762.720840223,39778.3220528565,41967.2560765373,42010,62766365
GBR,2011,United Kingdom,,,,,,,,,,1169246306281.38,836204389287.775,42791.0934313474,42295.9273835322,41999.9668813452,41240,63258810
GBR,2012,United Kingdom,,,,,,,,,,1108114162970.16,828852358562.961,43136.7006795996,42688.3263728372,41922.2519942884,41940,63711000
GBR,2013,United Kingdom,,,,,,,,,,1100250528831.95,843744926655.322,43585.8731772281,43607.6636827371,42209.9281433225,42960,64138000
GBR,2014,United Kingdom,,,,,,,,,,1120653107026.7,875910618858.82,44628.5724578217,47746.9810645521,43495.4183355784,44780,64619000
GBR,2015,United Kingdom,,,,,,,,,,1024756400579.31,815254552632.166,45256.040227057,45256.040227057,44275.6025417661,44630,65087000
GBR,2016,United Kingdom,,,,,,,,,,967001802783.972,777697463531.562,45888.7099614563,41258.5374285695,44766.288712567,43310,65606000
GBR,2017,United Kingdom,,,,,,,,,,1074304058304.5,829126153982.312,47019.4510419999,40918.0520870944,46243.5102407813,42140,65964000
GBR,2018,United Kingdom,,,,,,,,,,1199122055350.39,906757163933.295,47516.2099770322,43704.3162296687,46571.002211678,42540,66287000
GBR,2019,United Kingdom,,,,,,,,,,1193777959359.51,902153043301.954,47866.9140354078,43160.6843971799,47693.3246935302,43640,66628000
GBR,2020,United Kingdom,,,,,,,,,,977791451875.515,801202783354.232,42985.0392148248,40815.1255364787,42278.862181289,39350,66740000
GBR,2021,United Kingdom,,,,,,,,,,1219744871443.2,935053807709.911,46491.5068836685,47695.6491523474,46715.3189760672,45880,66978000
GBR,2022,United Kingdom,,,,,,,,,,1461699628033.53,1079652542343.15,48410.095170282,47034.7795621476,47953.0235958395,49690,67636000
GBR,2023,United Kingdom,,,,,,,,,,1605854190336.41,1091749974273.86,47911.1540134832,49919.6896621586,46706.1450896324,48800,68526000
GBR,2024,United Kingdom,,,,,,,,,,1684100815137.02,1148041064530.86,47900.9680144146,53341.3131094262,47436.1847375907,49320,69281000
GEO,2010,Georgia,6.29376562303332,5.55840649440634,17.5017861371525,255169470.5,33758092.3,803453562.8,71.9941407849804,8790390910.4,3274442669.6,4590694666.84,4034096539.53,3090.06513662318,3281.72930937343,3021.11012743201,3220,3786695
GEO,2011,Georgia,11.9778268820896,10.6885380251616,24.7935381133863,641303379.3,77356257.6,1487591636.9,78.2844595976206,11781288103.3,3800454115.3,5999916712.56,5241870893.51,3362.1030031968,4119.66818307193,3216.27950259386,3580,3756441
GEO,2012,Georgia,6.34122837789929,2.72509909310736,21.6853542313764,193443241.7,256693700.8,1539351442.5,80.8332989234343,13517007945,5101821421.3,7098576422.02,6021076671.81,3609.780798626,4530.69533409431,3503.54225070405,4250,3728874
GEO,2013,Georgia,9.21180318764495,4.41916309796226,20.8725675558624,357678622.1,387907136.6,1689385758.7,79.1305184319396,13611150110.6,5362985465.1,8093809035.13,7171698272.03,3806.50600649051,4712.00229382665,3613.60859228712,4680,3717668
GEO,2014,Georgia,7.59137228176148,4.41917479754063,23.9537218182766,356444396.6,255864968,1932073364.6,79.5047029311935,14102343179.6,5576085142,8065858739.02,7038666142.48,3960.35080091901,4830.33486170249,3873.14209419666,4850,3719414
GEO,2015,Georgia,9.71406812347272,8.64254616589757,31.041111011818,600886128.9,74499189.1,2158180318,96.5064072108872,14360492981.4,5720942918.8,6952651653.41,6108160411.31,4086.6223465965,4086.6223465965,3994.42937428928,4500,3725276
GEO,2016,Georgia,5.97398605897148,5.76293945013028,36.7531321691726,408689496.1,14966760.1,2606416256.2,107.365205053265,15830998022.1,6223518632.1,7091684714.66,6177733455.89,4225.09154904806,4143.40125686315,4036.05290257076,4180,3727505
GEO,2017,Georgia,7.18037024492765,7.01043142513452,29.7159343142183,609193886.5,14767377.9,2582261264.4,102.048777144568,16003229315.4,6615189253.8,8689820205.87,7560033324.67,4442.50744127374,4418.75206546679,4299.73619859732,4130,3728004
GEO,2018,Georgia,5.17908080068613,4.58605161178891,23.9219838838232,466788476.3,60361115.6,2434884591.9,99.3248254843151,17111996250.1,6748644593.4,10178439228.64,8896617467.44,4713.65354845303,4804.0546040444,4600.35785630975,4580,3726549
GEO,2019,Georgia,5.15830958248428,4.65782036618288,22.5470245966801,508573800.3,54646955.6,2461843755.9,111.32362234557,18749078511.8,6993893718.8,10918707900.21,9546068065.73,4975.81148194814,4741.2832715876,4791.5662156206,4780,3720161
GEO,2020,Georgia,13.6237486785545,13.552177253499,35.5591593105789,933780348.4,4931457.8,2449475806.2,131.658303183224,20083506516.9,7967938911.6,6890260737.69,5928434930.88,4659.60925318234,4300.85701291207,4522.65186637711,4330,3722716
GEO,2021,Georgia,13.0372937820894,12.9063476107883,29.4581002701735,1179430465,11966352.4,2690946817.4,124.40340523108,21992748362.6,9081798106.6,9138375166.76,8089723269.04,5175.19865185825,5083.60695484577,4847.25298776693,4760,3708610
GEO,2022,Georgia,3.64976197271307,3.40035511637589,20.9944400859231,495582402.2,36349629.6,3090633031.8,100.312545728071,23319530472.2,9723329183.4,14574430764.99,13092764279.18,5736.30449578597,6729.84659930283,5330.47678721256,5690,3712502
GEO,2023,Georgia,4.49653931238892,4.03948224745708,20.8483412746667,689488486.5,78013855.4,3556870341.9,84.9763847694996,24123230482,10262818862.7,17068734165.97,15180893269.82,6180.6206023429,8283.66960652261,5773.56775985107,6710,3715483
GEO,2024,Georgia,5.05050002369259,4.4741854375793,26.5628823310302,810100404.3,104348084.3,4808248488.6,79.6767852223944,25163122115.7,9980159290.2,18106098095.44,16336586234.08,6606.35772271858,8967.67525638987,6341.55433393789,7870,3812518
GHA,2010,Ghana,2.83521229149763,2.81653120660042,4.92890795970623,267297261.1,1772891,467768152.1,56.7993406394068,17984659771.3,5399471148,9490300000,9437380000,1381.2279503506,1263.89251760539,1344.8722700318,1200,25474995
GHA,2011,Ghana,2.2004610368234,2.08295283478708,3.54477536058183,305171108.7,17215996.3,519341105,55.9323652551077,21317880741.9,6700590094,14650889045.752,14595519045.752,1537.81834019283,1507.43573198753,1527.23333449736,1350,26095088
GHA,2012,Ghana,2.69646550789462,2.50398409398655,5.6836727482065,422354335.7,32466404.2,958681739.9,59.0969632571457,23151628039.4,8048127884,16867293075.6352,16812023075.6352,1640.54072088003,1543.77524235764,1580.35623683422,1490,26734268
GHA,2013,Ghana,3.59564751025999,3.39704976880079,5.23002563038489,560190234.6,32749745.5,862456980.1,46.662899214813,28508533533.3,10816179223.8,16490492419.184,16205962419.184,1718.59704769958,2294.79584693743,1768.41411587728,1790,27386193
GHA,2014,Ghana,4.87131657566555,4.66108007922524,16.724395649565,716511330,32318009.8,2570910339.8,55.0300254159213,28517251145.9,12853319278.8,15372216692.7262,15261460189.3534,1726.36930134647,1949.90832923846,1691.80935152042,1830,28041592
GHA,2015,Ghana,5.90278239555825,5.54634081895095,7.38187818975689,934991002.1,60088205.5,1244422207.6,65.2895144150849,31306595150.8,14721163001.8,16857799270.2015,16463379633.7344,1722.77282833606,1722.77282833606,1670.97520539684,1880,28696068
GHA,2016,Ghana,8.8439605303137,8.47786151141374,26.0423836386085,1501244551.5,64828159.4,4611538710.9,64.6271141908687,34860777089.7,15860699486.8,17707821123.0376,17469860326.4514,1740.81101902928,1912.47991339951,1705.57156552721,1760,29356742
GHA,2017,Ghana,8.9763256199343,8.61636845776204,30.6452087621077,1787564724.8,74677252.8,6357700977.6,58.7440328132317,33725981614.6,16367844432.6,20746150000,20436840000,1841.44636153249,2012.28662641265,1756.59031032659,1830,30008354
GHA,2018,Ghana,10.8926964957043,10.4159042713098,19.0937763222227,2407431027.4,110201127.5,4413150154.9,54.6463726994366,35100516069.1,17051726173.5,23113029504.6122,22514756474.4684,1915.4532323781,2195.32166016377,1858.01380263776,2060,30637585
GHA,2019,Ghana,8.9666888854806,8.53745225007662,35.9953158026916,2226164216.2,111924636.3,9385877852.5,49.8694571261813,32685329069.8,19600652797,26075275749.6245,25592338542.4601,1999.55372220211,2186.65822682613,1944.41382466473,2170,31258945
GHA,2020,Ghana,11.149661130303,10.7514356397175,12.7346959387465,2452996398.2,90857233.1,2905487631.3,56.9614944269336,40295305085.6,22914580922.6,22815524181.145,22077073356.3517,1970.19411460398,2195.45481659987,1901.99114727122,2120,31887809
GHA,2021,Ghana,12.5476513436375,12.0656537024078,13.3672293231482,2987536712.8,119345846,3309815558.8,60.4375749224229,46584318739.8,26609597055.1,24760670134.2989,23869276217.0405,2030.04866500967,2445.18662529344,2002.68186471592,2250,32518665
GHA,2022,Ghana,7.9069568302206,7.38026152906114,22.1220826133066,1954290497.4,139468719.1,5857919216.5,60.022746907535,43607006146.1,27609709655.2,26479962663.9872,25392879030.8149,2067.20895855521,2229.89122654479,2051.10535949909,2270,33149152
GHA,2023,Ghana,2.75380930634277,2.04756432634974,15.2849984123129,516598516.9,178184931.5,3856390448.4,55.2963757239878,41700706280.4,28526457962.3,25229904147.6737,24461184821.3417,2091.81335596465,2383.90410476221,2079.04510387536,2310,33787914
GHA,2024,Ghana,3.65967888166876,2.92363756572167,9.43593175956357,845828109,212941727.7,2729878836.7,46.9171668170777,37414621429.7,25584060934.2,28930675912.6696,28434952002.8334,2173.00329800201,2419.2518672482,2175.76633505164,2260,34427414
GIB,2010,Gibraltar,,,,,,,,,,,,,,,,31248
GIB,2011,Gibraltar,,,,,,,,,,,,,,,,31660
GIB,2012,Gibraltar,,,,,,,,,,,,,,,,32029
GIB,2013,Gibraltar,,,,,,,,,,,,,,,,32407
GIB,2014,Gibraltar,,,,,,,,,,,,,,,,32813
GIB,2015,Gibraltar,,,,,,,,,,,,,,,,33193
GIB,2016,Gibraltar,,,,,,,,,,,,,,,,33658
GIB,2017,Gibraltar,,,,,,,,,,,,,,,,34245
GIB,2018,Gibraltar,,,,,,,,,,,,,,,,34854
GIB,2019,Gibraltar,,,,,,,,,,,,,,,,35494
GIB,2020,Gibraltar,,,,,,,,,,,,,,,,36173
GIB,2021,Gibraltar,,,,,,,,,,,,,,,,36858
GIB,2022,Gibraltar,,,,,,,,,,,,,,,,37609
GIB,2023,Gibraltar,,,,,,,,,,,,,,,,38471
GIB,2024,Gibraltar,,,,,,,,,,,,,,,,39329
GIN,2010,Guinea,5.15078607729812,4.45609091730974,5.18023297923864,69004795.9,10757701.9,80218497.8,47.7994902944831,3239064176.1,2925732090.8,1548550000,1533620000,675.736917327708,659.235326211315,696.964306819944,680,10396086
GIN,2011,Guinea,11.6514153642766,11.2421870795047,11.6514153642766,171776121.7,6252844.5,178028966.2,48.1825820228774,3204983552.2,2962684066.2,1527960000,1505720000,696.199991395571,636.694958747648,676.650894036306,670,10656810
GIN,2012,Guinea,6.00244947337113,4.08062473621347,6.00244947337113,86435385.1,40707899.4,127143284.5,17.8091159273094,1338544650.1,1028902674.2,2118190000,2086650000,719.505916794546,699.353377212197,724.456390644521,680,10921581
GIN,2013,Guinea,1.91829339093565,1.90816347999539,1.96670740594099,38073395.1,202121.1,39241516.2,21.0566525770157,1678521277.1,1336295292.6,1995290000,1989790000,729.833143236326,748.455020824734,702.081713761086,680,11191873
GIN,2014,Guinea,2.39270468866653,2.38910264223707,2.41747708892485,51403646.6,77501.2,52014147.8,21.4938617504049,1841210155.9,1457400849.4,2151588035.24102,2130091254.23937,738.272274481308,765.146999389279,727.556147995306,730,11472924
GIN,2015,Guinea,4.01014534675362,2.42493908180823,4.07568417953066,45954043,30040604.9,77236647.9,23.5641048658712,2038505983,1597586354,1895059688.08639,1859596267.58557,747.356966759448,747.356966759448,735.178345731914,740,11767070
GIN,2016,Guinea,2.26653239659698,2.26169760295872,2.31198785466247,56572968,120935.1,57830903.1,26.1046688793802,2217230661.2,1767595503.2,2501349779.29817,2467233944.16599,807.236421043888,711.996509782316,768.5454987243,760,12073030
GIN,2017,Guinea,1.69136380037873,1.68973918618695,1.73526446261627,79328016.6,76270.6,81465287.2,23.2615121059829,2389897375.8,1862601461.2,4694690000,4647370000,867.907502577607,833.598621691121,900.056129890239,800,12385659
GIN,2018,Guinea,2.64831184133437,2.64500016153959,2.74660988911633,109703762.2,137354.9,113918117.1,22.1895160888823,2590666017,1992129971.6,4147590000,4079080000,899.907328045175,933.273615633705,921.14115653029,860,12704774
GIN,2019,Guinea,2.54556236811056,2.41263320985291,2.68121315999234,99581677,5486664.3,110667341.3,26.5580694165283,3539865720.4,2872467721.7,4127510000,4040730000,926.42221954853,1031.34146480732,953.225193564555,970,13034346
GIN,2020,Guinea,1.52405108782454,0.859269195453987,1.54734381302908,77579720.8,60020298.5,139703019.3,29.5290885441345,4117019182,3306118756.4,9028570000,8996040000,945.570903389665,1053.66097696415,967.358577332077,1030,13371183
GIN,2021,Guinea,1.49153418887433,0.984415519056971,1.51473618050838,101148497.7,52106341.9,155638839.6,28.3404260658602,4641861330,3539699852,10274980000,10265900000,973.646890096159,1244.96550477914,962.099912434754,1120,13710513
GIN,2022,Guinea,2.23164552215326,1.84309771264378,2.35056941377385,164605619.1,34700901.8,209927520.9,25.0644854877483,4903692018.9,3667771373.4,8930922000,8898252000,987.502501465337,1416.59612011764,941.564519249603,1280,14055137
GIN,2023,Guinea,2.32385916333969,1.80203984742964,2.57789204022128,212459957.4,61522340.8,310952298.2,25.216937612259,5163409013.9,3930482952.3,11789970000,11735370000,1016.88094800324,1555.49375806861,936.836360869229,1340,14405468
GIN,2024,Guinea,3.39186638523998,2.83420138247673,3.729306337627,333344595.6,65589769.3,438622364.9,23.1973863712568,5388299536.1,4093001848.4,11761500000,11715210000,1045.92207475792,1694.95375862185,984.612034430629,1440,14754785
GMB,2010,"Gambia, The",8.77709887184934,8.72363524550062,8.96988705541129,24434915.8,149751.7,25124667.5,35.9332457818132,543809679.3,422010977.7,280100154.492392,270568875.315234,701.014524591061,801.033372714536,674.096417607839,830,1926630
GMB,2011,"Gambia, The",10.5215054500533,10.5020309330668,10.6688974492978,27075904.9,50208.4,27506113.3,37.4435207463885,515906627,434687649.3,257815893.635855,249907458.24806,625.464360270983,710.608411468152,627.286879638598,710,1983784
GMB,2012,"Gambia, The",9.60525291658731,9.49073561873173,9.66894896356138,26522068.8,320021.1,27020089.9,40.8138633096458,565576213.2,448596636.9,279452192.806359,274745539.370269,639.139881889048,692.579361628102,635.119297819565,710,2043094
GMB,2013,"Gambia, The",11.4233574255202,10.8298073887028,11.5628598256885,28801357.8,1578518.1,30750875.9,43.3066265390408,582880967.8,474527456.6,265945245.065433,261507033.705836,638.522368532214,653.862713272743,624.082315043431,680,2103820
GMB,2014,"Gambia, The",17.8756688741861,16.6841050041684,17.919558577175,45236316.5,3230737.3,48586053.8,46.5158787603784,558419261.5,458004048,271134211.207002,268858817.851384,611.879472952196,568.00453558864,581.550612020108,600,2164528
GMB,2015,"Gambia, The",18.5591619194166,16.0947669886004,18.6134777072778,35261888.8,5399222,40780110.8,43.5650984373062,586005734.1,485273331,219089153.791262,214593944.472739,619.536364296461,619.536364296461,604.679289587849,590,2224529
GMB,2016,"Gambia, The",22.9342224161289,19.7852237241605,23.0421975657107,37563929.1,5978641.7,43747570.8,42.7715420042373,623076239.2,525145102.1,189858500.584602,187432506.360692,615.193365494386,650.056501323611,614.558145909852,590,2283769
GMB,2017,"Gambia, The",15.3352334300121,12.7384190414459,15.391137423612,35774399.3,7292857.5,43224256.8,51.1045782522749,754615476.1,646220669,280838612.575107,278129675.354117,628.777299272925,642.522641296331,618.821595610263,620,2342189
GMB,2018,"Gambia, The",13.0097426505928,10.9074052993365,13.1745279278738,40840232.7,7871711.4,49328944.1,47.3953247273082,777981034.3,675145565.7,374426653.995192,362513207.160957,658.127833258563,696.219806960615,633.128274726576,680,2399632
GMB,2019,"Gambia, The",12.5247961648009,10.7182253748427,12.7110471886318,39937758.5,6731561,47363319.5,47.7568814883079,851796355.9,748580837.5,372615401.368027,360207997.779821,682.797642940426,738.186751987483,690.840261720576,720,2456844
GMB,2020,"Gambia, The",22.0072310751217,18.419070339076,22.1817087755883,33781408.7,6580849.2,40682257.9,53.9987549889751,964018162.5,831763412.9,183404526.276947,175681761.020802,670.758642891251,720.335143352133,692.726690666043,720,2515733
GMB,2021,"Gambia, The",28.7103280444468,25.0676938936236,28.9999289602473,37047441.5,5383434,42858875.5,56.6631213557732,1112738213.7,847178880.4,147789587.894336,142652116.387785,689.49323955737,781.890925169531,672.946990226006,760,2576010
GMB,2022,"Gambia, The",14.1286976700646,12.6046693662611,14.7499041432609,35407145.6,4281071.6,41433217.2,54.2711836263851,1179606116.4,891354908.2,280904992.992312,267377367.645536,710.686979216316,836.244875868476,692.924784738113,830,2636470
GMB,2023,"Gambia, The",6.7309431722057,5.38306769938961,7.49078149803273,39751078.4,9953340.1,55315418.5,55.8014567807451,1324832841.6,982418723.2,738446562.812268,717773580.280084,735.612384062616,883.024111978927,741.015012162167,870,2697845
GMB,2024,"Gambia, The",6.29981931745863,5.24434134798176,8.14420595794985,48337440.3,9728410.1,77135850.4,66.3566127091875,1642671191.3,1009688794.9,921706599.411235,847852765.507924,758.965888826955,871.340287547821,794.343640014056,880,2759988
GNB,2010,Guinea-Bissau,9.71888574130224,5.23141643231536,11.2516040268045,9614878.5,8247569.8,20679448.3,114.577031848083,1074494840,956543019,183791113.255814,170591033.300557,625.904027290582,600.194298540768,574.0250109899,620,1566347
GNB,2011,Guinea-Bissau,1.87089647589001,1.8631937655923,2.33514165128539,5550508.9,22946.6,6956455.5,22.9125497047384,260874427.2,208806026.6,297902934.332518,282642037.682074,658.953470528116,719.539573498937,600.26237724363,660,1608076
GNB,2012,Guinea-Bissau,3.61560634118054,3.61160594561065,3.62520498687332,5643930.5,6251.5,5665182,27.2257775195627,276717156.4,223614361,156272045.870877,153044009.8193,630.66862302825,635.461653303881,547.690239066022,630,1651417
GNB,2013,Guinea-Bissau,1.18851602987809,1.17515506783663,1.23822587343527,2364028.9,26877.9,2490906.8,28.2817350804669,311568795.3,259501806.8,201167400.345896,190931893.875345,634.095456089352,654.304534409417,556.576988389384,660,1695973
GNB,2014,Guinea-Bissau,2.14606378496017,2.1422071398223,2.14678889544542,5908636.5,10637.4,5921273.9,33.3601215057816,391176127.7,335868631.5,275820035.801492,212887473.143947,623.610159103365,652.022501029449,581.434560977993,660,1741122
GNB,2015,Guinea-Bissau,1.94859775000302,1.94573616493951,2.04267982052148,6659367.1,9793.9,6991161,48.9945036240335,577133531,498789387.3,342254372.406499,288516902.686941,645.066837207039,645.066837207039,659.380922711851,670,1786457
GNB,2016,Guinea-Bissau,2.73727342835261,2.45936164159542,2.73836147255672,9041403.4,1021693,10067096.4,47.1676533769771,595584357.4,532874634.5,367632122.380128,312507585.639912,663.242608032005,679.665386626818,672.330563368317,670,1831893
GNB,2017,Guinea-Bissau,3.93004100439803,3.45150708373477,3.93691886173502,14553036,2017704.5,16599740.5,50.4340592867511,748623418.1,671872704,421642941.675571,375025865.374964,677.466131311367,783.123186602022,711.320789332673,710,1877072
GNB,2018,Guinea-Bissau,4.50715879784259,4.032583496962,4.58652918971075,17579274.3,2068820,19994094.3,54.7790196614889,823323609.8,732558620,435930819.863831,380427720.449167,686.456819839526,808.531613218504,649.268189879002,750,1922168
GNB,2019,Guinea-Bissau,7.29402609496642,6.70388421156161,7.65530916006196,24846171.4,2187204.6,28372376,55.8395058178772,901974865.3,797062951.5,370623516.395912,291804892.131917,706.298562874985,811.210004050041,700.389079882208,850,1967696
GNB,2020,Guinea-Bissau,14.6771667180089,13.520744869284,22.7151956025869,40474619.8,3461771.9,67998391.7,65.4005295790784,1117538509.3,1036561470.1,299351997.181376,232536091.828228,710.275830755611,846.918134967613,704.669149526845,860,2013255
GNB,2021,Guinea-Bissau,14.3227603903218,13.6425958481265,14.4345751975594,57833041.9,2883321.1,61190363,66.3555323065257,1257861528.4,1115070531.4,423915232.436811,334904286.384001,729.396882757942,926.54619187706,736.837837237264,910,2058841
GNB,2022,Guinea-Bissau,18.0912222120981,17.1287930797361,18.1041801987259,60806088.5,3416560.1,64268648.6,67.6697756324479,1250735517.9,1154384544,354993420.826219,280065383.744428,752.149255217249,881.602654162231,738.775884841946,960,2105529
GNB,2023,Guinea-Bissau,15.059761074749,13.0901776713824,15.0778864600398,47665288.9,7171847.8,54903136.7,68.0698341582062,1422541608.6,1312591240.4,364130190.564222,284499672.610124,769.504652461795,964.431832665395,732.293352025939,970,2153339
GNB,2024,Guinea-Bissau,10.7994199545803,8.71561540901938,13.2574468326414,31588821.3,7552528,39159349.3,67.1110649067659,1433190116.5,1310171789.4,362439366.78654,280403507.014652,785.91021956464,998.376093392688,789.963911050218,980,2201352
GNQ,2010,Equatorial Guinea,,,,,,,,,,,,10984.3243932426,13720.1658723222,7852.31608048973,7920,1189085
GNQ,2011,Equatorial Guinea,,,,,,,,,,,,11203.9073679091,17198.2136668275,9965.37810280529,9030,1241835
GNQ,2012,Equatorial Guinea,,,,,,,,,,,,11650.7196270884,17308.5723924575,11052.5307071302,11430,1293483
GNQ,2013,Equatorial Guinea,,,,,,,,,,,,10731.6455729191,16304.0713196418,10774.554426706,12400,1346218
GNQ,2014,Equatorial Guinea,,,,,,,,,,,,10363.4872473549,15548.6624656619,10614.5428067929,12620,1399828
GNQ,2015,Equatorial Guinea,,,,,,,,,,,,9068.91003238645,9068.91003238645,7781.15463643737,9920,1453923
GNQ,2016,Equatorial Guinea,,,,,,,,,,,,7971.83401904573,7453.19797948517,5891.93826637418,6970,1508186
GNQ,2017,Equatorial Guinea,,,,,,,,,,,,7259.10936454803,7809.10465655488,6880.64725845269,6630,1562396
GNQ,2018,Equatorial Guinea,,,,,,,,,,,,6578.90039765711,8102.47084834031,6358.35159049329,6270,1616422
GNQ,2019,Equatorial Guinea,,,,,,,,,,,,6018.12066321865,6804.14923073888,5020.16354645389,5570,1670177
GNQ,2020,Equatorial Guinea,,,,,,,,,,,,5575.26241511492,5764.05502912947,5054.20819584231,6140,1716468
GNQ,2021,Equatorial Guinea,,,,,,,,,,,,5487.92479201992,6945.63069794539,5492.56122385701,5980,1758786
GNQ,2022,Equatorial Guinea,,,,,,,,,,,,5524.24312418579,7589.29964909381,5131.60615787038,5210,1803545
GNQ,2023,Equatorial Guinea,,,,,,,,,,,,4992.26076814571,6788.35271638376,5265.8897618105,6230,1847549
GNQ,2024,Equatorial Guinea,,,,,,,,,,,,4892.95310498567,7003.58055684906,5296.13108829497,6050,1892516
GRC,2010,Greece,,,,,,,,,,68302429958.9921,59904850644.3436,21547.724178239,26653.0488008626,20817.7485809608,27320,11121341
GRC,2011,Greece,,,,,,,,,,75647423091.9775,67668758206.9057,19448.255802525,25504.7866510124,18539.2519629555,24470,11104899
GRC,2012,Greece,,,,,,,,,,71744728297.0145,63214162075.1067,17924.6620496886,21624.346052551,17501.0126528575,22750,11045011
GRC,2013,Greece,,,,,,,,,,80528384224.383,71960464565.7861,17644.8766635021,21573.3449762805,17140.4919403828,22030,10965211
GRC,2014,Greece,,,,,,,,,,87306456677.6525,75997733176.1309,17903.5252440012,21474.7257123892,17593.0609281557,21670,10892413
GRC,2015,Greece,,,,,,,,,,71007930203.2453,62624983040.1849,17980.7298238137,17980.7298238137,17842.4781627435,19920,10820883
GRC,2016,Greece,,,,,,,,,,67182904808.3015,60305408060.9235,18049.928997892,17919.2426377048,17924.8906054151,18500,10775971
GRC,2017,Greece,,,,,,,,,,77005075496.7735,70104581289.0659,18352.0884461258,18631.9930129293,18152.7888800662,17890,10754679
GRC,2018,Greece,,,,,,,,,,89091526259.9487,81867719580.7369,18769.0389621976,19873.4015238771,18279.3714493232,19060,10732882
GRC,2019,Greece,,,,,,,,,,88147802567.9403,81184115053.0156,19216.6759579785,19335.3602002969,18740.3232620118,19770,10721582
GRC,2020,Greece,,,,,,,,,,66195088845.8436,59021509142.4284,17486.951333323,17886.733165236,17182.3972766285,18030,10698599
GRC,2021,Greece,,,,,,,,,,95625317833.5162,87774398146.4522,19231.2888803517,20652.89659591,18682.971140673,20350,10570130
GRC,2022,Greece,,,,,,,,,,115535039141.746,107221271789.25,20550.5049158297,20884.6773436263,19838.8149907967,21980,10437805
GRC,2023,Greece,,,,,,,,,,118155214486.075,107244572118.998,21050.8648111581,23343.7103964562,20736.6941985204,22300,10407351
GRC,2024,Greece,,,,,,,,,,120614855537.988,108406392098.101,21494.6856060599,24626.1481858973,21337.3254203143,22730,10405134
GRD,2010,Grenada,7.27123281216669,7.25480116921791,7.36686612908479,25640884.1,58074.9,26036959,76.6738678956156,560589966.8,476704201.8,353433312.670155,342739942.6379,7670.71165827663,6909.60169568597,,6610,111586
GRD,2011,Grenada,6.51321077916211,6.44403545492805,6.58165265207337,24668192.4,264807.7,25195000.1,71.2714646630018,532314611.8,470562369.3,382806590.257586,371837433.73257,7695.37616017287,6947.38136096464,,6730,112079
GRD,2012,Grenada,3.4445619149701,3.33065442159063,3.55256807442409,14123636.4,483024.6,15064661,76.9678798728608,589266059.8,472941070.9,424049889.668677,412913193.209485,7559.5628483956,7092.71985352677,,6700,112775
GRD,2013,Grenada,5.08793695760056,4.97602720601474,5.08793695760056,22063662.9,496206.9,22559869.8,71.8366330943862,586857002.2,495300709.2,443399161.349654,431172725.906989,7688.75297701343,7424.80212287327,,7040,113487
GRD,2014,Grenada,4.21119909890369,3.66138915708675,4.26352287281634,18053713.1,2711023.2,21022736.3,77.034502464976,638459103.3,513755160.3,493083699.258146,478569872.04373,8206.62862112333,7986.33421210788,,7170,114132
GRD,2015,Grenada,5.10935026760416,4.24567550319868,5.13943442897413,22298003.3,4535962,26991965.3,68.3974599842701,602313099.1,538542185.9,525193300.411224,510778316.806248,8694.12438005692,8694.12438005692,7679.09072000599,7410,114676
GRD,2016,Grenada,9.63442184446418,8.69669711056896,9.69252526597124,46848638.6,5051472.6,52213111.2,64.5939766071346,623422784.3,552700004.5,538694610.199378,524776471.373852,8983.68397337899,9221.23461079424,,8000,115130
GRD,2017,Grenada,9.98684087551183,9.17776140560724,10.034859293677,54663186.8,4818916.1,59768102.9,56.0316782598119,563166097.2,496663798.5,595604792.76137,578131572.244678,9357.40728883583,9751.42661155932,,8400,115438
GRD,2018,Grenada,8.81452847832303,8.042134849986,8.84415282307033,51307919.2,4927784.8,56424704,55.0909889537565,580171366.3,524840337.1,637988794.730162,621273651.047504,9744.16919577204,10083.021279225,,9220,115691
GRD,2019,Grenada,8.00195992726112,7.57440719431805,8.01849283575293,51769960.1,2922260.1,54805220.2,50.1914195829926,548133057.5,498676794.4,683485304.814815,661640122.222222,9785.56040240592,10462.7929159533,,9400,115981
GRD,2020,Grenada,10.4557744571253,10.0242157475105,11.135350463122,44945355.8,1934970.3,49927326.1,85.8310742683373,834201747.6,673282115,448367801.851852,428623055.185185,8413.28335500372,8968.55890108484,,8390,116341
GRD,2021,Grenada,10.1234215125933,9.65604374505848,10.3290594702173,53624350.7,2595558.8,57361909.5,87.76200421875,898682923.2,701820943.6,555344943.703704,537897923.333333,8782.32193426078,9617.28902905373,,8890,116688
GRD,2022,Grenada,6.99673486231567,6.45246455335494,7.33217482960224,46993120.8,3963905.6,53400026.4,74.4747156466856,853727574.6,719729614.2,728297232.962963,706195488.148148,9406.19337643226,10469.3867012856,,9980,116913
GRD,2023,Grenada,6.26803071990925,5.66779568178129,6.59015163296962,48321815.5,5117412.2,56178227.7,74.3776640131301,881513363.5,760109366.9,852568056.666667,828639784.074074,9817.86383583917,11414.4781691181,,10100,117081
GRD,2024,Grenada,5.03746895679818,4.44116817193536,4.85035125902098,37997815.5,5101839.5,43225655,68.5938767489392,863278627.6,786986207.4,855581550.37037,821690950.740741,10042.6503142063,11528.9220811928,,10790,117207
GRL,2010,Greenland,,,,,,,,,,,,43481.5161087805,44277.1993400972,,,56534
GRL,2011,Greenland,,,,,,,,,,,,42994.8790874739,47186.8759969388,,,56890
GRL,2012,Greenland,,,,,,,,,,,,43655.7004664255,45936.9562817724,,,56810
GRL,2013,Greenland,,,,,,,,,,,,43338.3839246907,47535.4883792376,,,56483
GRL,2014,Greenland,,,,,,,,,,,,45545.1429414917,50485.2244135291,,,56295
GRL,2015,Greenland,,,,,,,,,,,,44536.3549705377,44536.3549705377,,,56114
GRL,2016,Greenland,,,,,,,,,,,,46561.7831434013,48181.7453541266,,,56186
GRL,2017,Greenland,,,,,,,,,,,,46597.9452470348,50765.7494665372,,,56172
GRL,2018,Greenland,,,,,,,,,,,,47012.9860350276,54545.135857765,,,56023
GRL,2019,Greenland,,,,,,,,,,,,48170.7896955512,53309.2035905065,,,56225
GRL,2020,Greenland,,,,,,,,,,,,48169.9406957389,54812.6661771023,,,56367
GRL,2021,Greenland,,,,,,,,,,,,48709.9339758895,58135.9939910203,,,56653
GRL,2022,Greenland,,,,,,,,,,,,49679.3365414895,55635.0006491223,,,56661
GRL,2023,Greenland,,,,,,,,,,,,49929.7755428605,58498.9707973609,,,56865
GRL,2024,Greenland,,,,,,,,,,,,,,,,56836
GTM,2010,Guatemala,5.50352257386408,5.4935919747591,16.0869959794833,547726537.1,990108.6,1603918645.7,37.9464715886203,15043073564.1,5559198592.1,9970280640,9600336780,3546.62750929879,2805.25960237322,3444.51153744835,2690,14500112
GTM,2011,Guatemala,7.41897613278833,7.41614580925263,17.2199255621163,887917223.3,338867.8,2061700091.1,35.7260886495098,16281345423.5,5354012787.9,11972758440,11561043170,3621.37582644774,3168.98370607705,3536.64361966945,2850,14792126
GTM,2012,Guatemala,4.62692893879166,4.62614965730081,13.4536025157331,548058891.9,92321.3,1593845213.2,31.6397645810293,15367094881.6,6305706744.6,11846977130,11374903950,3655.57490299412,3286.61959336267,3585.28036690057,3090,15089647
GTM,2013,Guatemala,7.07200460157182,7.06878619436927,23.7394399441114,871173016.4,396643.7,2925701660.1,33.7787361141474,17484024750.5,7059125977.6,12324223600,11660251840,3717.30457960279,3444.15802275864,3575.50899660122,3300,15387337
GTM,2014,Guatemala,4.53337328929437,4.53220830058945,15.1049325180282,591189316.7,151963.2,1970314279.9,34.6352570704241,19511836131.6,6999860265.1,13044177970,12571944160,3809.61584332802,3689.14510410202,3660.44207210587,3460,15681725
GTM,2015,Guatemala,4.95693036998039,4.95583261146293,16.405417620638,637951447.9,141311.6,2111826759.5,33.5722481098072,20378217942.1,7544216426,12872740020,12327469530,3893.50533299068,3893.50533299068,3800.44097564973,3610,15971743
GTM,2016,Guatemala,5.39069499666429,5.38888934577999,23.5128173587407,705256987.1,236309.9,3077179297,32.694480933325,21129829604.4,8147604566.3,13087241950,12386653940,3924.7789643024,4060.13784737643,3870.39087906645,3760,16268760
GTM,2017,Guatemala,5.94272049047069,5.9416623893895,29.747210171787,833218888.7,148381,4171549269.7,33.1632636072773,23264893723.8,8365983490.9,14023329400,13250682480,3972.74059262672,4324.99768915601,3921.78860207045,3980,16567357
GTM,2018,Guatemala,4.27665204832708,4.27476459208882,8.24906554603006,609342356.5,269045.7,1175855402.2,33.7967825028649,24274929980.6,8428248655.7,14254407310,13351063340,4040.21214374742,4352.94593289707,3967.39029016933,4270,16845685
GTM,2019,Guatemala,5.5126262825827,5.49374676631852,13.9678070002385,802503267.1,2757839.8,2040358106.9,32.4627128838456,24596433139.3,9343020268.6,14607576600,13597600430,4139.12206338632,4511.99839552697,4126.34347370993,4490,17103803
GTM,2020,Guatemala,7.51034890470377,7.50395387268197,25.3765771807585,1029816938.2,877632.3,3482594570.5,31.9166412544299,24357414712.1,10561338934.3,13723657630,12712975170,4005.83916360689,4477.61785000665,4054.43787419419,4360,17357325
GTM,2021,Guatemala,5.28198873975102,5.27914068568175,10.388444293829,858184951.5,462983.9,1688760935.4,31.2070254165241,26313444120.1,11210232571.5,16256148540,15246007290,4268.62864461492,4912.62240414681,4195.39010696867,4800,17598650
GTM,2022,Guatemala,8.05057362524454,7.99551401920083,21.1570539081277,1564787251.4,10775613.6,4140607865,27.006781083788,25269486615.2,11201346827.9,19570814930,18140527800,4383.90326160481,5356.92435887895,4215.73044683905,5220,17847877
GTM,2023,Guatemala,5.12740117954366,4.96553842001724,13.3018779536091,957282232.5,31204741.7,2564404974.2,25.0515939026573,25662103251.6,12553659265.1,19278518290,17341528360,4469.05514652918,5754.42833909847,4432.19104544934,5470,18124838
GTM,2024,Guatemala,5.71714552148653,5.56429752839796,9.56215520029921,1137807561.7,31254907.1,1956998468.8,24.2444913245727,27058876458.5,13641907785.6,20448359490,17979862940,4564.21378502908,6150.89465281457,4610.94981460845,5780,18406359
GUM,2010,Guam,,,,,,,,,,,,32644.1484056205,29719.7967836082,,,166522
GUM,2011,Guam,,,,,,,,,,,,32665.3787483379,29926.2052442913,,,166543
GUM,2012,Guam,,,,,,,,,,,,33404.9317636913,31653.7506538168,,,166331
GUM,2013,Guam,,,,,,,,,,,,34044.3190415455,32530.7593121483,,,165966
GUM,2014,Guam,,,,,,,,,,,,34755.2691107298,33900.1486530583,,,165486
GUM,2015,Guam,,,,,,,,,,,,35165.7014644795,35165.7014644795,,,164905
GUM,2016,Guam,,,,,,,,,,,,35373.8483143417,35930.6594898711,,,164233
GUM,2017,Guam,,,,,,,,,,,,35850.9025520506,36779.0078903909,,,163490
GUM,2018,Guam,,,,,,,,,,,,35731.2203743081,37195.9503070464,,,162679
GUM,2019,Guam,,,,,,,,,,,,36830.1264410973,39274.9431424899,,,161808
GUM,2020,Guam,,,,,,,,,,,,32884.8852646787,36482.9363953675,,,162158
GUM,2021,Guam,,,,,,,,,,,,33239.4846327875,38074.8793745801,,,163730
GUM,2022,Guam,,,,,,,,,,,,34627.9862781837,41833.1517132825,,,165180
GUM,2023,Guam,,,,,,,,,,,,,,,,166506
GUM,2024,Guam,,,,,,,,,,,,,,,,167777
GUY,2010,Guyana,2.42142228555674,2.26688877696966,2.67170904060603,27135270.4,1849807.8,31981078.2,40.8741608589245,1408397852,885284305.4,1197026985.87065,1133030208.38423,4860.09110980566,4581.76179693492,,4520,749256
GUY,2011,Guyana,2.74505675382329,2.24083772798409,3.45398741414559,33132240.4,7455205.6,51069446,54.4987527907138,2006674225,1054562354,1478564912.85545,1426674912.85545,5133.89539813637,4947.22170589917,,4860,746153
GUY,2012,Guyana,8.16962407128545,7.52377484070922,8.55629248536869,132722680,11393063,150936743,48.3038503799303,1974205213,1215485285.1,1764043752.10528,1713223752.10528,5403.79899428921,5444.39751913913,,5350,746288
GUY,2013,Guyana,2.92473904001596,2.20709838490764,3.65199354916246,35170717.9,11435800.6,58195518.5,54.8583037353958,2302019509.3,1116456678.4,1593527417.74,1539804817.74,5573.3421790463,5556.91231156932,,5610,750021
GUY,2014,Guyana,3.62114973431688,2.81358796419229,4.33446048864487,39475625.7,11330374.8,60814000.5,56.3732688021319,2341948615.5,1098254312.4,1403035064.20964,1348029271.56116,5635.71704117947,5472.68820452237,,5640,754229
GUY,2015,Guyana,4.00715384734393,3.33844572720116,5.30286081193506,45604825,9134884.7,72439709.7,38.0276869151784,1636917068,1031291976.7,1366049614.8977,1296096535.26197,5640.41560569466,5640.41560569466,5672.96781772949,5530,758781
GUY,2016,Guyana,3.10412257074677,2.87488967851836,4.73915494389378,49702078,3963056.8,81932134.8,37.0514927234477,1643860201.4,1049038422.2,1728834270.45503,1680519747.71668,5818.61682204646,5870.87823759835,,5610,763548
GUY,2017,Guyana,3.39375656179108,3.38992977313299,5.70779508464327,57736252.4,65176.7,97213429.1,33.9104028762005,1582078487.6,1134865762.8,1703169571.759,1643614998.15756,5997.18271426826,6178.6650437298,,5870,768479
GUY,2018,Guyana,4.78652875728344,4.77932197760973,8.65107742591192,77003683.6,116114.5,139384798.1,34.2741140688012,1607000663.7,1204694237.4,1611184263.39026,1568801927.05969,6080.90612132746,6048.38697180418,,6100,791556
GUY,2019,Guyana,4.20800275017727,4.14372883392169,7.44058563660089,77051511.2,1195156,138355667.2,30.0642592506519,1530459137.7,1255112719.8,1859472815.14262,1798058122.76336,6278.63054079553,6405.82443444562,,6380,807665
GUY,2020,Guyana,2.68925819452456,2.67594710059676,4.66764849409373,76453687.6,380307.3,133357994.9,28.0820396769287,1506687262.6,1271288178.3,2857070215.73596,2772936721.72157,9010.61000469878,6775.70939096303,,8090,807481
GUY,2021,Guyana,1.70862149728426,1.70437353923494,2.36323076304923,79447781.9,198014.6,110159796.5,29.3429534943002,1889705076,1342405760.3,4661406673.54308,4593656260.35169,10711.9973374148,9860.87014834386,,7810,815482
GUY,2022,Guyana,0.761059575112253,0.72139338431609,1.22277581594715,83723686.7,4603590.5,141913277.2,23.2243544064906,2070108385.6,1519772847.2,11605829568.2006,11517488744.8433,17365.3336428642,17913.4928066879,,14680,821637
GUY,2023,Guyana,0.807531989724189,0.711228079566281,2.6493783127604,98453840.9,13331152.3,366747993.2,21.8831563588237,2952574717.3,1725930085.5,13842794418.3586,13739107698.56,23101.3538282741,20473.7002190617,,17770,826353
GUY,2024,Guyana,,,2.88572767868533,122217517.2,13352667.7,599435184.9,22.6406371146813,3681569057.1,2187409360.2,,,33034.948872927,29675.2501582835,,26400,831087
HKG,2010,"Hong Kong SAR, China",,,,,,,,,,589109723320.585,469441931862.776,38090.0154420129,32550.136489179,38726.2178399792,33620,7024200
HKG,2011,"Hong Kong SAR, China",,,,,,,,,,665069143621.484,528964931979.131,39656.3184510131,35142.4879344543,40297.7266104507,35690,7071600
HKG,2012,"Hong Kong SAR, China",,,,,,,,,,707588668926.13,566901902017.371,39887.8192650568,36730.796195815,39778.3429510477,36340,7150100
HKG,2013,"Hong Kong SAR, China",,,,,,,,,,763575669713.637,610980946926.177,40959.9776349249,38403.7777145477,41211.3297731118,38570,7178900
HKG,2014,"Hong Kong SAR, China",,,,,,,,,,782902875149.723,621081488103.407,41796.8593150091,40315.3739510191,42009.3092396552,40240,7229500
HKG,2015,"Hong Kong SAR, China",,,,,,,,,,770492552625.379,606083932209.968,42432.1619740441,42432.1619740441,43217.2953278478,41180,7291300
HKG,2016,"Hong Kong SAR, China",,,,,,,,,,764137700164.119,600059772323.162,43087.5537128127,43734.1980702999,44328.8808092184,42970,7336600
HKG,2017,"Hong Kong SAR, China",,,,,,,,,,827070955494.454,644556259051.515,44380.8176753147,46160.429791493,46502.4890999739,46380,7393200
HKG,2018,"Hong Kong SAR, China",,,,,,,,,,889275467781.406,681280769230.511,45280.4971892076,48537.5668888343,47764.6471854602,50050,7452600
HKG,2019,"Hong Kong SAR, China",,,,,,,,,,858641551427.423,645030301195.922,44195.2741142906,48359.0011950597,46596.1902564324,50480,7507900
HKG,2020,"Hong Kong SAR, China",,,,,,,,,,807321560774.538,608192156635.776,41451.2989586282,46109.2299946609,44058.6735383979,48550,7481000
HKG,2021,"Hong Kong SAR, China",,,,,,,,,,968092234817.892,752621490640.464,44530.9213833761,49770.5642374739,48404.5265734338,54380,7413100
HKG,2022,"Hong Kong SAR, China",,,,,,,,,,928401724759.609,697582655398.215,43281.0067309646,48825.0272275805,46668.9058803611,54000,7346100
HKG,2023,"Hong Kong SAR, China",,,,,,,,,,932246142623.298,673737610352.824,43518.9311789918,50525.1119312663,47369.3672323345,54870,7536100
HKG,2024,"Hong Kong SAR, China",,,,,,,,,,1025983926429.43,739726401547.88,44734.4365296835,54274.7547767073,50003.591891254,57410,7524100
HND,2010,Honduras,2.23248129881424,2.18911411322514,10.3200307842867,109299667.3,2165268.1,515265935.4,26.524712211213,4008010903.5,2834475232.5,4992872077.32505,4939311177.07019,2108.47314459603,1893.32722662035,2027.93701152944,1730,8365878
HND,2011,Honduras,2.06587456256377,1.98607335437992,16.0351040649082,124926923.5,5019612.9,1008631536.4,26.3554567663789,4419471950.2,3218172723.9,6290146495.5711,6231512975.46935,2144.56265540491,2073.66121088074,2049.71755605545,1860,8540583
HND,2012,Honduras,2.04957417069922,1.95612934753772,13.7698686293671,131628175.1,6287913.2,926576088.3,29.4906361899387,5086242375.9,3677583447.1,6729011824.58547,6666909899.13761,2188.39378817891,2126.03474686503,2053.67790418054,1950,8715076
HND,2013,Honduras,3.15307287710951,3.05117320748808,14.6518621594992,192438651.1,6426850.8,924098501.9,39.9591411254451,6871384044.4,5210164503.8,6307037916.68476,6258866155.29329,2205.40126728067,2081.12843527945,2073.23898952422,1990,8889278
HND,2014,Honduras,4.34689964365127,4.25481424844995,10.3234244191906,289986832.3,6276079.4,703592911.7,40.5914778097745,7374992615.7,5574046020.8,6815499229.03553,6764171000.59422,2229.24772232218,2179.88171977271,2065.52755180558,1980,9063122
HND,2015,Honduras,4.77870762045507,4.71638339531917,18.3701461714923,329600399.4,4355474.9,1283781874.3,39.0515285428205,7634387493.8,5928636691,6988414040.45133,6931268547.30192,2271.20265980349,2271.20265980349,2116.36649921151,2030,9237305
HND,2016,Honduras,5.83503150384587,5.81215273037578,13.6253370917885,396214353.2,1559645.6,928838998.8,37.7338916975663,7621689846.3,6091632124.2,6816998306.48433,6729454042.70189,2315.72983058198,2307.34468351082,2148.21111860403,2090,9412380
HND,2017,Honduras,5.6554136477135,5.65418702695632,12.7936528436106,421888972.9,91524.7,954602497.6,40.2844747508143,8749704481.5,7134370224.6,7461531974.24573,7325056706.44474,2383.37398439714,2413.0076562942,2236.49936966348,2210,9588137
HND,2018,Honduras,7.11864813277597,7.11639586359326,13.910060382312,523477589.6,165675.5,1023215265.1,41.3908385401193,9177024593.1,7360693582.3,7355936904.49483,7186375108.69923,2430.13503657762,2464.64241531918,2243.96785915954,2280,9765210
HND,2019,Honduras,7.84592686726308,7.82304863687751,11.9956214727383,581121851.3,1699470.4,891074321.7,42.5213273366261,9755669687.5,7762166739.1,7428329776.20281,7242995209.90441,2447.61649282181,2502.32744328073,2261.31157275373,2330,9943633
HND,2020,Honduras,17.6122826571913,17.5830165123648,23.8269121942208,1124024906.3,1870889.2,1523176795.5,51.0458945962595,11074425349.5,8598087365.2,6392673893.63798,6268819095.25646,2189.43168668222,2307.61494319511,2033.09655130387,2120,10119640
HND,2021,Honduras,6.69070666957928,6.64576040407872,14.6678670474438,543863367.6,3678228.8,1200361596.4,48.5334269951285,12507763354.8,8640998582.9,8183613830.95023,8052183515.11664,2423.76634916911,2735.14751503977,2224.10269273249,2440,10289877
HND,2022,Honduras,7.30264889166766,7.16938982772665,17.1083823924655,700545777.8,13021202.2,1671718980,43.7024878510223,12638567154.6,9012829833.2,9771344488.63045,9510034771.45549,2482.22384904714,3003.28996826399,2301.8878837536,2700,10463872
HND,2023,Honduras,9.45471945339112,8.39557012155709,17.1047591935644,866537296.3,109318650.8,1764186947.1,40.7591366324123,12943993274.5,8816900401.8,10321363335.1119,9804520058.20183,2527.27366333188,3227.45762509776,2351.39615020276,2870,10644851
HND,2024,Honduras,11.5179400173859,9.26935523164508,18.1160284769388,923896105.2,224121168.5,1787447273.7,41.8233168617746,14299817842.8,9565004967.4,9967210039.0097,9442054987.12017,2575.32081187859,3415.96027916712,2387.35069823117,3020,10825703
HRV,2010,Croatia,,,,,,,,,,22701745898.4364,21499943044.3668,11965.1414956676,13729.7472872883,11537.4857331242,13900,4295427
HRV,2011,Croatia,,,,,,,,,,25732197690.7636,24373439362.4847,11993.1337166457,14691.591757962,11636.0022265001,14020,4280622
HRV,2012,Croatia,,,,,,,,,,24633207728.3511,23394126201.2966,11780.5853491253,13507.6349882758,11369.7609387774,13540,4260368
HRV,2013,Croatia,,,,,,,,,,24811732897.8969,23507605313.7794,11838.4554388595,14135.0903485872,11570.7341843807,13940,4233922
HRV,2014,Croatia,,,,,,,,,,26425638478.264,24971600167.471,11862.7815706266,14186.7712230471,11673.3016690927,13820,4201598
HRV,2015,Croatia,,,,,,,,,,24495204068.2702,22969501275.4875,12283.8750299177,12283.8750299177,12255.2730774242,13570,4151725
HRV,2016,Croatia,,,,,,,,,,26321991149.7287,24658547755.3692,12848.473748279,12820.1872746645,12701.4458351132,13090,4106867
HRV,2017,Croatia,,,,,,,,,,30477910730.2552,28038306663.1478,13485.3711360576,13901.6498657787,13555.4328550761,13350,4041407
HRV,2018,Croatia,,,,,,,,,,33508468727.0511,30656315240.9064,14061.0597402919,15460.4560798984,14077.1841934206,14670,3988775
HRV,2019,Croatia,,,,,,,,,,34701586682.5753,31508645629.4098,14641.8735578488,15563.7354996625,14806.7822849217,15770,3949390
HRV,2020,Croatia,,,,,,,,,,27348751597.7033,24053341333.5781,13545.7402289427,14807.5559227544,13826.0819259379,15060,3914206
HRV,2021,Croatia,,,,,,,,,,38262213851.7317,34367917803.8962,15395.2861605128,17788.7601163765,15254.9146882686,17390,3878981
HRV,2022,Croatia,,,,,,,,,,46046352117.8031,41906767263.65,16618.3333786183,18465.531473659,16008.3552609597,19370,3855641
HRV,2023,Croatia,,,,,,,,,,50697571909.3711,45064429424.9186,17225.4504515697,22183.4982258492,17028.1287849849,20800,3859686
HRV,2024,Croatia,,,,,,,,,,53795174993.3093,46712452263.8539,17854.3262648378,24049.9441746337,17940.1770741446,22230,3866200
HTI,2010,Haiti,12.5125667581076,12.4354471322773,12.621804622978,130458632,809051.8,132413683.8,8.79534948788437,1045027834.3,824036930.8,1049086780.81533,1016384389.4025,1317.58389339746,1209.72733503094,1316.59950381265,1140,9803294
HTI,2011,Haiti,0.38502451860032,0.375143122864317,0.459438450173307,5086674,133984.7,6229658.7,6.50680060416255,848912587.7,622733589.1,1355928894.86069,1311690270.9393,1369.16921255852,1312.03953552013,1321.05270014692,1260,9914904
HTI,2012,Haiti,0.378498270426758,0.375861959077121,0.487264708518047,5263000,36914.9,6822914.9,9.19437070390758,1265464320.3,989394152.3,1400248115.80363,1327839725.02212,1354.88546124499,1361.39396587374,1313.59047217355,1320,10069771
HTI,2013,Haiti,0.799535171743496,0.789927508692132,0.902666838790567,12745254.8,155016.9,14564271.7,11.3124815894621,1689407746.1,1383174856.9,1613471446.39919,1566906102.03952,1392.38204736859,1457.83221179626,1389.27178782019,1410,10222362
HTI,2014,Haiti,1.39230024056101,1.38882860077865,1.62119854798764,23966420,59908.6,27976328.6,13.7807009097029,2094112399.9,1768105870.3,1725657146.35795,1662116685.61267,1411.76834802154,1460.18898613914,1375.34412745163,1460,10373235
HTI,2015,Haiti,1.93259323611786,1.92953550103534,2.05565904932038,34916890.8,55332.8,37199223.6,15.0430551793435,2239950364.2,1908859725.9,1809600848.5599,1747794245.0499,1411.12684746796,1411.12684746796,1414.98810289989,1430,10523242
HTI,2016,Haiti,5.21666577745746,5.01092882793269,5.38376225126042,85826337.2,3523827.5,92212164.7,16.2992778753774,2300997423,1941708589.8,1712783001.85733,1644549663.53433,1416.74881879698,1318.40268167953,1485.58957400062,1380,10671457
HTI,2017,Haiti,0.93674232316188,0.597171061932648,1.2679500020305,10401570,5914677.5,22085247.5,15.6254522320872,2367547376,2023395702.4,1741807442.29919,1664384136.54072,1432.67228609541,1395.23945184461,1524.2833899604,1370,10817754
HTI,2018,Haiti,0.97797144521348,0.456005333700603,1.29685334539469,8435648,9655857.2,23990505.2,15.0114334393077,2470002746.5,2027107880.2,1849901169.25662,1779677628.68662,1437.35251928349,1496.38048970156,1490.00813546041,1430,10962362
HTI,2019,Haiti,1.18147249899532,0.530587587564132,1.52205761398033,9570000,11739755.6,27452755.6,16.3969366022709,2470320988.5,2020546564.4,1803660738.45315,1732746849.1571,1394.42114071112,1352.17204191532,1474.88452586526,1410,11105163
HTI,2020,Haiti,2.38909730889526,0.91191058727398,2.69587511114118,9744000,15784121.4,28806121.4,18.0192858439023,2619431493.9,2035001289.2,1068525811.19035,1018064597.63035,1331.69778506932,1290.32538667383,1372.3091532813,1340,11243848
HTI,2021,Haiti,1.69967076379361,0.90970243574247,1.84730525646053,11954000,10380626.7,24274626.7,14.2102920782731,2970068585.2,2105988557.9,1314056061.66631,1271801901.29631,1292.71954963551,1824.6798742577,1318.08467313189,1450,11374586
HTI,2022,Haiti,2.33328872356645,1.13381300670946,2.52025258364718,15834000,16750997.2,35195997.2,14.6236280368537,2965270069.1,2139385901.2,1396526579.45364,1355307663.71364,1256.72143592448,1748.40890116803,1333.38048011467,1610,11503606
HTI,2023,Haiti,5.66589385799892,3.57618495991587,6.36225649201603,41002000,23959119.9,72945119.9,15.8980315138596,3156537449.7,2206623106.3,1146529065.45875,1094700446.05875,1219.11871645847,1681.84407667059,1337.87857724691,1740,11637398
HTI,2024,Haiti,59.7315026625852,57.1953500022929,63.162658981726,512090000,22707063,543003063,3.74484478267583,944741012.3,250601499.5,895335022.828729,863475089.808729,1154.68841945337,2060.35591768638,1285.39910355985,1730,11772557
HUN,2010,Hungary,,,,,,,,,,126277769248.846,107191478340.741,11287.3686666108,13189.8433874768,10858.5926865886,13250,10000023
HUN,2011,Hungary,,,,,,,,,,138395222784.746,122341619755.591,11536.3578996772,14211.460557822,10973.9260459779,13260,9971727
HUN,2012,Hungary,,,,,,,,,,126727761138.403,110605440682.353,11440.7622718825,12950.1594488143,10867.6645105933,13080,9920362
HUN,2013,Hungary,,,,,,,,,,132299153041.55,115875683353.889,11729.5720798501,13739.4620151401,11318.7216295605,13560,9872734
HUN,2014,Hungary,,,,,,,,,,136891940513.366,122915908408.044,12287.3779441033,14352.501883174,11707.8440179503,13630,9833038
HUN,2015,Hungary,,,,,,,,,,120262122307.934,109475988976.169,12782.9412577973,12782.9412577973,12183.1958730881,13310,9797755
HUN,2016,Hungary,,,,,,,,,,125555654441.851,111108431187.255,13145.6559885563,13215.8605277789,12850.4865775562,13230,9759755
HUN,2017,Hungary,,,,,,,,,,138489549214.377,123187217727.767,13734.2442804335,14736.1668157258,13164.9470928939,13310,9726756
HUN,2018,Hungary,,,,,,,,,,148910383525.379,134500310590.277,14533.7783144312,16605.0570511887,13835.8417120643,15180,9706964
HUN,2019,Hungary,,,,,,,,,,152161874915.171,133717776348.51,15290.8085466331,17012.8598553199,14783.2341237945,16840,9694824
HUN,2020,Hungary,,,,,,,,,,137673781883.653,124107753846.34,14664.2971195385,16386.9308821258,14438.6675301072,16330,9670419
HUN,2021,Hungary,,,,,,,,,,166606667967.422,145503195425.761,15787.9535427563,19030.628130329,15048.4610234992,18070,9630932
HUN,2022,Hungary,,,,,,,,,,181870583285.628,159044156100.35,16487.7973935944,18428.028825614,15021.6226236332,19200,9605074
HUN,2023,Hungary,,,,,,,,,,203737352695.429,173408202736.408,16375.0462724192,22208.6509820466,15600.3632172256,19820,9592186
HUN,2024,Hungary,,,,,,,,,,202740171675.839,169877709885.421,16543.1049095203,23305.4482514359,15880.9846819044,20800,9562065
IDN,2010,Indonesia,6.59423329718765,6.58844354780032,18.7275439567904,11106152440.7,9759792.1,31569058232.8,26.9770756416871,198278352695.5,102747656653.5,168570199624.887,166636323443.415,2670.8129098953,3065.68348377765,2629.3673072022,2490,246305322
IDN,2011,Indonesia,4.44029135155167,4.43874187988419,14.4139991400971,9568949734.2,3340319.6,31073407053.8,25.2959557496368,219629383247.4,108145988093.7,215577972162.906,212996855848.882,2799.62468790318,3579.46442466152,2766.67426639617,2960,249470032
IDN,2012,Indonesia,4.61751208427374,4.61708614857786,17.4300331593941,9864692742.5,910038.2,37240353780.7,28.3221912785509,252623033564.3,127405214905.4,213656241730.263,211006612793.011,2930.518445323,3632.27254030331,2856.76014966762,3520,252698525
IDN,2013,Indonesia,5.59809288047115,5.59620851796716,19.9652408135031,11619682254.7,3912594.3,41454808849,29.7818700830084,263643864629.2,128197602647.3,207634905264.768,205033131237.093,3055.24246006469,3566.60284506078,2945.10820252701,3670,255852467
IDN,2014,Indonesia,14.1069060235632,14.1061573743824,29.917390542463,28346793755.2,1504435.5,60119994190.7,33.981834153142,292565412570.1,142185245594,200953335503.54,198823722296.059,3170.72103011429,3441.06808464008,3056.30448574629,3570,258877399
IDN,2015,Indonesia,8.17023560707462,8.16943871034529,34.6071560879119,14228471172.1,1387931.6,60274266103.7,36.9878652515237,307849578357.8,159671630483.9,174167059409.87,171345363235.039,3288.22269725538,3288.22269725538,3179.14912477432,3390,261799249
IDN,2016,Indonesia,9.30619088342812,9.30483756417803,37.4796669814765,15989598576,2325567.9,64405727199.7,35.3699048723645,319052612588.1,177183472438.3,171841780855.553,167793327281.49,3416.81005170972,3521.46943457574,3318.52044303245,3370,264627418
IDN,2017,Indonesia,9.18370917980379,9.18297411194385,29.4361720648722,18346213274.8,1468556,58809083431.2,35.9645370946451,353688908559.2,195078099429.7,199785091966.425,194210168760.017,3553.51999262321,3798.88326174526,3452.44660430069,3490,267346658
IDN,2018,Indonesia,7.92104398734328,7.91984579339295,25.1358200297316,17521365176.3,2650808.4,55608896086.6,37.5639689128338,379851596756.2,215335001678.6,221233665823.608,211931832768.586,3701.32155461912,3860.95353090726,3565.62576125678,3810,269951846
IDN,2019,Indonesia,10.2576597663461,10.2445561334547,39.4859892619538,21254297066,27186000.3,81921259914.6,37.0829978168899,402379692152.7,233801156970.1,207469184502.703,200096685143.767,3850.90321738979,4106.94856160358,3681.89509466597,4020,272489381
IDN,2020,Indonesia,15.2699711597112,15.2652610927961,36.8192289177179,28033083717.5,8649554,67614731277.1,40.4899520829926,417036407016.7,247923407532.7,183639726481.515,178417791402.013,3739.44906563161,3853.70288774146,3603.93779421761,3850,274814866
IDN,2021,Indonesia,12.3107703790761,12.3088509186048,26.2187506302203,31206043405.2,4866316.7,66471149549.8,36.1990816015577,417845089193.8,242631141277.1,253525236527.417,246786553093.195,3850.68877253903,4287.17313995098,3767.42721747329,4130,276758053
IDN,2022,Indonesia,12.2857974302583,12.2507278882326,23.3261822398195,39603674797.7,113371446.2,75407971193.7,30.8527352858338,395986001909.7,226179153193,323276095584.013,315745703464.521,4024.91225288391,4730.83484836107,3954.23860175614,4520,278830529
IDN,2023,Indonesia,8.81617114965635,8.70644262391541,20.2824087016026,26049072329.2,328300136.7,60683559761.5,29.935375315129,399613483613.1,235113555975.2,299193062590.762,291287449052.778,4192.64401034181,4876.2992959843,4041.42731773608,4810,281190067
IDN,2024,Indonesia,12.3435069572266,12.2381760660002,24.6905963826299,38206573831.4,328834333.7,76758123088.1,30.9729980083421,421059208493.8,245496602121.5,312191732046.939,302180298060.531,4367.94741847938,4925.43644992666,4205.19878648058,4920,283487931
IMN,2010,Isle of Man,,,,,,,,,,,,70747.8417587183,70587.3140283741,73460.0522128277,72410,83873
IMN,2011,Isle of Man,,,,,,,,,,,,71727.5055082703,77808.8579649376,74842.3587191113,74840,84382
IMN,2012,Isle of Man,,,,,,,,,,,,77009.2978612012,79329.2034347434,78477.949204214,82400,84335
IMN,2013,Isle of Man,,,,,,,,,,,,80383.8273088527,83207.6588430451,82689.652864356,87680,84141
IMN,2014,Isle of Man,,,,,,,,,,,,84778.5806639347,91885.4528718026,84192.4331206227,88570,83892
IMN,2015,Isle of Man,,,,,,,,,,,,84753.5187422732,84753.5187422732,81663.4917804145,83630,83593
IMN,2016,Isle of Man,,,,,,,,,,,,90783.7647245394,82025.9454509241,80958.9767866386,78690,83466
IMN,2017,Isle of Man,,,,,,,,,,,,93200.3108083857,83481.3038489014,84995.6145603538,77890,83609
IMN,2018,Isle of Man,,,,,,,,,,,,95040.4061748938,89393.8244248812,90219.1769651947,83430,83805
IMN,2019,Isle of Man,,,,,,,,,,,,95110.1385990737,87127.5517977404,90598.8737489433,84470,83957
IMN,2020,Isle of Man,,,,,,,,,,,,86595.0676099275,79513.5330346598,84740.5784715612,79280,84064
IMN,2021,Isle of Man,,,,,,,,,,,,89873.5420093569,94299.969348965,77474.4576294161,76440,84106
IMN,2022,Isle of Man,,,,,,,,,,,,86100.5672917037,88328.548125887,75450.1586355269,78440,84132
IMN,2023,Isle of Man,,,,,,,,,,,,84315.137992954,90015.2074234398,81295.1058809529,87030,84165
IMN,2024,Isle of Man,,,,,,,,,,,,,,,,84160
IND,2010,India,1.74480879947485,1.73933242125481,6.81923327447653,6226748157.8,19605239.1,24412612396.9,17.520327243228,290427544563.2,100563268387.3,357996440571.598,348035371769.33,1235.15939132939,1347.51939071367,1222.18246201283,1210,1243481564
IND,2011,India,1.7610880638326,1.759618267229,6.4138689129389,8033056536.8,6709954.9,29280766491.7,18.5055609944676,334399298473.1,107925728806.8,456522683721.069,446375404070.602,1281.61054354937,1445.46127486037,1270.68145119232,1350,1261224954
IND,2012,India,1.68235421098899,1.6819513268462,6.71426990966754,7631756047,1828063.3,30465608110.3,21.7351878662519,392576050359.7,119894791006.4,453744167574.11,443845180758.278,1333.09626557649,1429.32199520032,1317.77123853844,1460,1278674502
IND,2013,India,2.26107481576509,2.25943571780713,8.08000121217609,10834066073.2,7859526.8,38743862600,23.3008757774803,427245079805.9,121461812286,479503178064.073,468273426431.433,1399.4537980281,1432.84397512195,1382.35640230408,1500,1295829511
IND,2014,India,2.70826109311248,2.70765442343198,18.6296205367074,13490067021.7,3022547.7,92816434569.4,22.7049198417658,457507409077.4,152515175893.8,498219673269.869,485583046457.597,1484.31640682961,1553.88396075118,1467.13025019152,1540,1312277191
IND,2015,India,3.08583603985883,3.08520682504648,11.2063688175425,13672535138.4,2788455.4,49662625593.8,23.0297689509967,478831010025.1,162310887267.5,443164297038.466,428630903175.95,1583.99815907985,1583.99815907985,1565.6208667604,1580,1328024498
IND,2016,India,5.0640816393411,5.06303391726372,17.2634154874596,22577005518.6,4671986.7,76980765505.3,20.0812235448632,455541896498.9,153013284921.7,445918512250.489,430433487927.696,1694.46534973787,1707.50892912243,1675.01120417113,1670,1343944296
IND,2017,India,2.78304119910956,2.78246051138132,10.0846800379296,14133457301.2,2949592.7,51224947893.9,19.5049373712632,511575707373.6,183017515967.3,507948171892.783,489400913160.193,1788.69770318481,1950.10468280866,1769.32021620398,1790,1359657400
IND,2018,India,4.23273227574917,4.23177882817729,11.3976479343618,23631238116.9,5324273.2,63647119390.1,19.4905310721105,521175685410,180539953724.2,558423279580.479,537042432147.227,1883.35772705055,1966.25455171679,1863.34017714491,1970,1374659064
IND,2019,India,2.90807415383996,2.89848285073821,9.0023457004643,16503402899.9,54611031.9,51257621931.8,19.9766366353145,561017395481.3,192007477543.8,569380732947.818,546033120468,1936.03067741063,2041.42863698585,1917.66516456133,2070,1389030312
IND,2020,India,5.12885262296047,5.12542768632994,15.0538331069002,26000741056.4,17374333.6,76366469390,21.4094740100862,564979321177.1,192805075629.9,507289199021.317,484690629550.363,1806.50110583865,1907.04251637669,1780.4788640595,1900,1402617695
IND,2021,India,2.43281784750629,2.43094119175508,7.81076067172717,16209315281.6,12513385.7,52081507667.3,19.5524130311129,611987174447.7,205281682146,666791748668.23,643079815639.228,1965.30943437472,2239.61384367482,1940.45864059462,2170,1414203896
IND,2022,India,2.25267551729205,2.21600015416022,8.26658065989597,17613243431.2,291503634.4,65704552065.6,18.6518069060743,615514904164.5,205217150708.4,794821399183.285,767643055702.076,2098.21124476122,2279.98145719369,2069.49163113072,2360,1425423212
IND,2023,India,2.83215957933619,2.7280848398662,10.1619274745821,22127216843.5,844139557,82422353400.5,18.0442974446192,647556415555.5,214911618610.1,811089762317.846,773177224117.866,2229.71491223037,2434.44826340989,2198.9834978546,2490,1438069596
IND,2024,India,3.1644652454283,3.06763820159513,10.493447761841,26787302732.6,845515398.3,91617460130.9,18.5795533694083,716456023890.4,238949800499.3,873222361055.193,822141191860.488,2366.8328910323,2591.9916607122,2334.90982367124,2550,1450935791
IRL,2010,Ireland,,,,,,,,,,283491029103.318,207839505909.956,46991.6464673949,48623.9666422487,36328.8289186734,44970,4560155
IRL,2011,Ireland,,,,,,,,,,311289195191.8,231767293649.004,47539.9181739968,52613.8540355689,36100.4715287573,42670,4580084
IRL,2012,Ireland,,,,,,,,,,308820471000.25,235094046155.588,47147.1604669421,49335.8408099555,35896.0609201739,41070,4599533
IRL,2013,Ireland,,,,,,,,,,342734365157.83,266617022053.117,47928.0346487005,52537.6108648692,38106.340909946,44170,4623816
IRL,2014,Ireland,,,,,,,,,,392080999620.698,306363812901.406,52044.6201181887,57214.5379785709,41066.8289892424,47580,4657740
IRL,2015,Ireland,,,,,,,,,,469282132013.73,382555862410.411,64250.1385181257,64250.1385181257,49915.4168382707,52340,4701957
IRL,2016,Ireland,,,,,,,,,,478622729354.789,394328775679.877,64205.979777351,64129.5571542383,51848.0824038384,52880,4762722
IRL,2017,Ireland,,,,,,,,,,547269193890.877,448785241678.119,69748.6221034014,72161.4047531385,54110.8869090105,54410,4827445
IRL,2018,Ireland,,,,,,,,,,608031307252.774,497858959870.311,74029.0550611436,80804.1123164826,54917.7215275952,59110,4898022
IRL,2019,Ireland,,,,,,,,,,659754672442.795,534159357875.129,76485.635854651,81827.6688873996,56695.8537318807,62460,4976456
IRL,2020,Ireland,,,,,,,,,,726211345965.005,610592358336.145,80927.936475395,86514.0706108754,57581.6743225775,64420,5039747
IRL,2021,Ireland,,,,,,,,,,872462277275.181,722655190480.953,92781.2322150786,103783.446284479,63166.6620682701,74070,5110585
IRL,2022,Ireland,,,,,,,,,,922961202364.545,763233489169.564,97793.5366671697,105190.685952731,64217.2717412305,75970,5212836
IRL,2023,Ireland,,,,,,,,,,1031457042001.36,761875802286.114,93541.9643678381,106818.917130804,65285.7194613274,79280,5311538
IRL,2024,Ireland,,,,,,,,,,1194103421956.37,882292510602.416,94474.9879707069,112894.953240805,67024.4285580237,80650,5395790
IRN,2010,"Iran, Islamic Rep.",,,1.65816700398136,1667600242.5,7028445.2,1807534687.7,4.05805118001816,19768742370.1,5959567188.3,,,5249.06133369759,6291.19443655454,6803.92300248478,5910,77420842
IRN,2011,"Iran, Islamic Rep.",,,1.04203676500054,1503956397.9,2404572.2,1653826970.1,2.74169060239135,17260291984,4750904847.8,,,5321.75870744453,8025.68743364356,6986.16851368165,6680,78383598
IRN,2012,"Iran, Islamic Rep.",,,0.505689329536826,479919989.8,655572.5,599393562.3,1.15421603802317,7481954468.2,4347214490.5,,,5058.64637811835,8114.08099831877,5940.61788822341,7310,79370580
IRN,2013,"Iran, Islamic Rep.",,,0.444173683773493,428844858.1,2817538.1,438630396.2,1.39260534305275,7013042464.9,4040211250.8,,,4916.97291948475,6222.74194840326,5619.60896326377,7220,80414686
IRN,2014,"Iran, Islamic Rep.",,,0.487614453122765,505866141.9,1083497.5,511307639.4,1.25206746599556,5817911004,3320128109.2,,,5093.20319702187,5672.06372896319,5590.00536997571,6660,81502045
IRN,2015,"Iran, Islamic Rep.",,,0.912017039120813,690104214.3,1000374.1,729458588.4,1.57653508272573,6455859301,2460324353,,,4952.73355532178,4952.73355532178,4956.4254724277,5460,82619362
IRN,2016,"Iran, Islamic Rep.",,,2.40297736270952,2021257479.2,1675020.5,2085904499.7,1.31827151241227,6058410415.5,826827142.6,,,5312.61724954192,5710.59947089104,5329.67119797305,5530,83812228
IRN,2017,"Iran, Islamic Rep.",,,0.465745117802912,409564500,1058081.4,490443581.4,1.39231179104553,6819093933.4,589258286.2,,,5395.2398398598,6000.93346404409,5541.75727228699,5640,85026754
IRN,2018,"Iran, Islamic Rep.",,,0.166737548283308,155814584.9,1908808.6,193817393.5,1.43997047778518,5773699803.6,437139539.8,,,5127.22495367018,4783.01067340237,5010.84898944808,5390,86117998
IRN,2019,"Iran, Islamic Rep.",,,0.422613619880303,108337533.4,19575688.8,334004222.2,1.45553662774804,4855393068.1,370082138.3,,,4952.45669081078,3997.4935449585,4361.80574666348,4710,87051648
IRN,2020,"Iran, Islamic Rep.",,,0.620288000844809,99927658.7,6228403.3,328100062,2.07575442854437,5433188395.8,418801442.7,,,5132.82430762118,3202.50003502169,4297.22947052365,3980,87723443
IRN,2021,"Iran, Islamic Rep.",,,0.437279150549298,94677008.4,3663983.1,344318991.5,2.69987581539856,10348874166.9,332365274.2,,,5300.62271961895,4605.14881318992,4940.86534921386,4110,88455488
IRN,2022,"Iran, Islamic Rep.",,,0.16238790229739,59115039.5,85348427.1,176245466.6,2.40236604365308,9459955524.4,396711185.2,,,5465.31447539413,4721.20437099984,5131.71718406534,4390,89524246
IRN,2023,"Iran, Islamic Rep.",,,0.330603345807062,75111655,247151266.1,360691921.1,2.45280776346942,9900872535.1,388146480.3,,,5687.84396268742,5049.29931642754,5032.40824248756,5070,90608707
IRN,2024,"Iran, Islamic Rep.",,,0.284993582584259,76467184.6,247554051.4,362016236,2.21280566524888,9654298895.5,323488047.1,,,5834.44296939863,5190.16959024821,5001.9443856067,5130,91567738
IRQ,2010,Iraq,,,,,,,,,,56673800000,54593900000,3881.94327045302,4461.75196161555,5633.52935610719,4390,31045366
IRQ,2011,Iraq,,,,,,,,,,83678000000,82506000000,4030.01686860986,5775.54229080293,6615.14385497218,4740,32161424
IRQ,2012,Iraq,,,,,,,,,,99120000000,97040000000,4387.90469058707,6477.59618450955,7017.02842986127,5980,33654842
IRQ,2013,Iraq,,,,,,,,,,93857082324.13,93390982324.13,4504.82687537354,6650.35282247395,6950.69696808704,6620,35281989
IRQ,2014,Iraq,,,,,,,,,,89245000000,88949100000,4446.97343234862,6249.39226978969,6376.00200792519,6440,36550059
IRQ,2015,Iraq,3.32489029838466,2.26494219458567,3.33581373594627,1283685382.7,600739343.6,1890615726.3,11.579236426727,19135602755,15545223030.9,56676297777.87,56370597777.87,4440.14189252367,4440.14189252367,4399.77487738345,5460,37560535
IRQ,2016,Iraq,2.84196508369642,2.69689819928124,2.87715256580691,1271978551.2,68420070.7,1356994621.9,14.1379782009615,23353445730.2,18147231927.8,47164500000,46829600000,4932.9272911439,4334.42096404188,4921.81370817963,5060,38469627
IRQ,2017,Iraq,2.25499184346998,2.19365973015924,2.28590905651489,1406637269.9,39327902.7,1465790172.6,15.1156613914556,28081416224.6,21978614420.3,64122856000,63604256000,4736.32710809857,4759.2846435467,5233.26560365432,4430,39337353
IRQ,2018,Iraq,2.13788680816783,1.89862020140284,2.1555189552832,1767558448.9,222750032.9,2006723481.8,12.3208283081304,27797448159.7,22475314270.2,93097000000,91930700000,4749.00921836896,5646.68932074742,5868.15162656376,4820,40265624
IRQ,2019,Iraq,2.97914686271242,2.12987919426055,2.99500628539015,1929987902,769563048.5,2713921950.5,11.8236722126954,27486478709.1,22705596068.1,90614900000,88902900000,4898.14897668582,5671.8568632942,5931.26447646324,5520,41192171
IRQ,2020,Iraq,7.79887895237227,5.40583601116042,7.80172338370913,2786130039.3,1233357580.6,4020953619.9,14.7009987283311,26328297576.5,22804738064.5,51539300000,50665900000,4213.99843766061,4295.18945121228,4251.6451516135,4720,42116605
IRQ,2021,Iraq,5.23051344301384,3.96710416685182,5.233179700008,3124574551,995087677.5,4121762228.5,12.2142568885482,25360186233.3,20613870737.4,78762100000,78260500000,4182.50064045825,4868.49431080783,5763.00985628443,4740,43071211
IRQ,2022,Iraq,3.5646821528707,3.29769160977128,3.61085455056792,4238852795.2,343189644.1,4641392439.3,7.93319206853994,22722727263.8,17935651987.7,128540000000,127078800000,4412.99733146512,6520.73154560584,7132.11961434229,5510,44070551
IRQ,2023,Iraq,3.94427714745931,3.82051425094544,3.99250437979392,4297711243.1,139221360.5,4491183603.6,7.52940734720434,20318433379.4,15685589004.2,112490386393.31,107851886393.31,4337.0870532422,5965.31835077761,5816.10434144577,5920,45074049
IRQ,2024,Iraq,2.92168635907611,2.80128897168779,2.95676245098624,3244531323.1,139447625.2,3422697948.3,6.22639916968424,17517006333,12931630316.7,115822800000,111195200000,4180.29619477317,6073.61032342708,5473.40967566481,6030,46042015
ISL,2010,Iceland,,,,,,,,,,7736396105.98509,7145033220.47946,49528.4864733411,43776.4677400475,41982.8379896863,38480,318041
ISL,2011,Iceland,,,,,,,,,,9688846776.83408,8309536864.57303,50058.8302665144,48254.953927254,43701.0603018395,39690,319014
ISL,2012,Iceland,,,,,,,,,,9063758339.60604,8101394462.93423,50375.4117054195,46594.9869146614,44852.8250742046,43190,320716
ISL,2013,Iceland,,,,,,,,,,9763545363.68753,8594455928.38632,51696.0876507326,50173.3360061057,49768.4110715615,49540,323764
ISL,2014,Iceland,,,,,,,,,,10211277708.3649,9189216044.55262,52102.575810195,55140.364935793,50224.3091932998,50800,327386
ISL,2015,Iceland,,,,,,,,,,10086504521.057,9085995432.35,53505.6964079339,53505.6964079339,53488.8227507648,53170,330815
ISL,2016,Iceland,,,,,,,,,,11259782845.873,10061754353.3366,56049.2928672039,62854.0906407932,57150.9023729392,59210,335439
ISL,2017,Iceland,,,,,,,,,,12411408770.5862,11486134709.1711,56657.9800322797,72976.3729990975,57307.8419920422,62770,343400
ISL,2018,Iceland,,,,,,,,,,13308000873.3882,12411240656.51,57731.6523639512,75633.8651351915,57810.7244229644,72840,352721
ISL,2019,Iceland,,,,,,,,,,12036612355.6921,11164391646.736,57118.8452777198,69296.3144361601,57913.2414341951,75560,360563
ISL,2020,Iceland,,,,,,,,,,8280512551.75986,7550733102.54361,52464.3073240589,60127.9393575616,53327.4784610438,66730,366463
ISL,2021,Iceland,,,,,,,,,,10558091844.1712,9795129226.75507,54285.0209203242,70425.4064277273,54272.431294364,68000,372520
ISL,2022,Iceland,,,,,,,,,,14307671624.6274,13576552840.1005,57626.2533717585,76376.9599334915,57662.8296404733,74620,382003
ISL,2023,Iceland,,,,,,,,,,15145732805.8632,13976264145.8727,59951.7537739692,82201.2908518078,58797.9189656965,80870,385663
ISL,2024,Iceland,,,,,,,,,,15207002213.0774,14089482671.2691,59053.5648370451,85863.1479330343,58380.8522905998,80910,386506
ISR,2010,Israel,,,,,,,,,,87251600000,80562700000,33307.1044316197,31398.9266927022,32383.9612728168,30770,7623600
ISR,2011,Israel,,,,,,,,,,99803400000,91602400000,34499.9509262825,34476.7252065949,33321.3396166051,32820,7765800
ISR,2012,Israel,,,,,,,,,,98908800000,91421300000,34685.0915981013,33268.7066672115,33412.0203272033,33500,7910500
ISR,2013,Israel,,,,,,,,,,105869400000,97883900000,35436.2912873273,36980.622214228,34386.1124285281,35470,8059500
ISR,2014,Israel,,,,,,,,,,108955700000,99066200000,36055.08530225,38265.3651949373,35470.8498915917,37000,8215700
ISR,2015,Israel,,,,,,,,,,105018300000,93506000000,36138.13561386,36138.13561386,36180.6059193628,36900,8380100
ISR,2016,Israel,,,,,,,,,,106811600000,95484600000,37044.0118623764,37571.2561196275,37334.4760579685,37240,8546000
ISR,2017,Israel,,,,,,,,,,116894400000,103811500000,37911.0217281157,41013.2575323519,38277.5043197436,38600,8713300
ISR,2018,Israel,,,,,,,,,,126217200000,111371700000,38695.0100079706,42269.3770257585,38909.4084031389,41960,8882800
ISR,2019,Israel,,,,,,,,,,130344900000,115903100000,39322.038041422,44091.8678022544,39770.3072587903,44110,9054000
ISR,2020,Israel,,,,,,,,,,123085100000,111570300000,37938.3809354755,44590.8237253282,38395.1266748929,43330,9215100
ISR,2021,Israel,,,,,,,,,,158650200000,141075400000,40788.2391785198,52258.4693499398,41191.9617367085,49640,9371400
ISR,2022,Israel,,,,,,,,,,183847700000,164406800000,42539.2748766689,54947.2091250715,43146.4760624717,55460,9557500
ISR,2023,Israel,,,,,,,,,,173006500000,154638200000,42131.7415675806,52126.4489280033,42083.3502333175,54480,9849000
ISR,2024,Israel,,,,,,,,,,172319200000,153686400000,41882.0474698252,54216.5218142787,42216.7276582028,53090,10002200
ITA,2010,Italy,,,,,,,,,,615222290429.435,534720298154.688,31928.5543621096,35856.8625485539,31662.0508258335,37720,59819407
ITA,2011,Italy,,,,,,,,,,706254667416.831,614524092960.014,32039.5032494316,38432.3742820019,31536.0234543893,37710,60026841
ITA,2012,Italy,,,,,,,,,,663909162189.233,587873144534.292,30953.4147447427,34854.3949441965,30390.1702063654,35970,60191247
ITA,2013,Italy,,,,,,,,,,684511998401.835,606832322478.214,30330.0221599668,35701.6746002376,29888.1482544436,35700,60311613
ITA,2014,Italy,,,,,,,,,,705023236245.104,621675245355.574,30325.0287793923,36028.3494022349,30146.5667602107,35370,60320707
ITA,2015,Italy,,,,,,,,,,597081346730.115,537689164688.14,30639.8829751432,30639.8829751432,30427.9559651801,33460,60229605
ITA,2016,Italy,,,,,,,,,,614134015650.722,543519233750.649,31077.6792675211,31391.5692898108,31385.2483001201,32400,60115223
ITA,2017,Italy,,,,,,,,,,677095646687.349,594900750678.775,31635.52277108,32844.115660604,31878.6039449098,31790,60002252
ITA,2018,Italy,,,,,,,,,,749460433372.674,656056674072.766,31963.6417148824,35062.3364176949,32330.8611114307,34270,59877221
ITA,2019,Italy,,,,,,,,,,726823147298.612,636152769354.213,32180.4341017428,33812.788724868,32516.4393977103,35030,59729081
ITA,2020,Italy,,,,,,,,,,637809565780.997,559952124627.845,29469.7989238626,32091.4866621366,30181.9250093983,32600,59438851
ITA,2021,Italy,,,,,,,,,,774393523655.7,678549453508.802,32267.7091050201,36852.5425414951,32588.0693053532,36760,59133173
ITA,2022,Italy,,,,,,,,,,842693496694.578,737083862450.219,33891.8866526216,35653.9042103495,33118.8580694218,39060,59013667
ITA,2023,Italy,,,,,,,,,,904363666074.365,774437757316.944,34221.7182928271,39279.699782164,33886.8334493682,38750,58984216
ITA,2024,Italy,,,,,,,,,,913353728693.921,771896877603.226,34508.1235191237,40429.6224047352,34391.2141296201,38640,58952704
JAM,2010,Jamaica,19.6156362034008,19.4336054800268,28.0476702965134,825457032.2,7731892.1,1191345924.3,111.477878300425,14186599700.2,7602866446.8,4247575330.51897,4004373830.42721,5271.57221477938,4809.977380312,,4490,2748568
JAM,2011,Jamaica,27.2971434009455,27.0191014077414,36.6237590389011,1217963635.6,12533541.8,1650921177.4,102.594960387927,14287642491.2,7761935117.9,4507787350.95548,4286304114.25417,5339.62170188798,5232.63644918132,,4700,2760494
JAM,2012,Jamaica,22.89637946836,22.7003147508873,37.3827057135913,1097474229.8,9478986.4,1807312216.2,97.533634321443,14247212086.3,7393048417.9,4834621201.70428,4484222345.31402,5284.00852557589,5340.83333232158,,5100,2772430
JAM,2013,Jamaica,22.7845301745032,16.7895709073009,26.2722239661122,773707090.3,276263313.5,1210692403.8,92.5263767855286,12889484163.8,7445800826.8,4608260059.60377,4335595474.40964,5289.88438546111,5124.21301411137,,5150,2783687
JAM,2014,Jamaica,28.4817840696024,19.6544549306844,33.5674248831275,922174399.5,414172612.6,1574962012.1,103.505518206473,14077596820.6,7990349905.9,4691935760.88598,4400824131.38955,5307.19165380801,4975.11325459872,,5060,2793749
JAM,2015,Jamaica,27.5415195975973,24.5088096410039,87.9215554041542,1133753806,140290226.5,4067166032.5,102.233103966178,14055964975.2,9642321014.4,4625903185.86178,4313628181.64029,5339.30718256806,5339.30718256806,5182.30640038549,4940,2802534
JAM,2016,Jamaica,37.2880324310085,37.0096238067705,40.2565904402687,1744548583.1,13123542.5,1897603125.6,103.886277698998,14006048394.7,9500793571.8,4713770105.33366,4404773801.36883,5472.28314023034,5302.29553353854,,4990,2809915
JAM,2017,Jamaica,24.4638937208423,23.9395264436514,26.9821050334677,1241452138.3,27192554.5,1399233692.8,101.365415520473,14584440916.3,9923560350.7,5185784026.35539,4867024216.89571,5586.1365723133,5605.43541173019,,5300,2815764
JAM,2018,Jamaica,18.1223091888784,17.028633743767,23.8314773245161,1046936339.1,67240189.9,1465181529,115.828374040562,17530384500.9,9753041430.9,6148093586.68137,5790629494.80051,5717.87621107532,5976.90362644337,,5610,2820097
JAM,2019,Jamaica,32.2741245027401,30.6026410579077,86.0414292320372,1961942770.8,107159210.7,5516136981.5,93.9919706948192,14464674889.2,9401176404.3,6411024352.72668,6030893624.62189,5814.79275311692,6030.68896415921,,5930,2823271
JAM,2020,Jamaica,33.4545221164678,29.8628935937897,51.1467226717151,1073526109.4,129113643.4,1838647752.8,108.469244687444,14489345389,9154851514.9,3594849594.96106,3249426079.76384,5317.84145033966,5299.04530804283,,5360,2830739
JAM,2021,Jamaica,24.3888812278392,21.3668691775706,29.0908156793118,1021579616.2,144486582.7,1390872198.9,112.623465618435,16036439681,9024056033.1,4781138536.06769,4400704750.71587,5607.45378253877,5625.67806271236,,5690,2837682
JAM,2022,Jamaica,17.9531039417069,15.7688244789336,22.6105240997185,1084900179.5,150279127.3,1555611306.8,94.4321571697853,15812061001.6,8763564140.9,6880032059.13908,6423628273.81864,5965.46127464873,6626.47502388538,,6340,2839144
JAM,2023,Jamaica,21.6814427041675,17.8142557033673,38.0423395484765,1394993171.6,302830471.8,2979007643.4,80.4588971641398,15395210849.4,8397046391.3,7830768766.47904,7274920569.6853,6127.90771263434,7542.39855849054,,6860,2839786
JAM,2024,Jamaica,19.798472373571,14.5523547481237,31.8505046193829,1119664983.2,403638744.7,2450592727.9,76.0700580586773,14836981078.4,7944015967.4,7694046788.84952,7123673191.93933,6096.4327030963,7753.8119527678,,7190,2839175
JOR,2010,Jordan,4.61611682726594,4.58098195516604,5.78863929536448,624802709.7,4792065,789515774.7,62.7590806656665,16894215040.7,6323223163.6,13639056338.0282,12751830985.9155,5066.49720027725,4139.04283161368,,3950,7297043
JOR,2011,Jordan,5.09320911617854,5.09052158192756,6.4642364896789,735794027.1,388461.5,934353488.6,59.7339174529003,17477930466.6,6126047071.4,14454197183.0986,13743802816.9014,5085.98005025386,4363.42800211536,,4140,7480424
JOR,2012,Jordan,4.99816354736951,4.93893122427264,6.29930345834037,740714471.3,8883346.8,944735818.1,58.5598260044692,18297915662.4,6115952264,14997464788.7324,14307323943.662,5135.0327939589,4593.83609729005,,4400,7587127
JOR,2013,Jordan,4.82284610922177,4.77766648229879,6.17182141088357,717665394.7,6786546.3,927084941,67.4266385860852,23003169930.4,8684990532.2,15021253521.1268,14227746478.8732,5007.76162067161,4739.02253641778,,4510,7991809
JOR,2014,Jordan,6.92641762120627,6.80170630743078,8.10709321682764,1115815129.8,20458803.2,1329962933,66.2217873926144,24125234088.8,9531781506.8,16404929577.4648,15524929577.4648,4703.39944986815,4610.60460269382,,4380,8791710
JOR,2015,Jordan,12.5964927842475,12.0814299661174,14.1388961326861,1794892106.6,76520924.2,2100562030.8,67.0927641139484,25598481274.6,10854758224.8,14856619718.3099,14120563380.2817,4441.61896013754,4441.61896013754,4396.23737522534,4220,9544729
JOR,2016,Jordan,15.0520411889658,12.9241395574906,17.1503390780725,1847988129.6,304262959.9,2452281089.5,68.4833967118955,27110465347.6,12506629257.7,14298732394.3662,13538028169.0141,4326.17261571505,4366.06999647268,,4200,10006367
JOR,2017,Jordan,9.66368027077472,6.19364023725288,12.3017188255286,939435649,526326875,1865893524,72.5857469158017,30051818034.6,15158743078.9,15167746478.8732,14300140845.0704,4335.92512689541,4449.34618076611,,4300,10234226
JOR,2018,Jordan,10.003310314028,6.7892115254261,13.9594674109825,1095147630.4,518456769.1,2251760399.5,73.9512312696322,31925591353.8,16363168363.7,16130704225.3521,15092676056.338,4320.029787425,4533.97658437205,,4480,10462306
JOR,2019,Jordan,14.69228215547,12.2378177709782,19.2145322382441,2134396073.8,428082787.6,3351203861.4,75.2477556467505,33493554481.7,16852819252.5,17440985915.493,16170140845.0704,4313.80791426608,4557.79334729121,,4580,10671891
JOR,2020,Jordan,22.0620057347726,20.2393427429443,27.3626006953401,2298847262.2,207023710.3,3107928972.5,87.2903094132487,38038131759.6,18778487927.6,11358309859.1549,10444366197.1831,4188.21240095719,4411.48321838396,,4460,10865228
JOR,2021,Jordan,18.1645275952876,17.9371094003156,21.3934366564588,2625841235,33292101.9,3131818336.9,90.649566277089,41757187873.1,19865916632.4,14639154929.5775,13869577464.7887,4266.3790298994,4581.71967230365,,4650,11066356
JOR,2022,Jordan,16.9001618228763,16.5771873976811,23.1153007808048,3616698675.3,70464376.6,5043140051.9,85.3105835968273,41170195546.7,19227242486.9,21817323943.662,20743380281.6901,4309.61432856804,4754.41362207378,,4810,11256263
JOR,2023,Jordan,10.9346599098947,9.82808686022585,16.2393218106271,2371960315.4,267065950.6,3919280266,87.8712529400758,44559287366,22489380179.8,24134507042.2535,22232112676.0563,4373.38088482368,4906.23543006639,,4890,11439213
JOR,2024,Jordan,9.96546655297529,8.34917496599187,18.1501287979427,2072618008.6,401231865.9,4505628874.5,90.1349716229773,46966040104.7,23707731206,24824225352.1127,22734507042.2535,4441.03974922351,5073.92103605892,,4880,11552876
JPN,2010,Japan,,,,,,,,,,1071820302891.29,869989651841.154,33311.2872381879,45378.1378109399,34349.3901932471,44290,128070000
JPN,2011,Japan,,,,,,,,,,1164214791138.41,930660438539.973,33306.1802259719,49122.077634247,34021.408058143,47800,127833000
JPN,2012,Japan,,,,,,,,,,1143468463973.13,913614132577.114,33909.4911855243,49626.6830327571,34520.7141822941,50540,127629000
JPN,2013,Japan,,,,,,,,,,1071882292293.55,830338357518.286,34636.6924746166,41369.1948479498,35348.8450049035,49350,127445000
JPN,2014,Japan,,,,,,,,,,1119748174410.1,862973565685.066,34996.8796756631,39172.8471161948,35738.4931486516,45180,127276000
JPN,2015,Japan,,,,,,,,,,1033377577071.41,784710796800.766,35664.6446110613,35664.6446110613,37039.9707784327,40140,127141000
JPN,2016,Japan,,,,,,,,,,1077043635143.76,811524245542.463,35934.4467886662,40214.9688631562,37483.2620370139,39220,127076000
JPN,2017,Japan,,,,,,,,,,1154300280466,875513551319.491,36547.7357437305,39679.8635262948,37978.9063763724,39700,126972000
JPN,2018,Japan,,,,,,,,,,1233341756001.13,929827552588.353,36899.3847079435,40645.478086519,38104.1254189155,42720,126811000
JPN,2019,Japan,,,,,,,,,,1218124140370.25,904632403731.961,36837.2583653113,41424.8655601543,38127.658182345,42960,126633000
JPN,2020,Japan,,,,,,,,,,1075409136991.79,794291076749.504,35363.2996951789,41098.9739004553,36833.9202186716,41880,126261000
JPN,2021,Japan,,,,,,,,,,1267664664421.43,920638680725.467,36792.556429474,41580.739040705,38215.0785591366,45160,125681593
JPN,2022,Japan,,,,,,,,,,1303765281699.81,922813472158.58,37448.3504824849,35548.2645222433,38406.0002410761,44300,125124989
JPN,2023,Japan,,,,,,,,,,1337081793706.13,923487639370.709,37902.5492204411,35215.003535366,39323.7200736946,40740,124516650
JPN,2024,Japan,,,,,,,,,,1367723798247.52,934004403952.188,37976.6371788298,33797.1014287876,39758.3982462228,37170,123975371
KAZ,2010,Kazakhstan,0.480663553026175,0.478226931808764,56.7946106717344,332388512.8,1693557.7,39474724070.5,92.6005686097178,119150770510.9,3845400702,69504348394.3554,66803056755.3826,8704.70655484556,8793.07589980782,7684.21953192487,7210,16836810
KAZ,2011,Kazakhstan,0.204777882469426,0.204171785898664,33.9311845536376,195254649.5,579625.5,32449251095,75.4058752094542,124330240756,4683346738.1,95632532497.3699,93400529965.287,9223.3021336315,11287.1464926039,8733.72651887287,8030,17066002
KAZ,2012,Kazakhstan,0.349571510361866,0.349404223357885,24.5837959573588,329826241.8,157913.5,23206305155.3,75.5060611702048,135821411914.4,7693884906,94396753030.1339,92307195714.8796,9531.91477617058,12018.7966527993,9076.75050959804,9640,17306106
KAZ,2013,Kazakhstan,0.594690740894376,0.593983450796803,32.2228277367805,570165583.9,678928.8,30930739512.7,71.8109289830663,151870706097.5,14479564883.9,95990146381.2077,93669782203.6921,9959.72586930534,13478.459627612,9685.62946930874,11490,17556502
KAZ,2014,Kazakhstan,1.23550765666923,1.23517815303761,39.4342474266966,979797363.6,261376.7,31280970740.3,80.6316289334986,160226745867.8,17652786225.5,79324376098.333,77108811971.2797,10226.7100539683,12427.7094576939,10146.1753669392,11720,17816285
KAZ,2015,Kazakhstan,2.51876588133725,2.51828538252361,70.3930594217248,1261239048.1,240649.4,35255128697.5,90.3781219318061,156146738966.4,23080779110.4,50083245403.9063,47824824676.9038,10196.1226255982,10196.1226255982,9553.68789316244,11040,18084169
KAZ,2016,Kazakhstan,3.76275346889076,3.76186480906824,45.6795104482137,1706470370.1,403117,20721300487.1,134.847682725523,166979215648.4,24915339661.9,45362352362.7546,43106088497.3021,10151.423313302,7475.56688689424,9111.51939286335,8500,18363600
KAZ,2017,Kazakhstan,4.24822958368862,4.24779283568674,48.7861705508129,2481674536.6,255159.9,28502189696.5,109.692413392467,163065769204.6,25412286778.8,58422682851.9237,55974348709.742,10404.2718646317,8943.08416791984,9518.26210971642,7780,18651931
KAZ,2018,Kazakhstan,3.15216222952207,3.15149493080058,49.7842789313445,2173462656.4,460209.8,34334267866.2,102.472812128434,161167886073.7,28370267987.8,68966084481.3058,66345230456.6365,10670.2120148279,9472.48527327758,9965.09479441809,7800,18932727
KAZ,2019,Kazakhstan,5.53654787456532,5.52979107784126,48.8739232570914,3860467380.7,4717066.7,34119948447.4,107.373342903391,170696302166.4,36420510623.6,69812174209.7906,67295793717.6678,10989.6840718388,9457.12614657136,10195.1733406912,8500,19209555
KAZ,2020,Kazakhstan,8.5805596539514,8.57763714452547,64.0774877263295,4403515187.7,1500333.3,32895561521,110.819683629583,172889421872.9,37636701853.5,51337158631.2726,49273351002.6887,10565.0359816235,8781.50797787648,9822.09608591925,8380,19482117
KAZ,2021,Kazakhstan,4.08103507796358,4.07954792762983,44.249543629459,3016872678.5,1099764.8,32723047156.2,100.270147736422,173390460628.2,40368641923.1,73951151745.6978,71725659997.8543,10873.3915275276,9983.60103576902,10128.8976804532,8540,19743603
KAZ,2022,Kazakhstan,7.86092059981527,7.83459787002895,51.1629261851802,7623304580.1,25612825.3,49783100037.7,84.7932235856559,169570449960.3,35407055771.4,97303074217.2837,93821705534.195,11058.3482413407,11255.3396437881,11408.1985829151,9400,20034609
KAZ,2023,Kazakhstan,6.67290247278213,6.59469956359279,50.2633943567233,6254425945.1,74167791.8,47647816623.1,72.9017800635209,171483605932.5,32828744888.4,94840195293.03,90741449928.7837,11453.3952725363,12879.4275257974,11422.017167269,10710,20330104
KAZ,2024,Kazakhstan,5.89679684672979,5.81893584803581,48.4343756201676,5552006344.8,74289315.1,46332862901.6,62.6029318152699,167535209792.2,34031829383.1,95412743666.4229,90145180148.2786,11872.7842626298,14154.6324958076,12014.4821849174,12100,20592571
KEN,2010,Kenya,4.13252245505471,3.83845434981506,4.40619610700289,350347030.2,26840461.8,402166492,22.2953111640431,8885235532.9,7027126295.2,9127294433.41902,8983066272.54962,1340.16467408856,1091.51873101194,1154.68327544154,930,41598567
KEN,2011,Kenya,4.01106462245393,3.77585620457605,4.31690093770715,386713866.2,24089465.2,442126331.4,23.9314455090232,10042095566.4,7650035167.6,10241753002.4404,9967810101.05657,1370.58000874482,1096.14499807675,1169.18846038601,1010,42758461
KEN,2012,Kenya,4.3669622549709,4.11731631411176,4.6495039960247,475629146.6,28838903,537107049.6,23.5760157767792,11832175543.2,8962499572.4,11551921453.5405,11205421063.2503,1396.30178709756,1285.00536171512,1210.36342022153,1060,43888303
KEN,2013,Kenya,4.39521003553894,3.98762776605657,4.73075851407227,451065670.6,46104195.4,535125866,25.277644789086,13775500738.7,9769963161.5,11311629295.9828,10978240069.2488,1413.94142522583,1370.87885214659,1219.52057505984,1130,44986791
KEN,2014,Kenya,10.9803114705489,10.4793565031017,11.362004823099,1230227045.9,58809751.3,1333845797.2,27.916456980179,16911742536.7,13300240298.4,11739528524.8276,11243141969.8422,1450.59338202277,1482.81566253497,1267.45631960498,1250,46051440
KEN,2015,Kenya,6.97988902169887,6.36111765449789,8.33004713955533,679900284.7,66136621.2,890346905.9,31.3058278228131,19783760501.7,15145903392.5,10688377760.4593,10608334366.2232,1489.11959777284,1489.11959777284,1342.04957075706,1320,47088526
KEN,2016,Kenya,8.37974777858252,7.70121979310812,11.1736382993382,771070054.6,67936330.2,1118739384.8,28.5315668521598,21057671043.3,17146616388.7,10012310715.8951,9912816058.22779,1517.97796057742,1554.12610314423,1504.07898436937,1490,48139687
KEN,2017,Kenya,12.2072154077007,11.0828010257686,14.5974443871521,1173951605.6,119104192.7,1546242076.9,33.4901470475528,26951349499.4,22399311650.9,10592553298.3083,10448709925.8978,1542.33773973372,1667.48447230835,1523.44143967769,1540,49197766
KEN,2018,Kenya,20.8741614009174,19.6296049872356,23.6995062707777,2311875045.7,146577525,2791207320.7,34.6140434138868,31433802015.7,26988033642,11777491432.9826,11564054354.0726,1596.69045914945,1836.45275528993,1585.4431125217,1720,50207107
KEN,2019,Kenya,35.4025354548448,34.0566991456348,38.427302443419,3980770215.6,157310168.9,4491634975.5,35.4042862038635,34970099589.9,30814097680.3,11688655434.8008,11471244797.1384,1645.70961777862,1960.40808854893,1644.900252949,1880,51202827
KEN,2020,Kenya,22.2657888633085,21.0892060424688,24.2889288609468,2459944831.5,137242190.3,2833175648.9,38.0454096339675,38038451074.1,33533571381.5,11664473411.4041,11516272038.9492,1609.33414078281,1927.66459027849,1620.35490110446,1910,52217334
KEN,2021,Kenya,15.1914325329528,14.2806210264286,16.7806362225923,2081426499.8,132752434.4,2445808263.7,38.1042168095825,41219100011.5,35227659716.3,14575181961.2605,14381858808.5702,1698.89578271444,2061.35622089594,1710.2250527454,2070,53219166
KEN,2022,Kenya,16.5943635034487,16.0861778894013,18.1305777110906,2960585255.3,93529168.1,3336847410.9,36.8769031537885,41556299639.8,35036830473.1,18404528879.7324,18262659339.0953,1747.53198804428,2109.56288513137,1754.47747109602,2170,54252461
KEN,2023,Kenya,19.2021911193581,18.5582003859992,21.1131036239564,3403904539.4,118119372.3,3872519305.3,40.4232521954815,42910026054.2,35863712408.8,18341781361.3436,18157613254.539,1811.21651838425,1942.58802756191,1795.53423095661,2110,55339003
KEN,2024,Kenya,26.0328232449668,25.3970437453808,27.2238636965006,5289139273,132406210.5,5669589267.3,34.992669732423,42886127218.3,35582544109.4,20825806838.097,20536636628.0004,1858.87650030024,2133.46193404026,1840.4342912948,2070,56432944
KGZ,2010,Kyrgyz Republic,3.66530873361719,2.69894645138923,23.0884914585033,61338167.6,21962233.3,524725400.9,91.7410935375773,4118497688,2445760663.4,2272670788.57483,2201949743.76181,962.764789828724,876.954476440354,905.747135561463,850,5467059
KGZ,2011,Kyrgyz Republic,3.36529565903298,2.61463109072754,12.9449613698981,84597184.8,24287980.6,418838165.4,99.1762629048855,5493240304.9,2625642161.2,3235530438.69222,3203900845.802,1005.4831781815,1117.40174350185,929.09241174434,870,5546587
KGZ,2012,Kyrgyz Republic,2.66007091076876,2.07460119444782,10.1144450900577,73285630.1,20681814.5,357294444.6,93.7846806920141,6035834629,2849821878.4,3532516528.77341,3502107225.01233,985.8472865972,1168.62244675446,967.458316446309,1030,5652076
KGZ,2013,Kyrgyz Republic,2.47553946348491,2.0235767548538,10.3913252224685,78024850.8,17426728.6,400667579.4,98.5990223853721,6815197401.3,2956303176.5,3855789043.47698,3815674786.61883,1069.78404438716,1269.66303464348,985.762407280478,1180,5777150
KGZ,2014,Kyrgyz Republic,3.61674838209939,3.00381580194494,12.6344728780715,99562980.9,20315957.7,418775938.6,101.757857315114,7285152487.5,3250347394.1,3314550141.04174,3280839173.35999,1088.58214229508,1264.52668823891,1039.56934050161,1230,5905848
KGZ,2015,Kyrgyz Republic,5.41256918059258,4.78069557241782,17.9907184175471,117331274.8,15507897.3,441541172.1,120.298263428398,7720114040.8,3430742233.2,2454272041.01725,2425023595.28565,1105.65193844261,1105.65193844261,1062.48994932342,1160,6040036
KGZ,2016,Kyrgyz Republic,6.32528266763187,5.46621869634367,30.160898883997,133045493,20909260.3,734103753.3,123.520841603547,7973634965,3607316575.5,2433958470.94434,2413588892.72608,1128.3161612818,1103.27489428412,1120.22407013771,1090,6175338
KGZ,2017,Kyrgyz Republic,6.05922089432194,5.08434897267193,24.920310954891,132446914.4,25395341.4,649172255.8,110.883039410088,8129210633.4,3890453228.9,2604992598.10635,2573040009.9715,1157.18275758067,1221.39046807082,1181.19426715263,1090,6306696
KGZ,2018,Kyrgyz Republic,6.65745012459869,5.59866139779253,24.440619333365,155429299.9,29393953.1,678517253,101.791028770854,8163747921.3,3653132841.1,2776186821.39419,2734422358.21524,1175.0712778747,1283.5203037417,1228.08980039154,1200,6444079
KGZ,2019,Kyrgyz Republic,6.49488542098186,5.64639165894357,26.7800103855079,177592885.1,26687212.7,842297097.8,98.3979993938565,8454325248.7,3711762703,3145245598.02193,3107699962.28396,1201.87701429721,1421.99927504102,1240.04578382419,1240,6590211
KGZ,2020,Kyrgyz Republic,8.42107323642274,7.36018081254454,26.2820298518005,180768886.4,26055928.1,645496814.5,108.254915900414,8675596842.8,3842999656.9,2456038662.69021,2435417783.38534,1093.32856461422,1229.51766602907,1208.17265906044,1210,6726596
KGZ,2021,Kyrgyz Republic,5.60005257749252,4.75997445334988,17.9036313571987,157156880.7,27736295.4,591112176.1,105.027564630253,9060599704.3,3958367257.1,3301632860.43267,3291874196.06867,1132.5546781282,1349.99730650542,1234.77611867229,1270,6851224
KGZ,2022,Kyrgyz Republic,7.44184316368143,6.65111002747442,16.6877462903431,243263696.9,28920986.9,610352683.8,82.1427748417892,9745837593.4,4030926310.1,3657490191.78943,3628136442.09391,1212.17812721768,1739.72018344174,1452.76043519831,1540,6975220
KGZ,2023,Kyrgyz Republic,6.54122142140648,4.91938568773575,27.400907065542,275584513.4,90855411.6,1183082925,67.8468389010041,10168018289.8,4192256559.8,5602010716.23729,5516493094.42897,1298.25724482211,2138.22210211478,1639.32081952256,1840,7099750
KGZ,2024,Kyrgyz Republic,4.66698548382058,3.35713036473246,13.953203049199,287965917.5,112355967.8,817340885.3,69.2449937236268,11689916629.6,4216586368.2,8577740099.85307,8453802891.01696,1423.58624650541,2514.81066933171,1873.22812697204,2260,7221868
KHM,2010,Cambodia,0.981413852265385,0.974633569175303,1.07137162511355,59448052.4,413565.3,65348617.7,29.9079298562711,4010466367.2,3059969249.8,6099528507.96045,5931384790.02975,1155.85236856699,952.274616324008,1089.69724627034,910,14500726
KHM,2011,Cambodia,0.901285928469172,0.899506156931141,4.04182624240968,71537102.8,141544,321443646.8,30.0346821119454,4655287804,3462634145.2,7952930866.42834,7770774163.73532,1221.38839852454,1088.98152823081,1164.50039473333,990,14722584
KHM,2012,Cambodia,0.979600810829859,0.979177514496418,6.0081931735235,89203312.2,38562.4,547347874.6,39.3601562466476,6749242998.3,4287466881,9110024574.64277,8875886160.17969,1295.25271477893,1192.80263041673,1221.78082222667,1110,14945085
KHM,2013,Cambodia,1.11584746168664,1.11431273666554,5.71766110623949,120377285.2,165793.7,617669078.9,40.1421051269754,7619793338,4814874808,10802827719.6415,10537592347.8133,1376.29557595926,1305.6600972686,1291.04965623448,1230,15170208
KHM,2014,Cambodia,1.0927164965712,1.09219809037685,5.36580592745511,134467909.1,63824.5,660620733.6,39.412843059426,8320161444.1,5254753726.4,12311677733.6246,11979344823.6543,1464.53115866927,1431.56396469993,1392.75087979917,1330,15396772
KHM,2015,Cambodia,1.00178003000369,1.00134936517581,5.06464981869505,136631759.1,58763.2,691059522.3,40.7230142466134,9438769397.9,5640718887.8,13644764140.4367,13291033923.3282,1547.32010444393,1547.32010444393,1483.55635910098,1430,15623251
KHM,2016,Cambodia,1.26851392238165,1.26784174940465,5.519546136755,186155396.7,98694.2,810427090.9,39.453958463476,10063760399.9,5835654078.6,14682857445.5301,14305832074.9459,1645.46671578126,1675.19555711109,1579.42171248507,1550,15852803
KHM,2017,Cambodia,1.30456666579732,1.30418320427185,6.42676002872673,212238255.8,62403.2,1045868659,40.5247372404151,11434259074.2,6585750729.4,16273653510.0908,15831866523.1595,1753.93530504662,1826.35391688754,1697.12856459455,1690,16073372
KHM,2018,Cambodia,1.40004084884526,1.39945188527609,7.08370903118656,265808706.3,111866.4,1345463572.7,42.5790223236554,13548715757.7,7010215529.2,18993772425.9494,18413935867.9151,1884.28374817086,2036.67377566578,1844.6082382127,1920,16274522
KHM,2019,Cambodia,1.43361026322519,1.42830577505389,7.17874941872661,310278923.8,1152323.9,1559480247.7,43.8420604692945,15362550605.3,7582225882.4,21723564324.8935,21072422248.3003,2008.32094006706,2225.87705485686,1990.83258717663,2100,16481304
KHM,2020,Cambodia,1.67734794683769,1.67563848236749,7.28314760130447,359127029.7,366376.7,1560942406.4,52.1880996073284,17593817433.3,8789324103.6,21432250063.4262,20822677352.5127,1908.63427518336,2081.73914242939,2001.4474735133,2050,16725474
KHM,2021,Cambodia,1.92606187364456,1.92513110896079,11.2169942095225,394827768,190891.8,2300508659.8,56.7989386581107,20050196516.8,9481459127.1,20509136555.0231,20178241057.1712,1938.76436741728,2167.40324198499,1987.73866389346,2120,16974305
KHM,2022,Cambodia,1.81491672980709,1.79776043012271,10.5558668097995,464587879.5,4433632.4,2727909511.9,58.4582111650594,22473750966.3,10066714462.9,25842591243.8337,25496861981.1864,2011.27433313262,2325.03050040841,2062.09786133444,2270,17201724
KHM,2023,Cambodia,1.80701089629149,1.761553736881,9.65315436802778,497480306,12837554.2,2726146860.2,54.4507094975883,22533630678.5,11098460872,28240995184.2194,27752544024.8516,2085.05748462122,2429.74853452838,2162.99966807419,2390,17423880
KHM,2024,Cambodia,1.72338297084752,1.68360984194062,10.5425721165318,544261646.5,12857485.2,3408104131.7,46.1114046291379,20977325204.1,11917966029,32327064913.8434,31718256261.5266,2183.55682401667,2627.87969756224,2210.60659335034,2550,17638801
KIR,2010,Kiribati,,,,,,,,,,95733537.8838608,19137383.4643447,1328.78776438805,1522.10068744154,1863.74433938637,2030,108704
KIR,2011,Kiribati,,,,,,,,,,97881620.4675399,25804929.6183613,1348.0602369873,1771.12926848792,1805.00764521273,2110,110647
KIR,2012,Kiribati,,,,,,,,,,128626461.771507,26425541.9183993,1405.5029344967,1843.55336349889,2035.04086335897,2630,112284
KIR,2013,Kiribati,,,,,,,,,,144667635.976854,22318228.9490367,1493.49148676402,1772.08718317132,2325.76761313123,3040,113838
KIR,2014,Kiribati,,,,,,,,,,187156621.456303,24132328.148915,1492.8508200481,1736.70535682101,2647.94571073029,3260,115326
KIR,2015,Kiribati,,,,,,,,,,208408471.110806,26739968.7524851,1639.85274740652,1639.85274740652,3190.26317915663,3490,116815
KIR,2016,Kiribati,,,,,,,,,,179864672.736692,34332567.8374651,1731.43702001694,1742.66799324117,2914.42555555938,2990,118478
KIR,2017,Kiribati,,,,,,,,,,205331030.839533,29442474.7038962,1768.87874841933,1854.3326920967,3166.99883213969,3130,120275
KIR,2018,Kiribati,,,,,,,,,,190729096.213752,19150922.8250374,1802.34850714657,1915.56002581991,3169.73857111532,3280,122084
KIR,2019,Kiribati,,,,,,,,,,228954323.690743,32515795.4637451,1834.42627824847,1750.24040333237,3513.46322564646,3610,123921
KIR,2020,Kiribati,,,,,,,,,,179421690.229075,21227822.9717466,1779.62973024917,1751.87199542272,3097.18507082161,3070,126099
KIR,2021,Kiribati,,,,,,,,,,176310174.293602,10754324.6817405,1895.61362957222,2223.54147866465,3109.55605579296,3150,128377
KIR,2022,Kiribati,,,,,,,,,,162666972.466484,20579709.1554278,1960.15475844976,2078.7648751855,3007.12078696021,3280,130469
KIR,2023,Kiribati,,,,,,,,,,212478464.989465,17098560.6318779,1990.14605922104,2200.68918614289,3328.039619392,3710,132530
KIR,2024,Kiribati,,,,,,,,,,212205618.734149,15484333.5128693,2052.81298774256,2550.98377226188,3386.16591427443,3580,134518
KNA,2010,St. Kitts and Nevis,10.1393242438325,10.1295907822986,,44750000,43000,,,,198148000,441775003.173872,419611559.122748,17688.0690103409,16622.9457908577,,15970,46846
KNA,2011,St. Kitts and Nevis,,,,,,,,,,484754269.173064,461440548.010263,17958.6813977053,17832.4572919975,,16760,46886
KNA,2012,St. Kitts and Nevis,,,,,,,,,,505423338.370442,479066757.447415,17770.4963640576,17532.0559008608,,17010,47033
KNA,2013,St. Kitts and Nevis,,,,,,,,,,564968213.966947,537685255.368196,18773.8926898397,18580.1301949935,,18460,47069
KNA,2014,St. Kitts and Nevis,,,,,,,,,,608903294.074074,582350455.185185,20187.8061975481,20219.3954237956,,18850,47089
KNA,2015,St. Kitts and Nevis,,,,,,,,,,556633160.740741,530678758.148148,20328.8003530109,20328.8003530109,18990.8514499166,18670,47087
KNA,2016,St. Kitts and Nevis,,,,,,,,,,529862984.074074,503202697.407407,21133.6575914414,21387.5415511103,,19640,47075
KNA,2017,St. Kitts and Nevis,,,,,,,,,,534889742.222222,505234862.962963,21191.6047083703,22464.9899633959,,20420,47050
KNA,2018,St. Kitts and Nevis,,,,,,,,,,628907613.703704,594322898.518518,21635.4972146482,22901.3816403197,,21930,47008
KNA,2019,St. Kitts and Nevis,,,,,,,,,,599927534.074074,564522801.851852,22297.7644995701,23595.4923231291,,23670,46952
KNA,2020,St. Kitts and Nevis,,,,,,,,,,381770472.592593,353960799.62963,18918.8263456611,18859.0190361046,,19340,46870
KNA,2021,St. Kitts and Nevis,,,,,,,,,,423765382.962963,401223321.111111,19031.8211910603,18361.1449697886,,19070,46763
KNA,2022,St. Kitts and Nevis,,,,,,,,,,566643127.037037,538870004.444444,21050.758653729,21011.5744209816,,21420,46709
KNA,2023,St. Kitts and Nevis,,,,,,,,,,625659352.222222,587391579.259259,21664.0333984701,22576.9248439166,,21870,46758
KNA,2024,St. Kitts and Nevis,,,,,,,,,,643908020,596362443.703704,21692.2406392872,23960.6534357084,,21960,46843
KOR,2010,"Korea, Rep.",,,,,,,,,,568759600000,546783400000,26623.0487122927,24071.2620526362,25952.1202898492,23250,49554112
KOR,2011,"Korea, Rep.",,,,,,,,,,704438200000,677772700000,27393.455357272,26175.2398553363,26189.0322323359,24590,49936638
KOR,2012,"Korea, Rep.",,,,,,,,,,735951600000,706799100000,27944.0564190045,26600.5477433903,26845.908203574,26780,50199853
KOR,2013,"Korea, Rep.",,,,,,,,,,750699800000,721717500000,28732.711152033,28449.3591104972,27770.6393475683,28210,50428893
KOR,2014,"Korea, Rep.",,,,,,,,,,753531600000,725298800000,29470.6732991655,30667.0912467447,28554.4205469578,29480,50746659
KOR,2015,"Korea, Rep.",,,,,,,,,,665682600000,640581100000,30171.7906545222,30171.7906545222,30261.678109033,30130,51014947
KOR,2016,"Korea, Rep.",,,,,,,,,,633208000000,606735200000,31005.4072876388,30832.0628072516,31532.3601411849,30850,51217803
KOR,2017,"Korea, Rep.",,,,,,,,,,699483700000,670011500000,31979.9027302467,33296.9845439195,32459.958539348,31940,51361911
KOR,2018,"Korea, Rep.",,,,,,,,,,764766200000,729944000000,32852.8887488942,35363.9508228687,32950.1452291908,34610,51585058
KOR,2019,"Korea, Rep.",,,,,,,,,,701878600000,660506800000,33496.3113815643,33826.9443301597,33046.6212907209,35790,51764822
KOR,2020,"Korea, Rep.",,,,,,,,,,650010100000,612064300000,33215.9298928108,33645.7719545073,33049.7135932022,35000,51836239
KOR,2021,"Korea, Rep.",,,,,,,,,,830791800000,775814200000,34792.9397214598,37518.4635305697,34351.0874311154,37450,51769539
KOR,2022,"Korea, Rep.",,,,,,,,,,888270000000,830436600000,35809.0138105144,34822.4048404971,34235.8502753115,38590,51672569
KOR,2023,"Korea, Rep.",,,,,,,,,,838618900000,769158700000,36347.7036392553,35674.095995632,34903.2537956927,38020,51712619
KOR,2024,"Korea, Rep.",,,,,,,,,,917932900000,846008800000,37048.4264001496,36238.639908315,36249.4262454475,36750,51751065
KWT,2010,Kuwait,,,,,,,,,,85867391467.0792,76139508378.4145,32568.4981754501,39212.252220155,46298.0629334168,42850,2943372
KWT,2011,Kuwait,,,,,,,,,,123554663576.152,112951737943.635,33545.346271839,49169.6063813095,53308.1997639182,44350,3132814
KWT,2012,Kuwait,,,,,,,,,,142478227083.975,128479271753.661,33578.3309651964,52155.2225833921,56411.9870374621,50830,3337109
KWT,2013,Kuwait,,,,,,,,,,136573740135.812,121924627440.857,32311.1800008536,49651.0439275077,52692.4551161138,53530,3507844
KWT,2014,Kuwait,,,,,,,,,,127205336103.765,111059556883.408,31073.1537300624,44368.7813457751,47105.2663178344,51350,3665876
KWT,2015,Kuwait,,,,,,,,,,78384957849.206,61391008321.38,29882.2126495698,29882.2126495698,33192.5195558829,41830,3834574
KWT,2016,Kuwait,,,,,,,,,,71340695578.1071,52145742588.7282,29454.4426388829,27323.6890735517,30041.37093556,34920,4004096
KWT,2017,Kuwait,,,,,,,,,,83045210678.254,60454022413.6485,27048.3706935958,29047.6536135703,32437.7244503526,30650,4154812
KWT,2018,Kuwait,,,,,,,,,,109994381657.444,85198897798.8613,26706.0191660864,32067.9623756889,34650.0535456189,32340,4323515
KWT,2019,Kuwait,,,,,,,,,,114047916993.557,72833469298.7082,26580.2264741607,31707.8737443551,34454.5870576941,35680,4442316
KWT,2020,Kuwait,,,,,,,,,,86898763628.5233,47416410506.021,25541.5378987908,25236.0755848941,27288.6556316423,33150,4400267
KWT,2021,Kuwait,,,,,,,,,,104839462108.38,77121256917.5121,26203.2617257856,34018.6342592913,35871.2207814506,35990,4360865
KWT,2022,Kuwait,,,,,,,,,,142011952612.231,110922894163.57,26579.8321646876,39981.7691035833,41143.321053194,39120,4589643
KWT,2023,Kuwait,,,,,,,,,,133214377732.508,95475694415.47,24722.8143701857,34091.9714813002,35963.3196526046,42040,4853420
KWT,2024,Kuwait,,,,,,,,,,129287978357.438,89709774993.8128,24140.3257964584,32855.7209688827,34174.3750956924,41110,4897263
LAO,2010,Lao PDR,4.00705539797385,3.75653398572987,13.0764393752978,86689048.5,5781250.2,301763298.7,95.0325837576076,6347798321.4,3544931178.8,2307687054.85722,2257398891.17722,1564.91068311647,1125.91610151261,1450.89962690079,990,6334194
LAO,2011,Lao PDR,6.69247718423013,6.48507471345455,12.8389265862479,159010930.7,5085409.4,314804340.1,84.2580581799268,6873148518.7,4048108131.4,2451952178.28564,2403621115.9553,1666.40086189871,1361.54704394913,1553.43400537671,1130,6426590
LAO,2012,Lao PDR,5.43354171375254,5.31590036320276,8.98387244550436,157821946.8,3492613.8,266943560.6,75.2648139935419,7213688301.6,4311828554.6,2968865780.33818,2834607356.90557,1774.63585203672,1563.5650771337,1680.12858650322,1350,6518978
LAO,2013,Lao PDR,5.78874984163214,5.74199388327215,10.8941538865187,181383996,1476975.2,344345971.2,70.3766803245105,7979679310.9,4913006842.9,3158902633.60287,3045096523.12695,1890.27861294875,1812.51774424651,1795.16684747,1590,6611385
LAO,2014,Lao PDR,5.34389366114339,5.34298113635845,9.43407557368721,222442317.3,37990.8,392765308.1,74.2873303911514,9429589096.3,5390554127,4163262261.70447,4040904950.93529,2006.31195444447,1981.03910900473,1949.20913665758,1810,6703172
LAO,2015,Lao PDR,5.38566163038591,5.38490527392038,9.09402063375303,249027758.4,34978.1,420557736.5,83.3437474242682,11488789693.8,6536605462.2,4624552257.32689,4497378079.25999,2121.01339097363,2121.01339097363,2026.68986039594,1960,6801645
LAO,2016,Lao PDR,7.32413442635725,7.32298689604187,10.8253524992397,381439364.5,59772.5,563893137,88.8346384248363,13528101907.2,7305487754.1,5208794852.63276,5079427263.2825,2234.76098741846,2303.22156035363,2267.08130466193,2110,6908802
LAO,2017,Lao PDR,8.25040926512596,8.24976129050656,11.1120307972079,476695734.7,37441.9,642086176.6,93.2218114749206,15074137638.9,8472255965.6,5778297309.62712,5653716801.31958,2351.57441747595,2432.43059478511,,2240,7018147
LAO,2018,Lao PDR,10.0562671112837,10.05521568744,11.8479501017469,650020428.2,67969.4,765911924.5,91.9320039908858,15955637285.6,9555500214.2,6464510045.38813,6393172198.46109,2459.97874636195,2545.1075420815,,2460,7128045
LAO,2019,Lao PDR,11.4743504329932,11.4645334915414,15.0850128420864,811627362.5,694986.7,1067937844.6,107.830507207668,19038674475.5,10266133358.6,7079462614.8445,6985183366.76911,2554.95638019245,2589.32081035237,,2520,7237636
LAO,2020,Lao PDR,9.92936231995905,9.92597778298993,14.0634245906803,649595873.6,221497.7,920367019,114.458438862839,20435014770,10720271552.1,6544401849.38966,6461495986.07061,2529.74622698761,2583.77730696131,,2470,7346533
LAO,2021,Lao PDR,8.59906643999873,8.59760859666404,29.1750515137242,680509567,115389.8,2309235347.2,105.390103058838,18711936672.3,10320987833.8,7915102895.75226,7819856364.96792,2556.58912640405,2526.05105018529,,2500,7453194
LAO,2022,Lao PDR,5.44492171952844,5.41412726247904,15.4930181501973,471040471.1,2679182.6,1347925199.1,129.23155614525,18494671983,10517399663.6,8700210546.66378,8604347866.61277,2589.05015191628,2046.40440255621,,2300,7559007
LAO,2023,Lao PDR,7.7033821006768,7.62438158788797,12.8054794133568,748680005.3,7757495.3,1257440526.1,122.953016783805,18056503647.6,10321258095.3,9819550565.1153,9697753778.77585,2648.88726608035,2066.94979776957,,2110,7664993
LAO,2024,Lao PDR,7.37517814963638,7.30600717940333,19.0423898045972,820712717.9,7770249,2139107053.7,115.404417712173,17836681019.8,10024589005.6,11233395995.1984,11118080187.99,2721.07810663122,2123.97909415109,,2000,7769819
LBN,2010,Lebanon,17.6069268239252,17.5088748584115,46.241965839348,3882926911.3,21744893.3,10255037804.6,126.083961601732,47828988866.1,20396005755.3,22176907098.2571,20728852407.4142,8955.54336184707,7625.81051551165,8262.06636461532,7340,5041288
LBN,2011,Lebanon,21.0058165424884,20.8399294971866,47.8987074251357,5216126183.2,41520666.4,11988797849.6,125.151296416081,49669741104.3,20792425480.4,25029480948.6,23378931347.7,8936.20027462737,7834.96257108993,7837.06261273709,7720,5096020
LBN,2012,Lebanon,17.6411658086983,17.4605843868464,51.7781580627129,3808900730,39392536.6,11295032266.6,127.212482591364,55735120974.3,24257709990.7,21814279783.61,20134666560.31,8920.8056984673,8406.98405608118,8088.26683054813,8000,5235742
LBN,2013,Lebanon,15.5658533380361,15.4757509434405,50.2454947494857,3400913990.2,19800686.6,11041829676.8,133.127238280872,62119370082.4,25739092354,21975760676.36,19974796920.26,8443.53856528784,8162.37929361396,7712.21608658932,7880,5743436
LBN,2014,Lebanon,18.531500285007,18.5307941433333,56.8710153226803,3947988747.5,150443.6,12116379191.1,135.672761134402,64468852046.2,25244021869.2,21305016487.49,18851485684.59,7830.4151113336,7577.6413302369,7210.03827340428,7440,6346990
LBN,2015,Lebanon,17.9068121285831,17.9061906080205,58.6847226123087,3909992034.1,135715.1,12814383749.2,138.063603594415,68232175837.7,26735924131.5,21835979073.9,19461248159.6,7714.1099998804,7714.1099998804,7635.54492679933,7360,6472469
LBN,2016,Lebanon,20.3551378939086,20.3540765870975,65.5249903674778,4345413077.4,226579.5,13988998656.9,138.137224788322,69523800483.9,27716753631.1,21349104484.33,18882187910.53,8019.1416913426,8089.012088155,8186.19846010848,7670,6323060
LBN,2017,Lebanon,21.7126205423396,21.7119732861035,70.1284307070546,4791317549.9,142834.1,15475681384,140.460273460979,74188954317.3,30010452683.8,22067628247.16,18939938603.26,8305.57405425721,8608.21084982387,8553.10481693103,8260,6160128
LBN,2018,Lebanon,21.5666617233206,21.5654826268668,72.5885880285532,4739509625.7,259133.5,15953007759.2,148.119523422157,79671964766.9,33093350836.9,21977294492.7993,19160811512.833,8388.7235123835,9174.53666204759,8541.31847221188,8700,5984119
LBN,2019,Lebanon,23.7588845776676,23.7464320961943,80.2871194501338,5058854551.3,2652831.9,17104079383.2,146.775884819801,73914514299.2,33340745090.8,21303640609.2802,18208410173.9912,8064.04873416236,8905.88005497437,8286.9054159265,8630,5794594
LBN,2020,Lebanon,3.41001901652244,3.40188651580751,106.628056218762,353134696.8,844198.7,11068583895.5,224.448215097537,68899942020.6,33386173849.6,10380554882.0953,8773230595.59161,6440.82843092922,5561.19166950397,6371.70080936278,6350,5702398
LBN,2021,Lebanon,2.58022422980458,2.574005708321,62.5191968683911,250607326.8,605440.4,6086920767.2,315.096531734783,66924113512.2,33301311432,9736082790.72035,9684143207.44152,5973.41933892988,4045.37391066234,4847.07348026933,4770,5718122
LBN,2022,Lebanon,1.21360714315902,1.10722007268131,28.706787657861,146757507,14101172.5,3804967679.5,332.863673499917,67100895977.6,33392012703.2,13254592345.3684,12444971001.0111,5909.03651555028,3654.35845534878,4475.58648202941,4130,5744489
LBN,2023,Lebanon,1.90830241681811,1.58495102348451,34.5013159000827,200152976.9,40833907.8,4356942884.7,331.649550570327,66329049009.2,33567692787.5,12628338285.177,11770080615.9928,5834.63415739394,3477.72489842684,4665.92940862331,3710,5773493
LBN,2024,Lebanon,,,21.04734596175,176463191.8,40899680.5,2487164872.3,,67389006707.2,33728240178.5,,,5391.22914209501,4473.27134441128,4702.12506541306,3560,5805962
LBR,2010,Liberia,1.70997861340934,1.20644271133498,1.70997861340934,4333869.6,1808837.6,6142707.2,23.0315492154157,418851731,183097755.4,359227136.048954,325037491.048954,621.783295071575,492.252808033724,,440,4058890
LBR,2011,Liberia,0.746069405439399,0.697429688679381,0.746069405439398,2998362.9,209110,3207472.9,19.7309626197103,448515402.8,188102882.4,429916154.799426,395093823.549426,646.908727016597,568.087865520004,,500,4221178
LBR,2012,Liberia,1.1958234797671,1.1813210847449,1.1958234797671,4640603.3,56970,4697573.3,19.257770781185,487153043.1,208489464.2,392831666.168229,354972616.793229,674.360011422232,638.368751462083,,540,4373043
LBR,2013,Liberia,0.918246312839192,0.882532651044707,0.918246312839193,6052683.4,244935.4,6297618.8,18.4677287994045,531077326.6,229785706.3,685831101.300907,647927006.925907,717.007280358975,710.744570927863,,610,4470239
LBR,2014,Liberia,2.40014287495834,1.94949596176086,2.40014287495834,14212811.9,3285444,17498255.9,23.5656809979216,681673142.7,296448937.2,729050594.55278,690084044.55278,707.157694930142,706.714490064507,,620,4564293
LBR,2015,Liberia,7.92530626645689,0.972772181830406,8.71763148326974,5070580.9,36240126.1,45440707,28.4136467346258,837371678.4,434220073.4,521250606.741138,482196119.241138,692.590082351257,692.590082351257,632.496907884246,620,4659431
LBR,2016,Liberia,1.19886569404854,1.16209159045566,3.04013953636667,4612331.5,145956.1,12066287.6,30.4733641631046,949982627.2,525641234.3,396899137.544872,366424243.794872,668.031513175601,714.613063145659,,610,4755608
LBR,2017,Liberia,2.09391089059671,2.07356124390658,3.70403584378441,9326062.2,91524.7,16659295.1,36.2106821833637,1118118332.9,655554226.3,449760634.146003,429591652.893253,671.260899835355,699.269095727404,,620,4848925
LBR,2018,Liberia,2.75295657313483,2.19167372806536,4.36076183343702,12247299.9,3136506.7,24368389,38.7612158305833,1157314862.2,712656598.9,558810362.289233,527345230.827327,665.875439637137,692.203127129794,,620,4944726
LBR,2019,Liberia,4.9289336472386,2.17316092678962,6.5252568086338,12736038.2,16150495.9,38241953.9,42.699944211321,1266409762.3,821522769.1,586060518.71247,554013270.790542,636.699384824869,658.164180770507,,600,5043721
LBR,2020,Liberia,9.96092761365519,3.93480327111811,9.97457026767678,26201422.4,40127299.5,75070060.5,50.5491696677525,1459851173.9,945585768.7,665889006.251502,643635604.631502,605.025475431411,616.787867006715,,570,5149463
LBR,2021,Liberia,5.42923979912053,2.05911237333565,5.665243376152,19774496.8,32364709.6,60200617.1,56.0896971198786,1848155520.1,1016640685.1,960340827.245205,913259131.165205,621.927983063426,667.96610514319,,630,5259323
LBR,2022,Liberia,5.50377367927207,2.74987340044243,6.76553120617216,31055523.8,31101001.1,83934598.9,51.2373491161268,1921937046.9,1108569000.4,1129343765.24401,1057115232.69401,638.005183858289,744.617175237387,,660,5373294
LBR,2023,Liberia,7.29469647290576,2.78806596090528,9.6445669525889,34273105.1,55399055.6,123681926.6,51.1452722006315,2105650856.5,1282821693,1229278847.07834,1145096842.25834,653.329188343162,799.194470229642,,710,5493031
LBR,2024,Liberia,6.05186640593817,2.44594634308809,9.14927792628863,34820816.5,51334356.2,138273037.3,50.457044003161,2234742478.9,1408536037.6,1423613261.11666,1352456768.16098,665.101337624192,851.497723870206,,750,5612817
LBY,2010,Libya,,,,,,,,,,51663100000,49345100000,12913.9334939386,11600.9068649472,13088.6404401957,11550,6497839
LBY,2011,Libya,,,,,,,,,,20309800000,19100200000,6569.59477578957,7593.8391525702,7384.76224880927,6080,6343203
LBY,2012,Libya,,,,,,,,,,63570200000,61178300000,12599.258882136,14975.8902795144,14311.1380896813,13310,6179328
LBY,2013,Libya,,,,,,,,,,48590800000,46197800000,10126.314927806,11951.7134126011,11587.6273154582,11960,6304628
LBY,2014,Libya,,,,,,,,,,21238300000,19379200000,7644.24843947404,8926.42074591474,8592.60991613886,9130,6427252
LBY,2015,Libya,,,,,,,,,,13039300000,11344000000,7458.48917756374,7458.48917756374,7647.76375724467,8370,6531819
LBY,2016,Libya,,,,,,,,,,8086300000,6849600000,7236.16409923502,7525.80299308216,7074.09198602079,7670,6632126
LBY,2017,Libya,,,,,,,,,,21411500000,18971600000,9435.60060040046,9965.83236729757,7172.70124314645,9760,6738770
LBY,2018,Libya,,,,,,,,,,32256900000,29964100000,10020.9165751361,11196.5854810844,7484.35800793145,11000,6849055
LBY,2019,Libya,,,,,,,,,,32483500000,29325900000,8768.4104874586,9963.19489084483,6014.783935332,10100,6951033
LBY,2020,Libya,,,,,,,,,,10711600000,9537100000,6102.79864032512,6650.33810585348,5967.73063187672,7000,7045399
LBY,2021,Libya,,,,,,,,,,33250800000,32379800000,7731.35448152581,4935.82787349801,7325.47184362906,6950,7135175
LBY,2022,Libya,,,,,,,,,,41679800000,39831100000,7002.68189296358,5986.63694851258,8193.51067191496,6010,7223805
LBY,2023,Libya,,,,,,,,,,41787200000,37752600000,7630.49664928174,6026.51518708812,6928.14850883743,6160,7305659
LBY,2024,Libya,,,,,,,,,,,,7696.0807819319,6569.16408678648,7164.09265530146,6790,7381023
LCA,2010,St. Lucia,5.17218637458676,5.16301149799203,5.53086010765075,41255295.8,73312.3,44194608.1,40.5310581379449,584783262.7,326434160.2,799054889.109676,779096702.160693,10191.3146827694,8673.68720340529,,8240,170906
LCA,2011,St. Lucia,5.46020897900037,5.45353237604347,5.651613924867,43251035.7,52951,44821986.7,29.4366681321022,455833314.8,314724168.2,793082954.6368,771840624.134978,10576.8979743596,9128.99442011613,,8890,171801
LCA,2012,St. Lucia,5.351573203892,5.34755586894846,5.42901681072468,43571159.6,32732.7,44234892.3,27.7283173611782,432702877.7,347264557.9,814786430.806712,790070097.602048,10517.2777635533,9260.30006551714,,9000,172587
LCA,2013,St. Lucia,4.07017185439487,4.0640285291294,4.17615968238895,35123374.1,53093.7,36092467.8,30.6756885750178,479336037.4,365742223.1,864250185.456354,841207883.682967,10279.4155096001,9577.21733754358,,8710,173369
LCA,2014,St. Lucia,3.7478200634289,3.65200270871721,3.90143241506184,34520062.2,905700.6,36877762.8,32.6811091783269,537109187.7,381421197.4,945236489.491142,921171396.680911,10369.9382566513,10044.8218377677,,9040,174138
LCA,2015,St. Lucia,6.87945292527759,6.57906992156113,6.97998165304012,66099121.8,3017911.8,70127033.6,31.9758602206883,529980934.5,419832827.6,1004687935.95548,980899993.905915,10334.9860823918,10334.9860823918,9476.23418850656,9020,174905
LCA,2016,St. Lucia,4.97081952095968,4.68219089640195,5.1211560150564,44287819.1,2730075,48439894.1,30.9277967295805,543662556.6,432378296.8,945878117.315403,919396208.250267,10644.1612913407,10638.1269396653,,9710,175646
LCA,2017,St. Lucia,4.23302462615755,3.95477475703601,4.45204330406903,42415404.9,2984261.2,47748666.1,33.0566560930955,621896095.4,489564714.2,1072511268.17116,1036211423.13823,10960.4843512477,11333.1123822102,,10260,176342
LCA,2018,St. Lucia,4.02914361204553,3.76766379154054,4.28696169696867,44030933.7,3055793,50099726.7,31.4243884410508,615495530,499543992.6,1168653471.65163,1114054070.67002,11233.8883578457,11642.6984727769,,11060,177017
LCA,2019,St. Lucia,3.89076160206234,3.6399533985607,4.08735275037941,45899546.1,3162673.1,51541219.2,32.4288194290613,638927013.2,542230526.3,1260992685.18519,1208783637.77778,11077.9479823807,11764.3944032403,,11060,177661
LCA,2020,St. Lucia,8.53342970649135,8.31143288175587,8.78541994400226,42350370.1,1131170.5,44765540.6,50.1298285485496,733837563.5,603629804.8,509543549.259259,451133856.666667,8512.8183987353,8537.11495506727,,8700,178250
LCA,2021,St. Lucia,5.88257999325972,5.80639097920062,6.02466723328282,43643789.3,572675.4,45284464.7,49.4979622938264,892737914.9,721654654.2,751650887.037037,710754228.888889,9447.30059244639,10481.1233971786,,10030,178522
LCA,2022,St. Lucia,3.69868454206777,3.6523566986031,3.88133907143239,48742894.1,618272.9,51605167,42.4693356100406,909317236.5,736649842.2,1334560069.62963,1294654471.48148,11258.6110790564,12976.1489693474,,11680,178781
LCA,2023,St. Lucia,4.32311612728067,4.20178396811207,4.66340645580706,61952434.2,1788959.8,68496394,48.6881101506005,1086264196.2,930117382,1474431685.92593,1424769575.55556,11665.6826047818,13616.6397593734,,12440,179285
LCA,2024,St. Lucia,4.17612888205411,4.07454809494735,4.74628702405992,71888273.8,1792215.3,78644489.1,51.3109697332727,1193706001.5,1040522086,1764325076.66667,1703362985.92593,12190.7970890156,14493.658470648,,12840,179744
LIE,2010,Liechtenstein,,,,,,,,,,,,,141089.812849014,,,36022
LIE,2011,Liechtenstein,,,,,,,,,,,,,158066.369379163,,,36312
LIE,2012,Liechtenstein,,,,,,,,,,,,,148842.035144342,,,36657
LIE,2013,Liechtenstein,,,,,,,,,,,,,172823.607794648,,,36984
LIE,2014,Liechtenstein,,,,,,,,,,,,,178735.153020908,,,37248
LIE,2015,Liechtenstein,,,,,,,,,,,,167187.15730982,167187.15730982,137688.920990996,,37494
LIE,2016,Liechtenstein,,,,,,,,,,,,,165375.491396259,,,37716
LIE,2017,Liechtenstein,,,,,,,,,,,,,170547.092298954,,,37962
LIE,2018,Liechtenstein,,,,,,,,,,,,,174988.775083446,,,38246
LIE,2019,Liechtenstein,,,,,,,,,,,,,166907.839305016,,,38563
LIE,2020,Liechtenstein,,,,,,,,,,,,,164671.093553454,,,38901
LIE,2021,Liechtenstein,,,,,,,,,,,,,201944.830335076,,,39182
LIE,2022,Liechtenstein,,,,,,,,,,,,,188055.003235348,,,39493
LIE,2023,Liechtenstein,,,,,,,,,,,,,206780.590353385,,,39846
LIE,2024,Liechtenstein,,,,,,,,,,,,,220167.225473557,,,40450
LKA,2010,Sri Lanka,10.7175368922061,10.3117825860874,12.3287816485283,1177943797.8,46350450.5,1408351248.3,37.3743097647659,21684210688.5,16429773255.2,11423280000,11100010000,2993.01410960302,2808.36245207687,,2360,20879089
LKA,2011,Sri Lanka,7.83025580289369,7.57718968924131,9.31997112621852,1069091455.7,35705958.4,1314986414.1,38.4422070940857,25795379781.1,18681699405.2,14109340000,13642700000,3232.37349786435,3224.95745082305,,2830,21009048
LKA,2012,Sri Lanka,13.3338206528916,12.7168158665156,15.4998497838903,1744199976.1,84626509.1,2125912485.2,51.6165842309571,35735908567.5,22954102769.6,13715697344.4321,13573442598.8333,3484.79048392653,3327.77612404326,,3340,21169458
LKA,2013,Sri Lanka,11.9544326242867,8.74024033579735,14.0822781704545,1329487873,488914435.4,2142071308.4,52.2481960961188,39316198514.4,25429413567.3,15211113446.7873,15079332737.9697,3728.93585962083,3739.43182292825,,3630,20585000
LKA,2014,Sri Lanka,24.2624870974169,19.8735803111471,38.2320892792974,3356692088.5,741296155.8,6457485244.3,52.3589316985507,42264361571.6,25826203879.2,16890223281.0926,16735027041.0809,3929.92061307909,3972.04377042271,,3810,20778000
LKA,2015,Sri Lanka,17.3752818548798,14.3444065005927,20.8014354274166,2448659627.4,517385094.7,3550905722.1,52.8797914705966,43926833891.1,27454469834.6,17070484075.4395,16943161923.9021,4057.71582716521,4057.71582716521,3961.33651002025,3920,20970000
LKA,2016,Sri Lanka,14.6330937496765,12.0090532681351,18.9088666759476,2110574002.3,461171376.1,3323206378.4,54.3824177664107,46662738616.2,30115690503,17574857527.6972,17447855576.3542,4214.74117217382,4149.19189391879,4141.89476772246,4020,21209000
LKA,2017,Sri Lanka,19.2256002426188,17.9487523466666,21.8690715229906,3456430182.8,245885369.7,4211374552.5,55.1482519976375,50766665978.7,32625375176.7,19257216969.969,19084181007.2571,4436.00789131029,4398.88828786059,4360.35327930903,4220,21453000
LKA,2018,Sri Lanka,21.7103350691583,21.6302569695413,36.0547284753285,4436887314.1,16425949.3,7395694263.4,57.4892865658485,52920652662.2,34355813920.6,20512411481.5085,20263792551.2938,4493.03574617534,4358.56095905888,4389.14543419744,4350,21670000
LKA,2019,Sri Lanka,25.3903101815574,25.2521423917023,31.7328919801286,4966105686.1,27172183.5,6240614869.6,64.8548435072259,56118735647,36986947568.7,19666076680.02,19414322724.1375,4455.78188788143,4081.94772178134,4335.04277196729,4220,21803000
LKA,2020,Sri Lanka,33.031715899319,32.7828201519492,38.0133141864765,4353918797.4,33056090.6,5048585888,69.3131980107832,56875086630.2,37568683173.3,13281098993.9837,13082799672.527,4227.23314530167,3847.60136741182,4144.92097328676,3880,21919000
LKA,2021,Sri Lanka,27.9448927980128,27.4690869280378,31.478444431029,4144945744.6,71796689.9,4749937434.5,67.8564357341891,58741883598.1,38491045714.9,15089492255.2713,14973536498.2739,4357.97224978578,3996.96240531688,4208.80520887004,4010,22156000
LKA,2022,Sri Lanka,13.3368014739126,12.260507215785,20.2896271246193,2015044734.7,176891627.7,3334650482.8,81.2809065665702,58718751204.5,38488278143.9,16435247736.7795,16168761980.1984,4033.14560306744,3342.63650438046,3794.66393460611,3620,22181000
LKA,2023,Sri Lanka,10.2625817367768,8.70045045943425,16.0664255632604,1547508904,277849069.1,2858282973.1,74.5886504230503,60544707010.4,41391968056.7,17786537734.0546,17326992659.334,3977.13564995085,3815.41531767474,3747.23054242784,3550,22037000
LKA,2024,Sri Lanka,15.0917293887568,13.4025188619792,23.7051670387884,2719569468.5,342765820.5,4810129289,58.8897020425324,56827528393.8,39541858681.4,20291480254.6182,19682053756.5739,4198.74513727898,4545.36006870612,4028.73684247006,3870,21916000
LSO,2010,Lesotho,2.09216798360414,1.63392202708795,2.09216798360414,27248847.7,7642148.2,34890995.9,27.4384612861811,788060174.8,709244233,1667695719.15033,923783675.360591,995.233432451681,1119.47557793042,1131.95170565113,1270,1996251
LSO,2011,Lesotho,2.09085854729325,1.71969142556688,2.09085854729325,33496883.5,7229751.6,40726635.1,26.3385185030518,813623741.4,729316552.7,1947842677.00573,1220750887.35047,1031.99721564343,1280.73390931581,1140.88986026266,1350,2014009
LSO,2012,Lesotho,2.45050084327298,2.15392496086356,2.45050084327298,35151191.1,4839999.4,39991190.5,31.2593634380508,904228982.1,761988047.3,1631959875.05094,1013731882.14642,1086.39034816283,1217.93071228944,1129.82193874714,1490,2034354
LSO,2013,Lesotho,2.93061802886495,2.73877206913423,3.2214384848348,38893855,2724443.2,45748298.2,34.0219300417939,925015906.5,771867241.2,1420120185.91584,879901299.90586,1093.95323489272,1151.03735837227,1147.38495161161,1440,2056504
LSO,2014,Lesotho,3.05775687806976,2.94132717856722,3.15478597000656,40923723.1,1619927.5,43893650.6,33.5371164978444,912086478.4,769308842.5,1391335292.3878,905552989.898955,1100.04993684215,1173.5377928819,1183.16646550275,1330,2080089
LSO,2015,Lesotho,3.7474310631053,3.66824026655897,3.77864652489428,51588456,1113703.2,53141159.2,36.0951584026764,952588686.1,773754675.1,1406354334.81006,974292120.991811,1121.19851342518,1121.19851342518,1253.9627369351,1280,2104611
LSO,2016,Lesotho,3.89256119317567,3.68913132543663,3.93824349201396,54348958.9,2996966.1,58018925,56.5717759737007,1358062674.5,774778246.8,1473218329.88874,940488264.160454,1147.58748801671,992.491840678465,1252.85435109734,1240,2130422
LSO,2017,Lesotho,3.34670498729363,2.95464160700668,3.34718387507612,49358396.1,6549565.8,55915961.9,57.4106195232648,1504173109.2,827514620.8,1670537502.17795,1061714987.22255,1097.82166812752,1069.36673247542,1155.12638455242,1160,2157110
LSO,2018,Lesotho,3.75931303362939,3.12499457897599,4.20790481784953,58934325.3,11962622.4,79356947.7,48.0945365684483,1463408840.9,809325288.6,1885901681.12585,1253535692.52089,1068.44462913373,1170.65569702819,1229.58530277395,1250,2183603
LSO,2019,Lesotho,4.49366906948826,3.63425432888039,4.49426440410025,61045574.3,14435826.9,75491401.2,55.5086365768084,1583480653,856227657.3,1679727635.31952,1092702862.31118,1040.99351014117,1082.05706777516,1211.84820604451,1290,2209405
LSO,2020,Lesotho,5.16230659308316,4.22646208571538,5.16343707196256,59818360.7,13245282.5,73079643.2,71.1626094449749,1737618388.9,930780527.7,1415329405.22936,902123159.207989,944.834128375429,918.582574704447,1154.4746361422,1170,2235727
LSO,2021,Lesotho,4.02306483584363,3.24267928602417,5.91117458114699,52451754.1,12623077.2,95615831.3,65.1532610232936,1833103211.3,977990906.7,1617543687.59393,1082496857.33777,955.221236301503,1066.58645143823,1152.19187722473,1190,2261542
LSO,2022,Lesotho,4.33369653828153,3.80652895970297,4.92649847316573,63486891,8792322.6,82166213.6,63.9955181858327,1809413920,967973543.9,1667842059.5795,1070036114.03398,967.51928598325,1030.12582947757,1179.2290995801,1270,2286110
LSO,2023,Lesotho,5.60272188830538,4.73755584618183,8.92330295400048,69318176.2,12658791.6,130559967.8,68.921116233095,1775614027.3,998543298.4,1463163252.33118,885817186.995224,973.116561960912,921.435141557056,1187.77883684112,1260,2311472
LSO,2024,Lesotho,6.89851012476777,4.84781257378078,6.88637904028134,77325670.4,32709920.3,110035590.7,65.3503315479921,1773147342.7,1016058492.6,1595063118.1208,980217289.26774,1012.59379523386,1023.04227681523,1225.08600532935,1240,2337423
LTU,2010,Lithuania,,,,,,,,,,25118484097.9797,23726953550.7431,10884.1161852582,11829.122609457,10721.5928707441,12430,3097282
LTU,2011,Lithuania,,,,,,,,,,33383014142.6633,31782760450.9727,11836.7200384033,14261.8433787325,11310.5541069918,13200,3028115
LTU,2012,Lithuania,,,,,,,,,,34750571029.8735,33552596024.0082,12516.6184065667,14288.1853493139,11859.5862279495,14040,2989139
LTU,2013,Lithuania,,,,,,,,,,37890519155.5427,36617512591.6809,13145.8069309969,15636.5252586048,12544.0382471799,15310,2961250
LTU,2014,Lithuania,,,,,,,,,,36290559793.8791,35088273628.6753,13753.1895982305,16446.1647181663,13333.7480711236,16020,2937253
LTU,2015,Lithuania,,,,,,,,,,29512940153.8026,28485665271.8545,14269.8039878287,14269.8039878287,13762.4493342307,15220,2911109
LTU,2016,Lithuania,,,,,,,,,,30055592344.5161,29080532479.1728,14823.107153522,14934.2702840428,14467.099218435,14890,2877325
LTU,2017,Lithuania,,,,,,,,,,36285483905.5574,35229857453.6351,15695.9993288456,16800.1510246099,15310.8192466441,15260,2842639
LTU,2018,Lithuania,,,,,,,,,,41711190096.1082,40378172946.2361,16604.9021440809,19247.2315367967,16110.3385002433,17550,2819200
LTU,2019,Lithuania,,,,,,,,,,43701932449.6802,42330722988.065,17431.7239081591,19608.7943945553,17000.2502068206,19200,2811089
LTU,2020,Lithuania,,,,,,,,,,43117712927.4561,41666342217.8345,17443.65526328,20428.6478157394,17207.7448562482,19800,2810369
LTU,2021,Lithuania,,,,,,,,,,54958897643.1003,53297284092.6169,18572.2895051093,23882.8668916753,17442.6969293759,22040,2808380
LTU,2022,Lithuania,,,,,,,,,,62912779159.602,61447708732.7559,18873.8427527274,24946.5724005188,16577.4348429191,23840,2831639
LTU,2023,Lithuania,,,,,,,,,,64065619877.713,61020027919.2243,18748.9302647191,27983.3658256887,17347.1493900385,25360,2871585
LTU,2024,Lithuania,,,,,,,,,,66755141836.1521,63218721703.9644,19205.4152293136,29603.7772588256,18159.2190093715,27110,2888278
LUX,2010,Luxembourg,,,,,,,,,,239638366616.645,85823327748.453,106545.854916218,110885.991378721,69240.9815824885,77640,506953
LUX,2011,Luxembourg,,,,,,,,,,321246392607.81,99833015830.7931,105292.012346074,119025.057203467,70317.6751793198,79210,518347
LUX,2012,Luxembourg,,,,,,,,,,348422387513.086,102153977892.156,104489.298083328,112584.676270958,77964.8536907667,87950,530946
LUX,2013,Luxembourg,,,,,,,,,,404524071369.82,115083374597.74,105340.41498623,120000.140729859,74002.3536341832,85160,543360
LUX,2014,Luxembourg,,,,,,,,,,421187144266.637,125719153432.162,105585.401767492,123678.706919314,76315.6913453812,86760,556319
LUX,2015,Luxembourg,,,,,,,,,,403531916620.202,117180879236.492,105462.012584423,105462.012584423,67868.1697969526,73530,569604
LUX,2016,Luxembourg,,,,,,,,,,422942765898.516,118179644947.479,108351.452194449,106899.293549552,70447.0663901241,73730,582014
LUX,2017,Luxembourg,,,,,,,,,,439426962723.972,128174822896.225,107142.05542835,110193.213797228,75218.9120026465,75800,596336
LUX,2018,Luxembourg,,,,,,,,,,515327989071.407,139809877704.783,106788.661202756,116926.759593905,75148.75401079,80120,607950
LUX,2019,Luxembourg,,,,,,,,,,492800992672.397,143736316298.189,107591.899505248,112696.649059674,71630.4369828213,79280,620001
LUX,2020,Luxembourg,,,,,,,,,,424962272259.038,150183708478.037,105274.182260744,116860.02817236,72209.2071485254,80090,630419
LUX,2021,Luxembourg,,,,,,,,,,471423267103.13,187434793626.838,110873.115269021,134965.815442152,76930.3369686713,86850,640064
LUX,2022,Luxembourg,,,,,,,,,,473638239790.85,180183644921.669,107467.123965307,123719.658915996,70764.3612906142,84190,653103
LUX,2023,Luxembourg,,,,,,,,,,553031437579.941,193778967370.845,105422.764660192,133230.619178899,73047.1730656205,88480,666430
LUX,2024,Luxembourg,,,,,,,,,,562981257249.229,181732867287.431,104147.111291588,137781.681659123,70610.5000991244,84650,677012
LVA,2010,Latvia,,,,,,,,,,14119827947.9076,12863973623.8095,10500.8666223014,11188.4191700977,10609.9372313527,12250,2097555
LVA,2011,Latvia,,,,,,,,,,18049531385.3286,16492147566.4704,11018.5152421583,12902.574053337,11188.4966875268,12470,2059709
LVA,2012,Latvia,,,,,,,,,,18906774047.4627,17287202641.588,11971.0107466522,13329.3499931271,11852.3713060911,13430,2034319
LVA,2013,Latvia,,,,,,,,,,19857762567.7979,18218658200.1926,12353.5386135301,14484.4715282132,12340.3730825778,14340,2012647
LVA,2014,Latvia,,,,,,,,,,20922212576.0185,19221907068.3101,12731.6771959342,15185.814581236,12699.1293131688,14810,1993782
LVA,2015,Latvia,,,,,,,,,,17980004983.0806,16485585039.1246,13321.9753140616,13321.9753140616,13253.7536865325,14580,1977527
LVA,2016,Latvia,,,,,,,,,,18368220697.8299,16784153738.7988,13787.3367440023,13838.5266823272,14033.1061823221,14300,1959537
LVA,2017,Latvia,,,,,,,,,,20649363190.1736,18893724145.8135,14382.8612727134,15132.4958333982,14658.2321293884,14360,1942248
LVA,2018,Latvia,,,,,,,,,,22976317824.7253,21214505606.4103,15120.0698171804,17252.1710428626,15373.414033311,16010,1927174
LVA,2019,Latvia,,,,,,,,,,22336502930.0052,20695129452.1101,15328.3859933295,17294.9751600969,15924.0660669149,17010,1913822
LVA,2020,Latvia,,,,,,,,,,22495476465.5478,20955753517.2865,14900.7295718866,17564.2321549354,15887.5508813229,17350,1900449
LVA,2021,Latvia,,,,,,,,,,27210153565.7288,25463219757.1429,16070.1680032322,20261.8887788916,16614.6912966646,19310,1884490
LVA,2022,Latvia,,,,,,,,,,31385129923.5255,29363785846.0499,16421.3748596,20221.103686109,16600.2993674817,20630,1879383
LVA,2023,Latvia,,,,,,,,,,31245970794.4041,28293641320.8769,16229.3844520245,22710.2637544197,16718.2154692962,21000,1883710
LVA,2024,Latvia,,,,,,,,,,31776920406.1514,28535585480.6102,16376.2565245797,23578.9663562625,16916.9591523854,21520,1866124
MAC,2010,"Macao SAR, China",,,,,,,,,,25772006973.4371,24692145914.1481,74195.0577762344,52596.2250160214,54779.111237832,45370,537000
MAC,2011,"Macao SAR, China",,,,,,,,,,34926814499.3735,33289309440.0202,88168.9713699088,67046.7284292101,63273.3224132498,54620,549600
MAC,2012,"Macao SAR, China",,,,,,,,,,41529987226.9714,39208060744.8834,93192.885853941,76058.0224963659,67534.6913092809,60370,567900
MAC,2013,"Macao SAR, China",,,,,,,,,,49583908481.5801,46725252263.5793,99054.4980289716,87107.8313063626,75266.9495273377,67830,591900
MAC,2014,"Macao SAR, China",,,,,,,,,,51388937269.9126,47024156422.2551,92383.8434915276,88355.3181764446,75521.003112356,68530,621700
MAC,2015,"Macao SAR, China",,,,,,,,,,39978717180.7036,35370497843.2506,69902.9605741233,69902.9605741233,62431.981707193,57990,642900
MAC,2016,"Macao SAR, China",,,,,,,,,,39138619076.1982,34536921808.7047,68391.3415491921,68911.6755919628,61852.2933486043,59680,652500
MAC,2017,"Macao SAR, China",,,,,,,,,,45789472963.654,40563012042.1577,75650.1261840452,77570.9876166977,67750.3035706751,66890,648400
MAC,2018,"Macao SAR, China",,,,,,,,,,52465001395.1109,45631668212.9808,79178.6506290559,83588.2875009014,71343.2375191325,72780,658900
MAC,2019,"Macao SAR, China",,,,,,,,,,53961319627.0073,45476613191.7409,75724.6078280261,81882.6964523869,69328.7120372685,71600,672000
MAC,2020,"Macao SAR, China",,,,,,,,,,22521036404.005,15588916873.9755,33853.7761550109,36883.6652578543,41245.5672637615,43810,685400
MAC,2021,"Macao SAR, China",,,,,,,,,,33896044094.9785,28151016628.6243,41634.2386139903,44884.8961602393,41272.5125083455,46220,682500
MAC,2022,"Macao SAR, China",,,,,,,,,,29513860269.1638,21138012918.5428,34000.7134128308,36806.891255461,39872.0942331093,45210,677300
MAC,2023,"Macao SAR, China",,,,,,,,,,55628293164.7383,42166674429.477,59474.3964251614,67216.3631112124,59824.3768291869,64780,678800
MAC,2024,"Macao SAR, China",,,,,,,,,,59510795139.0018,45603722031.9739,63377.2932129214,72004.7437020733,64641.6452027951,69920,687000
MAF,2010,St. Martin (French part),,,,,,,,,,,,,,,,36856
MAF,2011,St. Martin (French part),,,,,,,,,,,,,20930.5821177758,,,37069
MAF,2012,St. Martin (French part),,,,,,,,,,,,,,,,37276
MAF,2013,St. Martin (French part),,,,,,,,,,,,,,,,37419
MAF,2014,St. Martin (French part),,,,,,,,,,,,,20638.7705882379,,,37450
MAF,2015,St. Martin (French part),,,,,,,,,,,,,,,,37369
MAF,2016,St. Martin (French part),,,,,,,,,,,,,,,,37175
MAF,2017,St. Martin (French part),,,,,,,,,,,,,,,,36837
MAF,2018,St. Martin (French part),,,,,,,,,,,,,,,,36012
MAF,2019,St. Martin (French part),,,,,,,,,,,,,19033.0649634889,,,34267
MAF,2020,St. Martin (French part),,,,,,,,,,,,,,,,31786
MAF,2021,St. Martin (French part),,,,,,,,,,,,,21668.3776525323,,,29961
MAF,2022,St. Martin (French part),,,,,,,,,,,,,,,,28870
MAF,2023,St. Martin (French part),,,,,,,,,,,,,,,,27515
MAF,2024,St. Martin (French part),,,,,,,,,,,,,,,,26129
MAR,2010,Morocco,7.51899633295371,7.50908445972768,11.8546292970521,2096041523.2,2766741.8,3309031265,27.462969464641,27347978062.1,21147705257.8,27913409876.2822,27045459856.5698,2767.04223632813,3067.9853515625,2677.3603515625,3190,32467016
MAR,2011,Morocco,6.74203980352228,6.73913949217262,9.88853852756038,2200269430.9,946926,3228520356.9,27.6980798517634,30016607498.1,22484476062.8,32649115416.821,31844811122.7425,2879.53930664063,3301.98876953125,2732.77099609375,3260,32912588
MAR,2012,Morocco,7.10547701263056,7.10469417065129,10.9736870036953,2341310450.1,257981,3616314431.1,32.3240509195629,33925181786.7,25195619067,32954415684.3752,32338623017.3005,2927.45043945313,3164.17724609375,2744.4755859375,3230,33355241
MAR,2013,Morocco,8.79245418947486,8.78910182109792,15.8587772705737,2907941513.5,1109156.7,5246997670.2,34.502888034062,39430846407.3,28447684912.6,33085764310.064,32614403876.4055,3008.185546875,3379.7431640625,2843.60888671875,3350,33787571
MAR,2014,Morocco,7.49524555386127,7.4940852133637,12.9466515206553,2757895673.9,427016.5,4764492690.4,37.1250189916679,43338961889.4,30346704874.3,36800964966.1046,36213462302.8064,3051.458984375,3435.40698242188,2905.40893554688,3330,34204780
MAR,2015,Morocco,7.55269541603344,7.55153270931057,10.5762551692244,2553451556.1,393154,3576221710.1,41.0525743321797,44625383212.7,31364909580.2,33813685968.0387,33292321658.95,3146.24780273438,3146.24780273438,3097.498046875,3300,34607588
MAR,2016,Morocco,8.63752518442809,8.63564986660629,11.0788252872274,3034111558.3,658887.7,3892514446,43.4727961452493,47831451631,31665368205.9,35134721823.6903,34394352740.4223,3124.42504882813,3140.85546875,3122.23071289063,3150,35023457
MAR,2017,Morocco,8.41951947794817,8.41847073797699,10.1033609468872,3339497797.7,416021.5,4007871819.2,44.0032096192297,51358094284,35039776449.7,39668698765.3829,38836212339.6926,3242.64428710938,3296.52661132813,3200.46655273438,3160,35446392
MAR,2018,Morocco,7.02971317463926,7.0280033314814,9.28560361990773,3090599284.9,751912,4083390196.9,40.4114034285646,50686138658.3,33759318329.3,43975495444.857,43253418108.9929,3304.7119140625,3501.69799804688,3259.4658203125,3380,35839760
MAR,2019,Morocco,6.92400656465059,6.90675575888855,9.53426255528164,3085685992.1,7707029.4,4259559978.5,43.5343377341004,55279299519.3,36771963618.5,44676344434.6345,44047981175.8211,3364.73950195313,3508.09765625,3340.98022460938,3510,36210898
MAR,2020,Morocco,11.3574214116773,11.283646514605,13.8428032596205,4324162139.8,28272298,5304891967.9,54.9196081945346,66009840918.5,43949181587.2,38322382167.8836,37545355746.7581,3090.89428710938,3268.0302734375,3117.34887695313,3260,36584208
MAR,2021,Morocco,11.4735101876445,9.48320876285884,13.8056895646823,4553008047.7,955568798.6,6628285558.6,46.8983264543197,65687357710.1,42422152195.1,48011260339.7696,47090235115.0489,3309.130859375,3785.93627929688,3291.47607421875,3630,36954442
MAR,2022,Morocco,8.02392881634102,7.92258899134151,10.1164827473821,4712303403.2,60276256,6017216863.2,50.35106931617,64971802459.6,41285713704.7,59479336973.6839,58575108623.129,3334.91162109375,3463.1376953125,3170.5498046875,3700,37329064
MAR,2023,Morocco,5.90089512173146,5.64002139037049,9.20347207035798,3548290003.4,164122720.3,5790153207.5,48.9147951964991,69632222212.5,45116709743.6,62912704718.7832,61950547614.6316,3421.21704101563,3813.72607421875,3379.89379882813,3780,37712505
MAR,2024,Morocco,10.8493145253087,8.775267011311,12.9254798325863,6065613761.1,1433616906,8901883062.4,44.7188367863758,67993946129.4,45727304918.4,69121700266.0049,67631266929.7778,3516.15405273438,4153.1943359375,3548.67260742188,3840,38081173
MCO,2010,Monaco,,,,,,,,,,,,141814.720026733,161853.922745228,,,33163
MCO,2011,Monaco,,,,,,,,,,,,148272.642343465,179364.009524397,,,33946
MCO,2012,Monaco,,,,,,,,,,,,146472.609057682,165444.625782803,,,34711
MCO,2013,Monaco,,,,,,,,,,,,157167.901201149,184940.633666281,,,35447
MCO,2014,Monaco,,,,,,,,,,,,165288.122704322,195693.519540544,,,36128
MCO,2015,Monaco,,,,,,,,,,,,170437.021128628,170437.021128628,,,36757
MCO,2016,Monaco,,,,,,,,,,,,173120.108465128,173604.669723126,,,37276
MCO,2017,Monaco,,,,,,,,,,,,165781.701248644,170663.470051177,,,37678
MCO,2018,Monaco,,,,,,,,,,,,173041.679774743,188298.389694191,,,38154
MCO,2019,Monaco,,,,,,,,,,,,185582.66851648,193746.729890885,,,38109
MCO,2020,Monaco,,,,,,,,,,,,161262.850134167,176891.806328966,,,38050
MCO,2021,Monaco,,,,,,,,,,,,194674.686164262,223823.327192464,,,38527
MCO,2022,Monaco,,,,,,,,,,,,214359.505134575,226052.060664649,,,38931
MCO,2023,Monaco,,,,,,,,,,,,225884.077199125,256799.911212051,,,38956
MCO,2024,Monaco,,,,,,,,,,,,247170.10380708,288001.574856495,,,38631
MDA,2010,Moldova,2.97380277493781,2.62561699395458,14.5082551800981,71378743.6,9465608.9,394414352.5,63.1599967281012,4724734887.4,838941268.8,2718551249.64333,1952631249.64333,2269.51116145996,2436.79935102421,2354.54533573529,2380,2862354
MDA,2011,Moldova,2.58646914800885,2.37948347981821,12.6986196492342,87421891.4,7604624.6,466545516,58.0188297176791,5216932920.4,864843806.9,3673986062.16333,2740636062.16333,2402.94446306051,2941.36224066021,2508.4423581673,2730,2860699
MDA,2012,Moldova,2.66326500456762,2.17838013790752,15.0355513983844,81791421.2,18205923.6,564538344.8,55.8879563823311,5320130874.1,964612996.2,3754690000,2707690000,2389.08666147529,3044.8084324815,2577.88437168347,3140,2860324
MDA,2013,Moldova,2.9589813078997,2.38303838127125,15.8620036932068,100142660.2,24202907.2,666570567.4,59.7056085801724,6204086253.4,996911522,4202310000,3040670000,2605.85029986142,3321.04397795719,2804.38972613472,3620,2859558
MDA,2014,Moldova,2.70478504679779,1.92309363977113,14.2231052846037,78345104.1,31845404.4,579436508.5,57.2270719133865,5851136268.3,1026823937.3,4073910000,2958710000,2737.80185056647,3289.95758568777,2938.41940903896,3730,2857815
MDA,2015,Moldova,2.97989200876349,1.68132964758429,12.6375228407502,55561555.8,42912551.5,417622107.3,73.9000579215744,6094646557.5,1071675442.7,3304620000,2488420000,2749.55137054338,2749.55137054338,2908.04343325647,3290,2835978
MDA,2016,Moldova,3.77724523618159,1.54924828502537,12.8677525958176,52237088.9,75122932.8,433871021.7,73.7875330771683,6217992082,1211736499.4,3371770000,2623300000,2910.95486872376,2847.08794770479,3062.37979520615,3170,2803186
MDA,2017,Moldova,4.00838863284561,1.73787571801175,11.4000648229884,69495738.3,90795313.9,455876052.2,69.1928004139998,6967883842.8,1441735823.2,3998890000,3119410000,3085.33305844263,3453.26727720294,3279.44082412866,3300,2755189
MDA,2018,Moldova,4.56920267710059,2.50027161378914,13.185187520648,111251835.7,92058949.7,586686785.4,61.8063335086727,7285819232,1449644230.1,4449590000,3452490000,3267.9961042872,4156.44981956646,3434.90630552161,3850,2707203
MDA,2019,Moldova,4.59941056806441,2.75181014071399,13.4767938685246,128913499.3,86554167.7,631344667,59.1926642474052,7311334078.8,1476416086.2,4684680000,3661990000,3438.67732670712,4405.33418162155,3653.6162069019,4490,2664224
MDA,2020,Moldova,5.49643756252329,3.58418434809047,17.5233201266158,146180241.8,77990864.9,714685106.7,66.675737691051,7948372177.9,1793584905,4078480000,3222270000,3188.91691602699,4375.7788930524,3427.90619754838,4360,2635130
MDA,2021,Moldova,4.2959377014321,3.24259951871679,13.7813288566293,165605394.1,53795877,703837271.1,64.9616495706485,9067599919.5,1852352568.7,5107180000,4197160000,3688.16729442144,5274.60582195352,3883.29709187333,5270,2595809
MDA,2022,Moldova,2.66531841177907,2.05065087284696,10.1122555970366,141056891.2,42280767.2,695585658.4,66.8632643722402,9752045571.4,2288767242.2,6878640000,5980760000,3610.14315344719,5744.29618434435,3765.2002758185,5540,2528654
MDA,2023,Moldova,8.69516345821193,7.41852540036396,19.0908496152343,518920495.5,89299910.4,1328738405.9,62.8005085116462,10662682776.4,2653565457.2,6994927798.92,5901166529.07,3758.3688194082,6799.58594644576,3936.68803869488,6250,2457783
MDA,2024,Moldova,7.0012700756731,4.95184816914507,16.6185835066351,340746466.2,141024774.7,1138740240.9,57.1465378506246,10491120731.8,2913711066,6881197778.3,5746532690.92,3855.56940382925,7578.90216348853,4137.37472725017,6890,2402306
MDG,2010,Madagascar,2.52994323133275,2.42534852006307,2.79381493262537,53788032.1,2319643.4,61959675.5,28.1124879975055,2755972130.7,2038908457.9,2217744446.00652,2155247036.63274,447.417143030687,450.009391645726,419.358957175207,450,22183340
MDG,2011,Madagascar,1.64871102283708,1.51208838170982,1.82064896481453,41799709.8,3776754.6,50329464.4,25.2856982129885,2867388363.7,2151223846,2764369484.32434,2670584473.75344,441.755158414121,506.163691559309,422.500703415031,460,22822300
MDG,2012,Madagascar,2.29175434707786,2.04593717062178,2.49754590840496,59422098.7,7139502,72538600.7,26.7087091899864,2993469808.1,2249040981,2904395088.63027,2850614585.44859,442.641500123543,493.511162904211,422.806209992117,470,23462438
MDG,2013,Madagascar,2.12859795563578,1.78778598255699,2.27088263029513,56881088.3,10843443.3,72251531.6,24.5044769963674,2940581583.4,2331456738.5,3181649753.10107,3145622503.52612,440.674658903628,515.301589361832,421.98833922907,490,24109290
MDG,2014,Madagascar,2.64189182938381,2.09441551387971,2.77463572595297,75197313,19656437.6,99619750.6,24.2440491437094,2963528296.3,2405600956.4,3590372230.42261,3559977146.69763,443.343869908205,505.684922503435,418.534186849314,500,24764348
MDG,2015,Madagascar,4.29268683187333,3.7738149292963,4.41953169976043,120076730.8,16509670.7,140622401.5,27.4767144034678,3007857304.8,2509947478.7,3181839413.15825,3153621894.04844,445.320069480568,445.320069480568,430.528986027018,470,25426702
MDG,2016,Madagascar,3.24459915549812,2.80981432927474,3.59422507426469,96166320.8,14880576.5,123012897.3,26.0181703262019,2976805934.8,2466564930.6,3422515139.09896,3390413596.60914,451.15659433146,453.970714522463,450.94070044639,450,26099952
MDG,2017,Madagascar,3.01242298242774,2.73689392012201,3.15340771556004,114496087.5,11526570.1,131920657.6,26.3828294698937,3382906474.6,2736287305.7,4183431687.22067,4147070750.80988,456.851859574031,491.866848718929,439.769908274374,450,26788375
MDG,2018,Madagascar,2.45091137089876,2.260328941677,2.94189421009689,100816035.8,8500428.7,131215464.5,27.8398702733725,3720119522.3,2900669535.5,4460237354.88703,4407496132.23529,459.330367799543,500.45718552916,453.623793874978,480,27494926
MDG,2019,Madagascar,2.48151084498424,2.34081726947368,3.05274035774656,96963509.4,5827940.1,126453449.5,29.6324583649625,4044792622.6,3116962245.3,4142292978.80231,4081577089.50728,467.27741349648,499.818837622534,444.874867459118,500,28219554
MDG,2020,Madagascar,4.29003929735614,3.94745906600197,5.03140012779878,103968381.6,9022895.9,132517277.5,38.2191601869722,4841435396.1,3508113284.7,2633805186.11179,2589228841.57843,422.924255422319,450.771615205157,425.627763448346,450,28953556
MDG,2021,Madagascar,4.43268719461801,3.78208446239033,4.94457579377515,128774014.9,22151997.6,168355012.5,37.9205140933986,5344813135.2,3715444279.6,3404842387.32768,3361943961.52786,431.599103077746,483.469463351195,423.501659304456,470,29691083
MDG,2022,Madagascar,3.43669816358263,2.87214960613292,4.55783844747276,136085966.6,26749002.2,215955968.8,39.6850024837053,5935380471,3931968957.6,4738122495.75769,4689006259.13799,438.438112102315,504.059106969168,427.777275743146,500,30437261
MDG,2023,Madagascar,5.52801098551575,4.0044465245789,6.09967363757098,177497715.3,67532231.8,266384947.1,41.4145410926583,6429471661.1,4459483893.5,4432515560.15386,4347384511.9576,445.874102052267,514.064076551927,420.471524444749,510,31195932
MDG,2024,Madagascar,6.48446823929733,4.69020278996311,7.17223697747634,198089071.8,75780172.7,292377244.5,39.2117046150763,6653640488.3,4765753163,4223464968.80486,4109253614.65209,453.957809653992,550.37875528856,451.004603095383,520,31964956
MDV,2010,Maldives,3.03429770176069,2.98735166902581,3.6430558027739,60089748.5,944306.4,73279054.9,40.1281147350981,913686330.3,627808485.7,2011472205.39976,2007435763.05067,8569.52494600725,7173.59601844692,,6000,360792
MDV,2011,Maldives,3.14313721679841,3.13507238354032,3.41197302473943,76757060.7,197454.1,83536514.8,35.5158602200661,880681947.2,675194502.3,2448334561.68311,2444770947.48524,9005.81391375104,7424.520410971,,6720,373674
MDV,2012,Maldives,3.11379195585215,3.10799094993068,3.35233535151938,77392485.3,144451.6,83476936.9,35.923424043945,939044142.8,720029097,2490112955.50028,2485947777.59969,8907.66134868182,7461.29703686309,,6810,386818
MDV,2013,Maldives,2.42095465460269,2.2290679321894,4.14787797452245,64913030.6,5587962.8,120790993.4,34.9521788047807,1024556824.2,874664509.8,2912115403.15158,2907893890.20851,9213.32791442475,8236.08177944126,,7050,400070
MDV,2014,Maldives,5.21577170733295,5.02522084171988,5.37611349354682,166074270.9,6297354.3,177670625.2,32.944864777841,1101101172.9,747031126.1,3304815372.91327,3299197715.75911,9612.07861806739,8939.07416571472,9579.65247537719,7720,413617
MDV,2015,Maldives,3.045724903727,3.00896271469427,4.3823337704801,94935002.9,1159874.3,138265877.2,26.4416895520383,1004002006.3,685301024,3155074087.03953,3145104894.24385,9644.90655028145,9644.90655028145,8868.40203578593,8210,428154
MDV,2016,Maldives,3.10772781532156,3.08943155046678,4.27764712778562,97643333,578264.4,135197597.4,28.0382666399164,1137521463.6,911809213.8,3160559844.26155,3147553740.5414,9909.07669723415,9947.80744731739,8404.75915762495,8720,443308
MDV,2017,Maldives,3.53980035014363,3.52257721545132,4.84709825811693,117420326.6,574109.8,161571436.4,33.0008165324018,1465514069.7,1234062577.4,3333364165.44544,3319072397.3111,10263.2991147672,10509.628805812,8516.58860350705,9400,458287
MDV,2018,Maldives,10.796396974248,10.7800108618296,12.1908487321284,388464887.9,590484.5,439305372.4,47.2562178051555,2321198855.1,2003328191.8,3603566757.76177,3584303216.62412,10793.8941325367,11423.2838427029,8599.61990201527,10220,473099
MDV,2019,Maldives,10.9517408722275,10.9338981249412,12.1726773382507,411488803,671498,458109301,51.7745443328391,2674811758.5,2226513398.7,3763422690.58972,3742126035.63197,11194.9253748064,11740.2724029785,8861.94091916475,10730,487731
MDV,2020,Maldives,14.696194521719,14.6864514827598,17.4573601006393,264584944.9,175526.5,314504471.4,107.470713789041,3661325289.9,2851867493.6,1801558022.44397,1786506566.61724,7295.60220956454,7393.8886543933,5517.13519085845,7050,502118
MDV,2021,Maldives,18.5371647780497,18.5366302168213,20.0732418589484,740981503.7,21368.5,802405872.2,86.9049861911727,4099470066.5,3134363053.7,3997390545.27606,3984805455.01323,9759.2219360708,10176.143882547,6455.05825770996,9350,516154
MDV,2022,Maldives,11.7797632456361,11.7701411912412,13.5353339647215,604057797,493815.4,694649612.4,73.0396211302368,3992801782.9,3067184961.1,5132120228.51104,5095627838.52199,10939.9963271738,11786.0191492983,7379.67826070537,10570,524106
MDV,2023,Maldives,8.43482654228655,8.40587345135337,10.1278966096322,414809956.5,1428766.5,499787723,68.5591205715148,3999770239.2,3417559679.4,4934763280.706,4879702393.43583,11439.5364342871,12587.6126038651,7188.30755566314,11130,525994
MDV,2024,Maldives,7.84440653271338,7.81819970769529,9.18470294592451,426940664.7,1431117.1,501515781.8,75.5586486708217,4692462747.8,4115745282.8,5460856471.59628,5413105415.82045,11798.791369146,13379.3513577224,7906.94562540267,11540,527799
MEX,2010,Mexico,5.99278558788719,5.9885358745835,9.60154726836855,19800089082.1,14050964,31745905046.1,28.5700387934223,312338399290.8,145925213054.5,330633221488,320979993449,9389.06722076504,9728.80078307432,9566.70126314856,9470,113623895
MEX,2011,Mexico,5.13410499739547,5.13285207957054,10.792467413316,19701066496.6,4808986.7,41423971483.3,29.0507246273433,351694706992.3,164302056445.5,383822993361,373594340249,9575.93437734618,10664.4944032313,9637.21787042116,9760,115243504
MEX,2012,Mexico,9.17000056804163,9.16967775917612,17.1456461494288,37216356347,1310162.7,69587884509.7,35.2377254920235,432987558051.4,195901051347.2,405863295575,396157428514,9782.51776251839,10744.1335236186,9736.08207952611,10500,116818208
MEX,2013,Mexico,5.36369216294973,5.36234769247755,9.3849710528046,22466430550.4,5632878.4,39319867428.8,39.111064663244,504135518878.2,220032999548.9,418966315480,408130762236,9738.71059661101,11216.800851866,9651.52524582401,10710,118343573
MEX,2014,Mexico,4.38766013785909,4.38716698771125,10.6971771895414,19278041319.2,2166995,47005419314.2,40.8517099366641,544166999708.7,247453037063.7,439418909132,428907843992,9862.4812534745,11391.3773503964,9783.75872487074,10950,119784261
MEX,2015,Mexico,6.21669550725483,6.21622085952116,12.5387170111518,26184462074.1,1999349.1,52816585423.2,45.4803129174973,538015200055.6,259358343960.4,421227988288,413808577565,10021.2386113616,10021.2386113616,9770.71368469965,10580,121072306
MEX,2016,Mexico,9.79537655336669,9.79457249698486,18.8534358233458,40791424242.6,3348651,78518842893.6,50.2965927131738,544792453300,269135653308.8,416469674967,408420912900,10100.5021195819,9097.92397674769,9821.79722846819,9740,122251351
MEX,2017,Mexico,7.92682679605904,7.92636561582852,14.2819574213038,36346938241.5,2114776.2,65490976510.5,49.85860000761,578638429804.9,289216351399.9,458557427239,447850514897,10193.7727188313,9649.27816729586,10027.5346404051,9270,123400057
MEX,2018,Mexico,6.13139735013248,6.13064142073342,11.6218684544373,30949664314.5,3816201.2,58671336763.5,49.1902287834628,602000702060.1,297826792417.4,504835663848,491303164650,10296.8690940459,10084.7937570364,10074.7163600932,9560,124573711
MEX,2019,Mexico,8.14037156833184,8.13284509559275,13.3021139066279,42292182220.3,39138942.5,69173262080.1,48.7169187460769,617449991504.4,307412597562.1,520017063195,505102177921,10159.4448367696,10369.5553593527,9996.36133413301,9860,125762982
MEX,2020,Mexico,9.22373280985319,9.22099678780039,15.7359205334234,41963401342.8,12451234.3,71611861931.9,56.8349663684666,616686384395,309061251393.4,455085304859,445859223696,9234.64362226594,8841.27074929751,9036.05214796799,8920,126799054
MEX,2021,Mexico,9.50115876118713,9.49958534741525,14.4748436269398,52018279654,8615773.7,79262034730.7,46.8965782589805,601471659897.8,290868145434.2,547584739245,537713908105,9728.05680024504,10314.0506733708,9548.85835816648,9880,127648148
MEX,2022,Mexico,3.81008281576839,3.77915275174245,8.6120372079918,24523329302.4,200708517.3,55884437145,40.8971913213688,585861539733.2,289397438410.8,648910772159,630346485313,10013.2479227064,11405.7940469896,9740.0151890458,10730,128613117
MEX,2023,Mexico,4.11659296213428,4.0300282804553,8.14585545015927,27058380539.3,581211826.6,54692834368.2,34.0722892134803,595981151218,301047797835.6,671419123050,649725036247,10234.6840265651,13830.843848864,10540.9187863006,11990,129739759
MEX,2024,Mexico,5.59679777078045,5.51409305850151,9.51997025016336,38813757614.6,582159318.3,67011170401.6,32.8920519832698,591255026725,289465037750.7,703901026022,681313488945,10284.0336925726,13988.0423745241,10624.6111080683,12760,130861007
MHL,2010,Marshall Islands,,,,,,,,,,105156326.953359,54962693.6523804,3441.31888402121,3095.45768964722,4133.0412727692,3820,52044
MHL,2011,Marshall Islands,,,,,,,,,,133352796.941149,77228669.5168178,3433.06297801838,3319.39815439151,4122.75800951702,3860,51907
MHL,2012,Marshall Islands,,,,,,,,,,173015736.695485,116703124.033821,3420.91444796671,3514.26515490383,4002.41155992921,3860,51419
MHL,2013,Marshall Islands,,,,,,,,,,171464325.388942,112784626.532615,3602.92811901896,3677.90690791421,4305.36098340601,4350,50681
MHL,2014,Marshall Islands,,,,,,,,,,151509784.881729,88726850.396095,3620.77275283155,3735.23977829545,4450.15663908748,4560,49796
MHL,2015,Marshall Islands,,,,,,,,,,117666715.59716,47175688.8371602,3764.34426229508,3764.34426229508,4963.11475409836,4980,48800
MHL,2016,Marshall Islands,,,,,,,,,,120892616.37112,46081871.4811202,3946.8444109078,4229.80988911945,5122.72317592069,5060,47709
MHL,2017,Marshall Islands,,,,,,,,,,173932537.790296,96826734.1218955,4190.93468589482,4592.83457628576,5263.38412602893,5310,46529
MHL,2018,Marshall Islands,,,,,,,,,,210477620.358113,128903650.689713,4542.34293916308,4858.12079054875,5615.54598652976,6040,45285
MHL,2019,Marshall Islands,,,,,,,,,,179338545.609564,91394266.0237341,5162.81500670348,5292.33985502306,6339.90047037971,6770,44007
MHL,2020,Marshall Islands,,,,,,,,,,177734685.085032,88042288.6603876,5172.57528216176,5661.96787336674,6352.73732028286,6610,42706
MHL,2021,Marshall Islands,,,,,,,,,,219387359.579513,130016413.308058,5455.31704015278,6315.31172190393,6172.05743708753,6720,41367
MHL,2022,Marshall Islands,,,,,,,,,,187587159.730348,102722588.740614,5591.46393193103,6455.6603538189,6346.58033285925,7580,40077
MHL,2023,Marshall Islands,,,,,,,,,,203020399.689002,100920998.288625,5460.11795915213,6799.39217554794,6700.86795271332,7960,38827
MHL,2024,Marshall Islands,,,,,,,,,,232295299.232769,122488024.783872,5832.53435602429,7590.28443592202,7184.46521785448,8510,37548
MKD,2010,North Macedonia,4.0836467983065,4.07513886171123,16.4167046309612,154886271.3,323366.3,623959637.6,55.1658818503309,5117234792.2,1880310446.1,3800760576.65824,3606441087.8556,4582.36517512347,4833.36586759968,4348.31803581165,5010,1946298
MKD,2011,North Macedonia,3.75327774573904,3.69744813598482,19.0332472698988,185583471,2802217.2,955322688.2,58.0429260072242,5982687643.2,2109512832,5019231215.0058,4794191369.13802,4711.13027870081,5416.86672931659,4353.02330941032,5140,1937398
MKD,2012,North Macedonia,5.25341165497121,5.17746316069264,15.4479085559167,234071989.7,3433615,698396604.7,67.5560932297406,6440923457.5,2270001357.5,4520978371.74539,4332231956.44329,4708.05168535923,5049.8265386157,4383.56811078941,5090,1929821
MKD,2013,North Macedonia,10.6559208140725,10.5877487427625,26.4018852889136,520505419,3351414.3,1297945833.3,60.1124927734005,6348713317.7,2572480776.7,4916110418.23979,4689230122.18728,4863.68088666968,5626.26115664893,4580.49375444698,5400,1922716
MKD,2014,North Macedonia,6.47759160562326,4.42626321488412,17.1499959486699,249062433.4,115426673.9,965017107.3,60.0036675912529,6690206195.1,3139532270.3,5626923237.69815,5416918066.57048,5053.75001236367,5925.38592218015,4845.92572167555,5630,1917557
MKD,2015,North Macedonia,11.3806560362992,7.97094143875912,21.5958784885365,404327441.1,172958387.5,1095454828.6,67.6327026199251,6592451551,3108642761.5,5072518023.20284,4905458052.58138,5262.68671928674,5262.68671928674,5096.88290979679,5550,1912430
MKD,2016,North Macedonia,7.0534057143791,7.05204108043517,16.0720894086402,395088448.1,76453.2,900433901.3,71.8679514884869,7364973879.5,3472841776.7,5602469463.71475,5439736122.83387,5429.94678358359,5598.48622617967,5391.16380845037,5440,1906313
MKD,2017,North Macedonia,5.84358411059756,5.84282660914686,14.3902477470154,374370588.3,48535.8,922034124.1,77.6192228036134,8428993017.3,3828582601.3,6407354065.82027,6241402766.12727,5510.81862920922,5955.2973863451,5486.910176344,5390,1898657
MKD,2018,North Macedonia,6.56607047796313,6.56494377656494,17.0995098194887,511548151.4,87793.9,1332413945.3,70.8671055226992,8611055372.7,4061010802.3,7792117782.12157,7613866176.53328,5698.39334484489,6713.98925398989,5752.48102468293,6050,1889051
MKD,2019,North Macedonia,4.20771075490612,4.19641139190062,9.69506521794705,334564760.3,900857.5,772952617.8,73.878913843162,8883693457.8,4163371591.5,7972639692.70827,7800355898.2255,5961.58475399191,6718.85826635458,6027.49680399675,6520,1876262
MKD,2020,North Macedonia,10.0518670354467,10.0323328923473,16.4527002299124,737629499,1436252.2,1209688430.2,85.5780954490782,10177241392.8,5101791781.1,7352522159.25436,7190189049.81747,5743.72649424581,6659.59651070776,5835.99479551535,6460,1856124
MKD,2021,North Macedonia,10.2490366896652,10.2247858867733,16.4544829768739,958613406.3,2273607,1542671714.6,81.2137403910336,10871173439,5091668491.7,9375388559.87248,9208490493.04014,6064.92315120022,7620.80296977508,6088.17720595703,7050,1837114
MKD,2022,North Macedonia,3.41698116719887,3.3506032762238,10.5201770700092,344514876.7,6825090.6,1081702967.3,87.2903420648887,11639682525.8,5095915848.8,10282174530.9184,10123090825.09,6250.62720952063,7606.2375253797,6272.07156874334,7570,1831712
MKD,2023,North Macedonia,8.83010136526558,8.18691866889114,16.9974210351505,891831164.1,70064256.9,1852379421,83.6825253285971,12519612311.4,5655430404.2,10893367824.5614,10685937073.9267,6423.99221393369,8674.35846327485,6333.98126309068,7940,1827816
MKD,2024,North Macedonia,7.09247560172403,5.96959337121601,14.4210946901678,639461380.3,120282869.6,1543173249.9,81.1537085602971,12837215392.3,5748042031.9,10711975515.5072,10460814922.3142,6628.84686594032,9291.8566035502,6585.52238153786,8300,1824359
MLI,2010,Mali,2.73874786613156,2.71293983971313,2.74643552201423,68108848.4,647915.2,68949763.6,19.0859485309254,2438634702.7,2245858601.8,2510518198.85552,2438690365.12049,821.181286586904,797.151541141189,810.086242703259,780,15945198
MLI,2011,Mali,2.41090176961837,2.37633523512351,2.46008466385188,68029343.6,989565.2,70426908.8,19.3256703955007,2907439380.7,2484409700.6,2862783945.40003,2804326480.49396,818.399030997125,938.292902579598,833.56019453441,830,16469049
MLI,2012,Mali,1.75441788970409,1.69963005311246,1.76112927643778,58246518.6,1877585.5,60354104.1,21.2743322221424,3070313143,2794058670.4,3427011571.92035,3345903617.94729,786.323471337187,872.506092463946,801.095073236261,830,16957033
MLI,2013,Mali,3.24495722420088,3.10959205543064,3.26717254874102,105261267.8,4582179.6,110595447.4,22.7159140936048,3483872890.3,3137286412.3,3385050705.16147,3302798425.47123,788.819448208696,901.920957649814,753.005720709018,880,17459615
MLI,2014,Mali,3.25473976791164,3.01579576637471,3.26841525300169,100559714,7967429.6,108983143.6,21.2679303567274,3521672816.9,3200134923.5,3334433820.79161,3240082249.31871,813.97566128646,947.915033293219,790.557371088308,910,18020267
MLI,2015,Mali,3.47087454688903,3.22481179023202,3.50001152538175,104701040.1,7989001.6,113636041.7,24.5106089686809,3747044962.9,3409356224.3,3246733357.18817,3150870859.55257,838.11986940103,838.11986940103,822.2139100639,890,18593022
MLI,2016,Mali,3.89540493589662,3.55666238145268,3.92840546881742,120277912.7,11455472.3,132849385,23.5063008450627,3847760144.7,3479353263.3,3381763569.32911,3287931636.95013,860.75307554569,872.468587171653,850.526925374796,870,19191289
MLI,2017,Mali,4.55339009006789,4.0966652487107,4.60137343899868,144884446,16152729.5,162734175.5,24.2588970103253,4319894781.4,3894230359.6,3536643518.66675,3413353812.56962,878.561348378099,924.057531692284,864.885184964719,860,19813011
MLI,2018,Mali,4.10479759973563,3.68986970870741,4.17482670314458,160969531.4,18101112.9,182125644.3,23.1419238102101,4595485040.1,4045902731.4,4362471959.92156,4186231408.7039,892.978322787306,996.379292136901,883.467610940647,930,20442030
MLI,2019,Mali,4.91749425136688,4.47477263532983,4.97408292684434,205121609.9,20294164.2,228009774.1,25.264051034063,4997729073.9,4451355497.6,4583956026.73745,4441960880.49775,909.751069706998,971.949318638092,900.965539051967,960,21068405
MLI,2020,Mali,4.78338987689611,4.32822980257237,4.79912835628142,231557916.4,24350813.9,256750730.3,29.1259873468337,5813484499.7,5060445953.9,5349945057.50086,5195546532.68699,872.389426815267,953.242943290974,916.081497081878,930,21713836
MLI,2021,Mali,5.25380158805546,4.85993313372394,5.2740755786592,269676793.4,21855687.9,292657481.3,28.7701638225669,6380090487.6,5348569116.8,5548981559.61581,5381017488.02601,872.332509422409,1027.27345365357,913.546429531238,960,22388630
MLI,2022,Mali,5.07466442532571,4.66101297891823,5.1141040922579,282452208.3,25066818.1,309909026.4,28.8716429810643,6233839496.8,5301609793.4,6059888903.49655,5855058149.26001,877.817842434642,976.914116406452,925.289210914486,1000,23072640
MLI,2023,Mali,5.47660762888397,4.69426480411957,5.54145188120344,297100545.8,49514565.1,350719110.9,27.3071265527304,6470797281.1,5554634463.4,6329011212.56032,6129775494.05153,892.689219532429,1042.44223444837,935.456987138528,1010,23769127
MLI,2024,Mali,5.91029867447778,4.91633901236592,6.16273727116764,304964815.9,61656188.6,368954004.5,24.9435630803084,6439962214.4,5618291338.5,6203087605.08442,5994008718.0214,910.300376300627,1093.2523323649,957.172387500619,1030,24478595
MLT,2010,Malta,,,,,,,,,,22284938015.279,13391662523.1208,20750.6382477568,21946.6073066905,18794.3653136366,21440,414508
MLT,2011,Malta,,,,,,,,,,29249670035.2614,15278802494.2783,20867.9213022084,23516.972445816,19081.6305861964,22060,416268
MLT,2012,Malta,,,,,,,,,,28144787077.8119,15223626992.7773,21529.3882643778,22878.3095862582,19479.8519470579,22450,420028
MLT,2013,Malta,,,,,,,,,,29345334859.6284,15935030718.8635,22626.4876843887,25415.5525389054,20224.7000079084,23330,424810
MLT,2014,Malta,,,,,,,,,,30383951060.3163,16718379581.2791,23866.0555833557,27424.5693619702,21746.0419038913,24590,433481
MLT,2015,Malta,,,,,,,,,,27692265965.5631,16475893047.5633,25529.6693210673,25529.6693210673,23759.2579506504,25470,444220
MLT,2016,Malta,,,,,,,,,,27685940179.9906,16739054210.7921,25969.4999809345,26459.0644285369,23344.595005843,23820,454505
MLT,2017,Malta,,,,,,,,,,40244507945.3749,17004026142.1187,28546.6464943104,30317.2611769875,27083.0848811861,26690,467106
MLT,2018,Malta,,,,,,,,,,46829409315.1484,19415151879.7333,29536.7913868949,33382.280781103,27484.3934509408,29030,483903
MLT,2019,Malta,,,,,,,,,,55235180717.8898,21322375051.677,29522.6480165028,32421.9087471186,27409.5092279821,29830,503912
MLT,2020,Malta,,,,,,,,,,58919512982.5208,21714364745.0259,27861.80732148,31823.422001724,24240.2980052365,26910,515490
MLT,2021,Malta,,,,,,,,,,42337444048.5209,22604794322.8196,31419.5031714693,38078.0064279067,28050.2841043243,32440,518150
MLT,2022,Malta,,,,,,,,,,50773471653.3784,24668450112.2333,31447.3917315418,35658.8318250199,29458.6082992739,34840,531113
MLT,2023,Malta,,,,,,,,,,61637891253.0845,27772858279.0368,33429.8172092336,40932.5238774461,29913.9101113135,35720,552747
MLT,2024,Malta,,,,,,,,,,70871898770.7799,29610203586.9228,34501.7892727094,44023.6341078148,30689.0510835779,36540,568847
MMR,2010,Myanmar,3.08051509397794,3.06508374957226,3.08051509397795,240654731.6,1211590.4,241866322,20.170486209262,9990180484.8,8433117183,7851489592.53019,7703969922.90472,854.932478016035,1010.53417343401,,880,49024382
MMR,2011,Myanmar,2.50122389055827,2.49643419448086,2.50122389055827,216140393.6,414690.2,216555083.8,18.0535304149224,10825723144.8,9225468146.6,8657964791.45517,8457499472.53735,895.512538750361,1213.62898703376,,1040,49419820
MMR,2012,Myanmar,11.842770639003,11.8416074964882,11.842770639003,1153948992,113346.7,1154062338.7,19.1699328228031,11033527299.9,9670956315.4,9744867766.83163,9451615664.72613,953.123081923425,1202.6658960055,,1170,49837446
MMR,2013,Myanmar,19.8589283857816,19.8550145640957,19.8589283857817,2459347856.6,484786.8,2459832643.4,16.9906663206016,9916586454.4,9506711239.8,12386532624.596,12149576073.7374,1024.69060473254,1199.09561597055,,1260,50262658
MMR,2014,Myanmar,4.44754481440568,4.44620321731738,4.44754481440566,619456279.2,186914.7,619643193.9,16.0697456201098,10049278770.5,9603629082.9,13932252956.5743,13140684868.4483,1099.24387750099,1293.00042298688,,1260,50681634
MMR,2015,Myanmar,3.31167246534642,3.31049094644381,3.44355399984989,482184415.2,172092.3,501565507.5,17.7737905538591,10219854991,9714142208,14565344627.1458,13706078184.7481,1166.73305546337,1166.73305546337,1125.47744878336,1230,51089056
MMR,2016,Myanmar,5.156238067739,5.15416802295098,5.29617068465908,719905167.4,289132.2,739739299.6,16.4019689211179,10112462045,9643781158.6,13967436920.8442,13016827707.1256,1225.37913970989,1229.19713515893,,1230,51495696
MMR,2017,Myanmar,4.22766665321163,4.22643770244001,4.35923941722529,624749259.4,181662.7,644379922.1,16.8609916662603,10783959875.7,10308805159.3,14781934654.7879,13628671745.2011,1290.5640902569,1272.82241830603,,1230,51894938
MMR,2018,Myanmar,4.81589397875279,4.81396525398577,4.8990621213857,819960980.6,328519,834455499.6,16.2637631750898,10731523127,10270828871,17032964247.5318,15727812061.8076,1361.5683126412,1298.21310320785,,1310,52272247
MMR,2019,Myanmar,3.35661242596455,3.33874648963876,3.68247626160146,630538817.9,3374070.6,695453888.5,15.3935737924956,11182088460,10748472737.2,18885495495.2936,17523382157.3227,1440.98988236734,1425.98954211903,,1380,52640713
MMR,2020,Myanmar,,,3.89794441390712,511727372.3,1946114.8,602182487.1,17.2950651539903,13405286214.3,12575972677,,,1301.31386350667,1490.21683548367,,1320,53016522
MMR,2021,Myanmar,,,7.13022145858569,786978303.3,5128436.7,883127740,21.0676114738987,13756717822.1,11802739422.6,,,1136.9956605414,1242.72134419599,,1240,53387102
MMR,2022,Myanmar,,,7.02818324308264,899930711.7,21160457.4,946169169.1,20.5015111684972,12535377301.1,10455524596.2,,,1174.76697945755,1158.05005034332,,1280,53756787
MMR,2023,Myanmar,,,6.99236383096215,765927014.2,116202343.9,911699358.1,18.5621659533207,12160041318.5,10034072017.5,,,1177.76649645563,1233.19666209269,,1220,54133798
MMR,2024,Myanmar,,,7.38528231051686,660985562.3,255678760.6,953351322.9,15.2759866470065,11174807782.3,9239552754.5,,,1158.47928097728,1359.05001560107,,1210,54500091
MNE,2010,Montenegro,5.40536502139004,5.3979538407578,5.54641943568643,92686530,127255,95235785,109.450559999765,4502976940.9,1348824753.4,1717067850.78748,1497242624.18258,5917.91510729977,6678.63939560908,5815.49583500917,6920,619428
MNE,2011,Montenegro,9.191312118705,9.18932766938724,12.2713930480629,201681836.4,43553.5,269325153.5,120.599424500904,5524651521.6,1801885339.4,2194739851.01076,1926402445.33897,6110.65726880215,7265.51771176628,5981.75576908216,7240,620345
MNE,2012,Montenegro,12.9358194187609,12.9352156961927,16.3272654599297,254231657,11865.7,320899770.8,148.578405687495,6175932504.6,2180726889.6,1965422633.61584,1700599398.72902,5948.37632539014,6552.47970337373,5816.12289922616,6980,621418
MNE,2013,Montenegro,16.3688246391691,16.366423615781,19.9479578240386,347741193,51015.1,423838879.8,162.271066149197,7387914607.9,2424263293.1,2124723159.82764,1842358784.74348,6138.24865275199,7102.7776714702,6122.03874032767,7260,622587
MNE,2014,Montenegro,12.6132539218449,12.6123318986348,31.4809520653176,270230875.3,19755.2,674508512.8,145.213666098796,6759453969.5,2360985926.8,2142592483.86297,1842409102.51749,6272.08821761355,7342.17147363741,6297.11343807185,7280,623744
MNE,2015,Montenegro,23.9132014958207,23.9122866882737,40.1364779109368,475434444.2,18188.6,798010843.4,161.075640491041,6674238727,2555915386.1,1988243326.11046,1713465828.79455,6421.00005731419,6421.00005731419,6563.18035864176,7150,624651
MNE,2016,Montenegro,22.4133713362068,22.4118936186202,37.8337020028064,463813145.7,30581.3,782966787.1,142.171899905147,6277162867.3,2428186325.9,2069495570.48877,1784310769.0117,6634.38197201003,6968.01202883651,6954.8261337263,7020,625353
MNE,2017,Montenegro,12.5477081795999,12.5468767858974,18.0600354003931,292988543.5,19414.3,421729132.9,147.132283550519,7292384356.9,2978416053.1,2335151197.38259,2025338318.60662,6840.90834101224,7674.2856571219,7409.08745084859,7240,625982
MNE,2018,Montenegro,25.6381538307809,25.6368975291988,32.7332628474355,693513630.7,33984.7,885480153.6,145.516425086107,8107921805.3,3425124240.4,2705138677.2137,2346469793.20084,7159.46778433252,8673.59469069858,7787.20392499729,8250,626438
MNE,2019,Montenegro,19.8070334606292,19.7942017989138,25.6177821590314,547768070.7,355092.6,708924929.2,150.5755948108,8438759319.4,3708635215.6,2767315784.00932,2424643403.20876,7470.29237568568,8749.25629734676,8205.23026735297,8970,626753
MNE,2020,Montenegro,39.8412249790558,39.8137249284878,45.1033158704673,625220267.1,431850.8,708286080.9,217.163003315186,10523512118.4,4826073427,1570363657.8165,1247417064.90095,6351.95187949313,7555.48699036321,6676.24054905319,7780,626590
MNE,2021,Montenegro,19.2100615635621,19.1765314295171,37.8469009819201,559724111.8,978676.7,1104674383.6,161.103035512735,9637917250.1,4293876634.9,2918797457.49252,2502312761.32339,7198.3012265441,9315.86435643142,7896.24299469825,9220,625053
MNE,2022,Montenegro,11.3035812820934,11.222432127147,23.3914028064542,401051500.1,2899994.4,835929064.1,138.582570450991,8806406767.8,3940348690.2,3573659395.36277,3177336626.87846,7773.59958791074,10038.1849482517,8670.27372516154,10420,623591
MNE,2023,Montenegro,9.66193188805643,8.99618142823901,19.135430336504,379752474.9,28103077.6,807756834,113.95522100629,8664556534.3,3968415762.1,4221262965.06157,3769025051.84798,8278.02461006262,12258.1600477339,9501.02578922863,11560,623529
MNE,2024,Montenegro,12.1357671446823,11.0021288319465,29.801351346243,456282280.3,47014453.5,1235869350.8,108.635519944661,8741348456.1,4512733634.4,4147218118.14374,3629070778.09678,8540.00427762252,13270.1824401005,9697.09395678766,12210,623525
MNG,2010,Mongolia,4.3269447775038,4.11937788629607,7.01895680355538,141014944.3,7105450,240273611.7,89.6927669740165,5928348234.1,1782406780.6,3423209722.25234,3393687996.28895,2611.67326563924,2625.21881402433,2384.17747573012,1990,2738622
MNG,2011,Mongolia,1.74973811246682,1.60465532968494,5.36856334369653,74137989.9,6703088,248037374.5,100.810671243824,9629415055.9,1828635457.7,4620181575.97473,4576938389.37679,3010.81642672623,3736.04201455077,2700.71576913976,2570,2786317
MNG,2012,Mongolia,2.80813136845568,1.9910164947596,26.3587873530666,89844649.6,36872321.1,1189440680.1,140.031588117475,15884345587.4,3742361307.3,4512501520.52849,4451983015.63196,3318.16496597089,4328.89001905655,3037.0852786612,3630,2839705
MNG,2013,Mongolia,5.03607569347621,2.95688621977912,30.8319549175214,133953750.3,94192067.9,1396758509.9,169.849941329761,20163758882.7,4810985329.2,4530230125.32442,4478132777.64294,3628.90708069575,4340.14310544449,3337.36064216208,4310,2899011
MNG,2014,Mongolia,3.62873362272904,2.62443444458114,21.9682576660959,161008315,61613472.1,1347746428.8,201.7487171776,22661510937.3,5333495880.8,6134971872.98565,6077853793.77852,3830.35892049593,4126.23975800524,3599.15706035581,4180,2963113
MNG,2015,Mongolia,3.05609606785937,3.00346138373757,35.185183163928,156002295.4,2733889.5,1827547831.1,226.396329174487,24116768493.9,5837347755.4,5194083607.82277,5135249417.40351,3838.92126989984,3838.92126989984,3519.30434319089,3770,3026864
MNG,2016,Mongolia,3.45593573206737,3.45493113508884,25.7388585782643,196003792,56992.4,1460206784.4,257.495492491549,26419310479.1,6944244895.5,5673160602.51834,5604859840.83562,3817.91962716702,3619.90026383792,3611.29506674848,3460,3088856
MNG,2017,Mongolia,4.15278347487062,4.14832707345789,53.7621400202377,285282756.6,306469.2,3697252225.8,301.213847625128,29736206992.6,9286264189.9,6877055534.63505,6800649749.07547,3956.2049437134,3645.96708669551,3702.87175380132,3200,3148917
MNG,2018,Mongolia,11.0471721565898,11.0130129986884,96.4757121739419,874259315.9,2711697.7,7658648013.6,264.705286108799,31615438487.9,9818702643.1,7938420811.85341,7713996346.58459,4183.85566447661,4107.64288528468,4132.8213818129,3650,3208189
MNG,2019,Mongolia,5.51009707212663,5.44523213382269,127.580662051185,479728395.8,5714642.1,11239937037.9,263.625221019326,33307361024.1,10085261188.4,8810063262.87175,8415577134.5562,4337.8167085432,4347.54610314873,4331.45151582174,3800,3267673
MNG,2020,Mongolia,14.2985980356279,14.2364712572764,33.3200946277239,1137075990.9,4962105.2,2661297096.1,270.758627164147,32634584659.2,11086171149.8,7987063439.74689,7645582756.2656,4066.03410882791,4001.25193077703,4202.44808441931,3690,3327204
MNG,2021,Mongolia,14.4080566113371,14.3046272878304,28.9938212408892,1322019563.8,9558836.2,2679580400,267.816579054365,34962629978.3,11524493707.3,9241901499.41691,8950212655.6227,4063.53669849245,4517.61578018785,4333.62283306117,3690,3383741
MNG,2022,Mongolia,19.1559468332522,18.8554842807494,35.3251689829714,2137002879,34053187.4,4003609066.4,217.358336876823,33701162514.4,9802274498.4,11333587868.5534,10989319674.2196,4205.88554513551,4993.51487463495,4726.16471755807,4340,3433748
MNG,2023,Mongolia,12.4811972836093,11.9798359874118,31.6253030041856,1911479784,79996252.3,5046073036.3,193.629879463826,35039286449.3,9729885651.4,15955809294.9565,15501267043.5886,4456.53627552726,5838.63108083902,5608.88490068067,4870,3481145
MNG,2024,Mongolia,8.62141973597514,8.03326797970468,32.0417230045509,1358673167.6,99474586.4,5419242754,181.85657688514,38016581521.2,9862733926,16913081588.1228,16354194366.6596,4626.79609644243,6750.6301157724,5757.89211611291,5380,3524788
MNP,2010,Northern Mariana Islands,,,,,,,,,,,,16293.3059496259,14771.4037455399,,,54091
MNP,2011,Northern Mariana Islands,,,,,,,,,,,,15226.1308805108,13598.7166094613,,,53608
MNP,2012,Northern Mariana Islands,,,,,,,,,,,,15457.4258192247,14013.6003306158,,,53234
MNP,2013,Northern Mariana Islands,,,,,,,,,,,,16015.0349164338,14632.8518897608,,,52758
MNP,2014,Northern Mariana Islands,,,,,,,,,,,,16869.5270385638,15945.417608954,,,52178
MNP,2015,Northern Mariana Islands,,,,,,,,,,,,17665.1007493109,17665.1007493109,,,51514
MNP,2016,Northern Mariana Islands,,,,,,,,,,,,23158.5744988538,24225.474169342,,,50773
MNP,2017,Northern Mariana Islands,,,,,,,,,,,,28989.3470221339,31225.6049960968,,,49959
MNP,2018,Northern Mariana Islands,,,,,,,,,,,,23756.6075820248,26509.3628379893,,,49077
MNP,2019,Northern Mariana Islands,,,,,,,,,,,,21451.4401636511,24496.6652122421,,,48129
MNP,2020,Northern Mariana Islands,,,,,,,,,,,,15410.1186923944,18220.8382427201,,,47528
MNP,2021,Northern Mariana Islands,,,,,,,,,,,,16365.016735395,19455.50139424,,,46979
MNP,2022,Northern Mariana Islands,,,,,,,,,,,,19461.8611129744,23785.754590043,,,46078
MNP,2023,Northern Mariana Islands,,,,,,,,,,,,,,,,45143
MNP,2024,Northern Mariana Islands,,,,,,,,,,,,,,,,44278
MOZ,2010,Mozambique,3.20117730446007,3.17161971014173,7.00584673849005,86043807.2,801876.7,190063683.9,101.617142296998,11230847942.9,3262747997.4,2712929514.36965,2578149191.77965,494.162859074785,496.185839392659,466.497019348182,550,22999235
MOZ,2011,Mozambique,2.19947192805001,2.15268751413051,13.7633096994238,78966987.5,1716191.6,504879179.1,93.7558362929531,13467163287.6,3894523524.6,3668297743.24656,3484267494.83636,514.869957191994,618.17649286789,489.31739351468,570,23649039
MOZ,2012,Mozambique,1.92875675749495,1.88099711535154,6.55750840032533,89924938.9,2283248,313495186.9,119.124597767191,19789749571,4541268275.7,4780705837.66918,4647648446.65918,540.2945177803,685.685748199513,539.673412134001,630,24337846
MOZ,2013,Mozambique,5.44660266476042,5.38183034215173,11.177809351688,263840093.4,3175413.3,547983506.7,169.070905618775,28977879799.6,7303329327.5,4902423090.77534,4768107024.54216,559.393953685688,686.505672517351,557.169324463182,690,25051611
MOZ,2014,Mozambique,6.09319210328052,6.02417600124468,13.3827229878675,287305574.6,3291522.5,638250097.1,194.508168334933,34576421531.1,8529631929.8,4769209507.50175,4641233385.75175,585.266716133984,697.142680444123,569.637613035629,710,25788475
MOZ,2015,Mozambique,7.82064798952329,7.05854075548337,21.4194837130695,299873002,32377143.1,909979145.1,241.615881289574,38438314512.3,9181348514.5,4248371049.8809,4135891581.72862,610.563774706589,610.563774706589,599.258291541116,670,26547572
MOZ,2016,Mozambique,7.4720761951876,6.61814269762765,27.2904422466498,256273141.3,33066712.2,1056762853.5,366.763623134235,43401165454.9,9546345324.3,3872281892.4993,3768685987.62173,620.779714954555,441.489734819071,599.641561718678,550,27337105
MOZ,2017,Mozambique,5.16968727347086,4.59528820951889,23.0962769328568,256318980.3,32039205.3,1288279185.6,362.951495919371,46766241383.2,10499216075.3,5577865165.65053,5412345970.90016,618.397694360334,470.93856305196,617.158224927588,480,28166393
MOZ,2018,Mozambique,5.35830824895752,4.90134482332064,26.6903533189091,346640286,32318055.2,1887635341.2,345.085258316259,50832826069.6,10752295329.8,7072350517.9779,6815748996.3329,621.153734194787,517.507260258101,627.154411587561,470,29018644
MOZ,2019,Mozambique,7.45344551036886,6.68456382727239,28.499459629001,399621417.4,45965839.5,1703775256.9,364.511823633353,55538161414.1,11124331513,5978272146.48744,5717791026.63961,617.13932000195,519.09255091362,595.936660204774,500,29884380
MOZ,2020,Mozambique,10.2312189613652,9.62010919940689,22.8198147582556,453813362.5,28828131.8,1076488494.3,432.222289870322,60289393540,11458662569.5,4717341072.677,4501314267.32032,591.804059985932,462.433876479921,570.771401661218,480,30783688
MOZ,2021,Mozambique,6.96138419729255,6.557901787518,103.732219935778,442377040.5,27217753.5,6997474794,407.031730767108,64425786318.2,11282139619.5,6745710058.39092,6526359197.25198,588.215854695416,509.907829475551,580.644448605362,490,31707800
MOZ,2022,Mozambique,5.685045504362,5.36132173299096,59.157988533058,514899088.5,31090295.1,5681508383.6,379.630335980732,66289653065.3,10810392056.9,9603958019.00047,9409171853.55761,596.086630918965,578.273222184503,579.761650634196,500,32656246
MOZ,2023,Mozambique,7.7648689366385,7.33430556342809,46.1574389620686,714048226.3,41918489.8,4493763879.4,355.368526234506,67935857527.8,10124948545,9735730535.42442,9404691910.89479,610.591041611538,622.191133245967,590.517818953629,540,33635160
MOZ,2024,Mozambique,10.0088790060902,9.72200704257071,46.5096494923949,948857105.7,27998385.5,4539290211.5,350.573066715697,69765373429.6,9150147490.4,9759889100.52365,9358247972.18095,605.763481416969,656.976148587772,568.598099323496,550,34631766
MRT,2010,Mauritania,,,5.17607922454934,112245192.2,305418.7,113957610.9,63.9658175195976,3556481608.2,2325934476.3,,,1463.84763242531,1659.96369705455,1679.14571757635,1550,3390965
MRT,2011,Mauritania,,,4.36192012761766,124186108,104008.2,126118116.2,56.6317449678541,3742969896.7,2565501495,,,1476.23923867862,1931.19975525465,1844.37974720703,1640,3502811
MRT,2012,Mauritania,5.14327479940311,5.10836567877043,5.20221864920121,148717050.8,1016290.1,151449340.9,65.4300838485043,4277397892.3,3021411169.4,2911245203.4913,2786123475.04023,1492.69966692583,1859.11733247641,1794.87142762251,1800,3619034
MRT,2013,Mauritania,5.71634690384087,5.61618888069431,5.77048068983166,166098088.9,2962161.1,170661250,64.3590935844152,4522468781.5,3246738811.9,2957487585.05903,2837714186.16883,1506.66419033006,1936.26950446101,1786.48213512781,1890,3734318
MRT,2014,Mauritania,10.8120896535177,10.6697962880413,10.869712261055,238494893,3180589.4,242963482.4,71.479052914401,4531578245.3,3296507270.4,2235233799.79902,2216876688.74357,1524.45340969502,1718.97089374709,1538.81108867105,1790,3848514
MRT,2015,Mauritania,14.0246053229575,13.7633479154921,14.1528684739522,235642987,4473001.5,242311988.5,83.4140311520752,4993494071.2,3711550084.1,1712105139.29361,1634736921.32039,1558.84205473416,1558.84205473416,1513.22385433915,1680,3965959
MRT,2016,Mauritania,14.90583212524,14.3079228611046,15.0234089816701,247517377,10343425.4,259894802.4,80.8665818451545,5080228847.5,3865182891.7,1729932285.78876,1670610375.81556,1531.87725661699,1568.00551190332,1650.03646388825,1550,4086657
MRT,2017,Mauritania,15.5987685147002,14.9002641975883,15.7321650575095,304156453.8,14258444.9,321137898.7,78.1837937696366,5241041040.5,4001766332.5,2041282287.12367,1889585455.27552,1580.01453100123,1617.93401542267,1688.19662927577,1560,4210600
MRT,2018,Mauritania,17.2186954948524,16.2891491018375,17.4170720863715,362361377.6,20678287.7,387452665.3,70.2585908458328,5223782895.1,3950553319.4,2224556822.05723,2061792405.77192,1606.91539159026,1723.37809442655,1881.47127718291,1680,4337685
MRT,2019,Mauritania,13.8313053712462,13.0145500392508,14.0317946365313,353781024.7,22202268.8,381433293.5,69.003636509372,5381274690.4,4054403497,2718350028.49138,2524730455.7324,1609.15396170643,1767.072710621,1972.7423229528,1720,4467708
MRT,2020,Mauritania,9.89649046413474,9.20893529764181,9.98400357271305,271386133.1,20262161.9,294227295,69.7120215454525,5685048948.8,4185527399.5,2946987076.44841,2783958568.33055,1557.19511875153,1795.72437324423,2049.70161221494,1720,4600131
MRT,2021,Mauritania,12.3182490080846,11.8844387027343,12.3801001108215,391593439.8,14294092.8,407925532.6,52.7281781201758,4785800456.2,4011096145.9,3295009967.19267,3180497024.90772,1524.11753502309,1947.47413907209,1944.76500621295,1810,4734874
MRT,2022,Mauritania,7.93782599970776,7.65334457305331,8.04677713297794,326220858.2,12125911,342990769.2,47.9899990566287,4559340624.4,3796556740.3,4262461399.53756,4132160494.0805,1580.70391528747,1961.28166648869,1838.98122639641,2010,4875637
MRT,2023,Mauritania,9.06214892669058,8.62856658375298,9.42214593112765,359598504.6,18069694.5,392671199.1,43.0383110395313,4588008473.3,3733823632.1,4167534678.0901,3955306445.37522,1638.99221583023,2127.9576285973,1982.32603085512,2140,5022441
MRT,2024,Mauritania,9.3694244273378,8.74931688447518,9.67472381178827,373329776.8,26459735.5,412816512.3,41.8283000583246,4459916731.6,3607484340.5,4266959143.54682,4054632719.27809,1692.84166088843,2104.54260769051,2093.97661438394,2110,5169395
MUS,2010,Mauritius,0.849862679643211,0.845180278596256,21.7059849616157,86111313.5,477067.1,2211517380.6,79.2577259050381,7928681896.2,1006984446.6,10188514294.6095,4956580726.07108,8100.95282599507,8113.17670740212,7013.41713658797,8210,1250400
MUS,2011,Mauritius,1.34200037441445,1.33966213633805,20.6148784239835,93547767.7,163277.7,1439524045.4,87.090929977457,9841085923.9,1171536268.7,6982937351.33187,5825963411.4879,8423.28220250903,9324.24232310496,7103.97285857242,8530,1252404
MUS,2012,Mauritius,1.05746570814174,1.05691296176506,40.9455036572323,85057432.7,44483.5,3295180916.2,88.5078216143609,10694876889.2,1368946528,8047723490.67921,6057058208.39713,8694.84560747968,9421.52514098225,7778.96963261503,9700,1255882
MUS,2013,Mauritius,0.695430987291962,0.693872031021112,20.3180760323694,85123439.5,191251,2492598690.5,98.0701377984213,12391683917,1736281890.8,12267887404.9342,5645495475.88268,8968.51243536773,9877.13865958834,8761.61368561066,10360,1258927
MUS,2014,Mauritius,0.958528038202041,0.958021102748759,43.3282527556684,137848442.5,72942.3,6234447384.8,94.8372492709574,12759055557.6,1813128057.2,14388873283.1129,5997935282.99094,9297.64820128968,10490.3315563853,9253.50228200722,10720,1261208
MUS,2015,Mauritius,0.908235966310638,0.907711558757573,32.9187431984099,118667383.3,68557.1,4303548940.4,83.0036301868853,10302274190,1719977124,13073248010.9018,5394631907.53723,9630.5437837507,9630.5437837507,10064.3131956028,10660,1262879
MUS,2016,Mauritius,0.99004090118698,0.98922803695349,12.8249184854386,138715612.4,113984.8,1798388597.2,80.4577519799629,10444397736.4,1630117210.2,14022612301.5276,5201359542.26158,9997.89198315532,10095.1225574156,10639.7777422249,10650,1263747
MUS,2017,Mauritius,1.58728399344259,1.58686630687058,17.0043741853135,273960361.2,72110.4,2935675471.6,74.5189348704116,10629579614,1554987926,17264237069.8682,5391592172.41552,10383.8832682578,10986.7034093005,11126.5624118346,11020,1264887
MUS,2018,Mauritius,1.18094929315616,1.18009229523987,21.4138859349856,177439356.8,128858.7,3219804215.5,71.7181512600384,11234112089.6,1434317121,15036057562.2547,6354384922.73494,10805.4615213739,11818.7480619272,11494.4273837867,12190,1265577
MUS,2019,Mauritius,1.16289301335936,1.15474249295487,19.7385629119977,188314333.6,1329179.3,3218946512.9,81.0716747686362,12361096211.7,1385663591.3,16307907152.3663,6123700878.56177,11111.3423669526,11568.2533399824,11822.4538359242,12710,1265985
MUS,2020,Mauritius,2.93657902094452,2.93321544243036,21.2598009798415,368092547.8,422099.3,2667916647.1,101.298413512918,12402260814.6,1916509556.8,12549113933.9908,4006350576.23791,9533.5982796049,9135.84773751062,9924.48744256179,10780,1266014
MUS,2021,Mauritius,1.27145611676377,1.27023054810817,19.4670428797024,183083500.4,176646.2,2805864146.6,115.15137402835,14700286003.2,2826278975.5,14413407130.9084,4213431087.39414,9849.34891121846,9177.71195973013,10021.9520849899,10900,1266334
MUS,2022,Mauritius,0.909520871949987,0.889781361929897,4.35544428502095,185071923.1,4105760.4,905919683.5,124.122312928641,17652775747.4,3349935678.7,20799707772.9957,6137799123.0485,10703.2364271462,10246.5017455553,9504.7909446066,11810,1262523
MUS,2023,Mauritius,5.73683259055661,5.68584123271582,8.44913892711694,1325848374.3,11890379.3,1970205753.6,123.586942977986,19079313500.9,3675389006.6,23318420617.7124,6382222292.35002,11330.7335655767,11269.9684462139,10512.3811246741,12530,1248647
MUS,2024,Mauritius,5.30943728749348,5.24849608870802,8.48229754247703,1025701879.6,11909602.5,1657676482.1,123.165055468656,20364236675.8,3399296502.2,19542776869.1067,6562363192.34194,11918.8045212095,11990.9355434317,10987.8350641501,12960,1245779
MWI,2010,Malawi,1.64050213121809,1.61266801907233,1.68623834472246,19745711.8,340804.4,20646516.2,10.1861815496722,1020774253.2,729526596.4,1224412685.46756,1222630584.06267,508.088650552846,683.124694716799,,650,14826463
MWI,2011,Malawi,1.37880200622551,1.32352843899927,1.41560076977703,21256293.2,887711.3,22735004.5,10.522553020403,1213551485.4,928826477.4,1606032222.17666,1604263589.67409,517.833736624232,763.061000394572,,710,15265022
MWI,2012,Malawi,2.03736439165683,1.74337057223291,2.05722321598912,24141756.8,4071152.4,28487909.2,15.4152516993896,1331643879.7,1027199727.4,1384774825.53117,1381897555.50508,512.74031797451,558.46208832772,,650,15709577
MWI,2013,Malawi,3.12530007112159,2.531889978771,3.14397501022139,35385565.7,8293469.3,43940035,19.85391823941,1562928822.3,1246638700.8,1397594919.08003,1395388936.02432,525.357645516557,496.947368267313,,590,16161816
MWI,2014,Malawi,4.08958834868558,2.54832971996779,4.10551073364016,41932310.3,25361135.4,67555445.7,19.2215926499317,1660844756.6,1366808988.3,1645482135.66846,1642093292.50276,539.562601918057,529.5133440206,,530,16621538
MWI,2015,Malawi,5.55946936824021,3.64973295313644,5.5747811915666,46480285.9,24320983.4,70996269.3,19.1396926868478,1722514630.8,1455186495.7,1273525666.03693,1270097065.21111,539.605363240686,539.605363240686,526.742129181593,510,17085587
MWI,2016,Malawi,6.31157165401313,4.20879871714317,6.38504578622724,49835973.2,24898728.3,75604701.5,23.4326204329779,1848081075.2,1508121929,1184090201.24933,1180132969.06476,538.221990810959,450.506105510719,,490,17557739
MWI,2017,Malawi,6.40277894724429,4.45148732432589,6.51699201833132,49810417.9,21834197,72922614.9,24.7544283085607,2162398106.2,1789808893.5,1118961243.08392,1110954236.57409,544.795729220349,495.769683367165,,480,18039715
MWI,2018,Malawi,7.15767844983201,4.68153043018991,7.23191662081913,54799975.4,28984720.4,84653695.8,23.7046530017529,2265713574.3,1926246505.6,1170556855.65152,1152929010.15119,553.528790902088,533.202567189331,,490,18528081
MWI,2019,Malawi,6.48993069405475,5.31108021158724,6.62029750785144,78097642.1,17334598.5,97349240.6,22.5064008416382,2427416965.7,2019667214.7,1470466251.47204,1446681182.82193,569.866249371948,580.889139762475,,540,19025752
MWI,2020,Malawi,7.28454344607511,5.41086607959744,7.44751475481627,72046911.1,24948439.8,99165350.9,25.8886794398271,2961709327.2,2255361100.3,1331522718.1775,1308331288.54349,559.447086086067,602.507478176106,,560,19533888
MWI,2021,Malawi,6.91082906155259,5.26772072184465,7.0175617775003,84692014.8,26417147.6,112825162.4,26.6288989509456,3197123056.9,2378770187.5,1607754459.13052,1587258225.09216,569.968967322435,617.446994451007,,600,20047258
MWI,2022,Malawi,9.27020877947992,6.99481762282133,9.14455541109317,100915092.7,32827347.6,137892440.3,27.7078594488565,3340066801.7,2545818451.6,1442712278.45532,1421623971.66243,560.635759714941,604.269740360317,,610,20568728
MWI,2023,Malawi,9.90668251730003,7.25884288898916,9.7055481792421,109682784.8,40009465.5,150567250.3,29.1854366990484,3604152682.7,2875781584.4,1511022989.16507,1484758231.30307,557.03523965791,633.214767978695,,620,21104482
MWI,2024,Malawi,10.2883345445333,7.65230392479289,10.5586545915916,118637836.7,40867818.8,163792655.5,35.2492254102013,3743648285.8,3003754814,1550354479.7224,1527859263.45372,551.95152347056,522.365366146003,,570,21655286
MYS,2010,Malaysia,,,,,,,,,,234007416489.164,222011698915.434,8118.92270511981,8899.34505544675,,8130,28655776
MYS,2011,Malaysia,,,,,,,,,,271150322940.317,254006731759.289,8400.32248683558,10217.1068585031,,8890,29162039
MYS,2012,Malaysia,,,,,,,,,,263076216229.106,249376200391.976,8710.52671359902,10600.5744240026,,9980,29662831
MYS,2013,Malaysia,,,,,,,,,,259477171510.951,244385450722.886,8964.80724896203,10713.6407638899,,10590,30174265
MYS,2014,Malaysia,,,,,,,,,,265588183928.291,249538834188.691,9341.73055971278,11013.3107334403,,10840,30696137
MYS,2015,Malaysia,,,,,,,,,,222159718756.867,209568171911.514,9648.6797937523,9648.6797937523,9385.42309378948,10350,31232798
MYS,2016,Malaysia,,,,,,,,,,212561993725.791,201120552699.396,9901.47960179812,9476.53409809923,9756.40786439683,9800,31789685
MYS,2017,Malaysia,,,,,,,,,,236200503413.261,223701888947.356,10293.7629205362,9862.54806612235,10143.0123634691,9560,32355644
MYS,2018,Malaysia,,,,,,,,,,260852043433.953,245885974787.62,10610.1950240479,10901.8019954421,10386.8440905993,10200,32910967
MYS,2019,Malaysia,,,,,,,,,,254133683254.663,238361133830.799,10902.9834855856,10920.191763972,10735.6363765909,10750,33440596
MYS,2020,Malaysia,,,,,,,,,,220848811936.551,208216918909.246,10171.4657842762,9957.52626697613,10067.3256117866,10110,33889558
MYS,2021,Malaysia,,,,,,,,,,287349473811.222,263835854753.828,10388.2667120857,10903.1037480772,10232.4176330383,10520,34282399
MYS,2022,Malaysia,,,,,,,,,,333961586001.547,312879888024.449,11191.6511756943,11754.5678336248,10969.4956132944,11620,34695493
MYS,2023,Malaysia,,,,,,,,,,293860129752.41,274100270286.124,11445.3925275079,11386.0395636528,11245.3537859356,11700,35126298
MYS,2024,Malaysia,,,,,,,,,,322537949513.047,301788640250.677,11883.79127749,11874.4273684245,11627.3980062272,11650,35557673
NAM,2010,Namibia,,,,,,,,,,4915826340.56378,4597032564.65354,4165.12990200988,5418.21633365814,3761.35415043309,4520,2109811
NAM,2011,Namibia,,,,,,,,,,5015066817.89274,4672261505.55097,4302.72451368462,5834.7917675794,3977.66070312261,5160,2146325
NAM,2012,Namibia,,,,,,,,,,5222709243.38782,4872509608.51738,4420.96741373862,5942.64680978673,4097.14129027813,5730,2194654
NAM,2013,Namibia,,,,,,,,,,4683828538.35993,4355024967.30835,4549.26759093897,5346.62131149967,4348.47488197774,5900,2252508
NAM,2014,Namibia,,,,,,,,,,5200218015.67085,4826448310.91584,4701.95694189098,5378.32326241205,4574.70830786923,5690,2312139
NAM,2015,Namibia,,,,,,,,,,4399954252.58443,4088530444.61571,4774.10650865775,4774.10650865775,4766.4788074097,5180,2374300
NAM,2016,Namibia,,,,,,,,,,3996131441.74685,3732879984.50345,4648.62713460213,4395.68776162376,4748.08638106439,4580,2439213
NAM,2017,Namibia,,,,,,,,,,4771063299.15934,4483391698.14192,4476.73324402105,5143.96072323076,4712.25571600517,4430,2506853
NAM,2018,Namibia,,,,,,,,,,5299469863.42185,4951877763.01286,4400.47537705743,5308.60813408705,4506.35893615455,4670,2577327
NAM,2019,Namibia,,,,,,,,,,4891928419.18742,4582810686.20053,4243.09274481966,4731.9210318831,4449.92754042297,4870,2650494
NAM,2020,Namibia,,,,,,,,,,4133332905.47028,3883119314.8177,3787.49943973286,3878.58982993966,4048.65118261187,4240,2728762
NAM,2021,Namibia,,,,,,,,,,4707543939.23607,4352847705.15741,3809.80753359714,4412.8355693052,3919.37031063468,4140,2810548
NAM,2022,Namibia,,,,,,,,,,5687825775.88282,5360807204.68112,3905.55135268164,4349.79908493314,4180.14942204601,4280,2889662
NAM,2023,Namibia,,,,,,,,,,6224214868.51311,5799539773.30626,3973.49010579998,4225.99102418102,4381.30939117915,4310,2963095
NAM,2024,Namibia,,,,,,,,,,6645757432.91865,5957871035.78461,4032.40150676649,4501.84849548225,4598.06845646882,4290,3030131
NCL,2010,New Caledonia,,,,,,,,,,2539228178.65008,1940456436.92578,,35798.9084757829,,,261582
NCL,2011,New Caledonia,,,,,,,,,,2998180426.79565,2296851344.4415,,38835.9401851385,,,266543
NCL,2012,New Caledonia,,,,,,,,,,2788355021.63842,1947883382.09372,,35559.5672006157,,,271633
NCL,2013,New Caledonia,,,,,,,,,,2743791517.15854,1915925145.97845,,36671.1566752621,,,276822
NCL,2014,New Caledonia,,,,,,,,,,3002115473.88282,2211473914.56922,,37816.9558599295,,,281224
NCL,2015,New Caledonia,,,,,,,,,,2449218359.46202,1771207610.08172,30858.7237060533,30858.7237060533,32605.3427293599,,283168
NCL,2016,New Caledonia,,,,,,,,,,2551046511.91204,1875156824.27746,,30782.8544433514,,,283423
NCL,2017,New Caledonia,,,,,,,,,,,,,32354.7102832901,,,283546
NCL,2018,New Caledonia,,,,,,,,,,,,,34902.8968780031,,,283541
NCL,2019,New Caledonia,,,,,,,,,,,,,33411.3358835672,,35130,283606
NCL,2020,New Caledonia,,,,,,,,,,,,,33270.330597637,,34890,284176
NCL,2021,New Caledonia,,,,,,,,,,,,,35311.5543551452,,35420,285214
NCL,2022,New Caledonia,,,,,,,,,,,,,33516.363085906,,36980,287123
NCL,2023,New Caledonia,,,,,,,,,,,,,33701.8923322781,,36710,289870
NCL,2024,New Caledonia,,,,,,,,,,,,,29213.1923192946,,30070,292639
NER,2010,Niger,1.34310764557589,1.30862230494521,1.9842722860936,17444497.3,459704.4,26451201.7,18.5156916420841,1533781918.5,1205775926.5,1333042944.02428,1271292025.84926,441.079166112039,474.425692340831,462.49822062315,510,16548835
NER,2011,Niger,2.13305534072707,1.80289588730223,2.27936862897818,25876538,4738700.5,32715238.5,23.7262671614508,2213013664.6,1906207931.8,1435276334.1604,1341423540.56863,434.986264873953,510.75956176268,462.183127617265,520,17176283
NER,2012,Niger,2.43385060874147,2.04501315021019,2.49284154678381,34042566.2,6472831.2,41497397.4,18.3017222078689,1783792450.5,1525220254.2,1664662459.33436,1517711056.81696,463.066265496402,528.510104469655,482.629988936265,550,17836769
NER,2013,Niger,4.02472716959017,3.55875320930539,4.05736265575992,64773032.5,8481213.7,73848246.2,18.6548282769277,1982335397.2,1740303419.4,1820104645.93701,1736172611.98106,469.690214200878,552.103334363117,492.518091000834,570,18519898
NER,2014,Niger,6.14334352853729,5.57321965709953,6.16902175278382,103094330.5,10546244.8,114115575.3,17.6428952553323,2002738488.1,1736964380.8,1849816386.99045,1732074337.44015,482.74524741946,565.30989731175,505.1337157331,590,19215909
NER,2015,Niger,6.17057422324048,5.43284711541538,6.17759990777671,77328366.9,10500430.3,87928797.2,21.9307650945134,2228591634.7,1972702215.7,1423348849.27252,1319344817.87426,485.662574175279,485.662574175279,509.638809648774,560,19939498
NER,2016,Niger,8.29812649027414,7.77805275483763,8.32134215721526,104195774.9,6966973.3,111473748.2,23.3974451516055,2511623278.5,2236288966.9,1339612602.07697,1230659415.74388,488.184823801581,499.910520068193,508.31961025843,520,20685753
NER,2017,Niger,8.65425628682882,8.21985741512205,8.71552511143266,127318334.2,6728455,134995789.2,26.1671298879706,3035459319.8,2684004091.2,1548911711.84761,1432532766.71701,497.172608329608,529.929418934868,516.421780129791,520,21435446
NER,2018,Niger,7.92368896984552,7.40200319841,7.98475490481233,117334469.7,8269615.9,126572085.6,23.6932555242712,3176315504.4,2804258002.9,1585171831.93334,1449983104.26273,513.423699765289,576.927536415462,533.345851629844,580,22188069
NER,2019,Niger,9.28814289454722,8.52775641660892,9.36714660478062,129853280.8,11578506,142634786.8,26.5897762591554,3584099139.8,3154477696.7,1522713295.92733,1386654750.84677,526.60361746086,541.265819870273,546.397350783976,600,22947757
NER,2020,Niger,13.2607419812553,11.7271487391416,13.290965791735,173828599.1,22732069.9,197008669,34.5774485452582,4549110074,4002898562.5,1482275043.71812,1338006699.19756,532.208221196997,575.451340306915,521.659815410013,570,23717613
NER,2021,Niger,13.5718651028906,11.8262783923283,13.5942532612992,197032813.5,29082510.1,226488323.6,32.7020935952753,4966894821.1,4237723290.3,1666059321.14548,1487136847.6609,520.912751008043,609.585703670137,512.90163280483,580,24502140
NER,2022,Niger,18.0923353550097,16.5017538854265,18.1867206313038,257880126.4,24856712.4,284211838.8,38.6144336945622,5428667300.1,4649020470.7,1562743743.42564,1376035625.17133,565.873385794358,613.614736429298,559.58134014933,650,25311973
NER,2023,Niger,14.0671964422985,10.8725254874508,14.0985650644668,147307168.7,43283221.9,191015390.6,34.0171755670095,5613719022.6,4834495317.5,1354856963.72957,1223070174.2002,561.960694711722,647.930108509567,559.397242107786,640,26159867
NER,2024,Niger,19.8197003350329,17.4988986826639,18.9689773253997,335921741.1,44551817,380821558.1,27.5138701036448,5308857136.5,4527618636.5,1919673615.99046,1763160799.98576,589.085643279512,729.856664168989,583.979752239808,670,27032412
NGA,2010,Nigeria,0.376472989338741,0.366608347625646,0.716261663712591,306840267.7,8256411.3,599489679,8.39261604734311,29148883008.7,4685520492.8,83697021545.544,82699269305.2759,2315.46676509642,2202.25672957344,,2050,166642886
NGA,2011,Nigeria,0.342972497923574,0.340237913881466,0.676956098425552,351584895.6,2825782.8,699532678.4,8.71768198369707,34129232146,5935943882.2,103335013899.27,102437485783.987,2370.97657091881,2418.41316975875,,2100,171379598
NGA,2012,Nigeria,0.253937697583831,0.253163818345059,0.852085183786854,251848162.5,769857.5,847657020,8.89341234144098,39282745538.8,6679328625.7,99480314424.9998,98523783918.4832,2403.65387896987,2633.19734671361,,2360,176200625
NGA,2013,Nigeria,0.395171651416861,0.39187164047304,1.04636319695474,393046581.3,3309905.3,1049500486.6,8.61753445373024,42604005424.4,8285018983.3,100299827980.801,99418985595.7242,2495.34106573862,2872.79083379398,,2600,181049443
NGA,2014,Nigeria,0.307681291911202,0.306204315982035,2.74426131040126,264009952.9,1273451.5,2366107404.4,8.40912650109517,46672476310.2,9666155711.7,86220193224.0203,84587155224.017,2583.61556958171,3088.72131316169,,2870,185896915
NGA,2015,Nigeria,0.797053688550937,0.794704949217477,4.78478331470269,397181921.7,1173865.6,2391364787.3,9.37394526748953,45024833871.7,10677451504.7,49978538838.9859,49047768015.8206,2585.73360671797,2585.73360671797,2519.08638995771,2760,190671878
NGA,2016,Nigeria,0.898751122216199,0.893795706076909,12.8052870950151,354770627,1966932.8,5082749559.8,10.978230289557,43735939488.9,11328256667.2,39692585742.7953,38447540355.5201,2481.81490350403,2070.4127339595,,2370,195443700
NGA,2017,Nigeria,0.6596546360873,0.657280428664942,7.4017208088628,343981136.1,1242517.7,3873616529.4,17.7307590012602,65142821169.8,18856596580.9,52333999477.01,50847986748.8943,2441.71236404537,1876.34027111773,,2020,200254579
NGA,2018,Nigeria,2.10883738594007,2.10554318777098,8.45834340479672,1433646566.4,2242991.7,5759214558.1,16.9165675219792,69440288784.6,25275256336.9,68089155080.1065,66038798663.3135,2431.77857832597,2057.87944554011,,1950,204938755
NGA,2019,Nigeria,1.95639012714432,1.92455700147837,9.23927603720408,1390412932.1,22998118.3,6674995271.9,17.479665389895,81342753974.7,27579470078.6,72245869102.9642,69926720656.4098,2431.53528475874,3189.81286496183,,2260,209485641
NGA,2020,Nigeria,3.82281490941207,3.76050015830478,13.0926169889832,1565836452.4,25947268.9,5451641025.3,20.4924439613801,87591245939.4,32057293649.9,41639047639.5,39937175154.1293,2228.68631426529,2797.184580679,,2460,213996181
NGA,2021,Nigeria,5.09112151163242,5.0149462022752,15.1109687776838,2645681989.8,40187000.2,7971933562.4,22.2682603874306,96254706293.5,36149512616.6,52755939607.0828,50855778241.824,2206.66406255564,2787.48779220991,,2860,218529286
NGA,2022,Nigeria,4.29799361651099,4.11610960198376,12.0372694275022,2912559297.4,128701135,8517572265.2,22.1867351582616,103064224482.6,39981287764.6,70760003475.036,69091131276.4452,2254.29080414598,2899.16047469267,,2940,223150896
NGA,2023,Nigeria,7.55304258468709,5.68927412203752,15.3919195720427,3567378890,1168649660.2,9651285520.8,29.036832236491,102472750412.9,44039872459.5,62703585966.8228,60261419401.1842,2280.67777167162,2138.76383718757,,2590,227882945
NGA,2024,Nigeria,9.42231773887788,6.28477511309572,21.9135766141912,3859888448.5,1926968637.7,13457783541.5,60.0447244122839,108757630161.5,50191529194.9,61416492699.2705,57536063916.6716,2324.59702394542,1084.16041805058,,1710,232679478
NIC,2010,Nicaragua,2.52497242317946,2.50727791216501,16.1169185435667,89346848.4,630543.9,574326392.3,82.4187917914779,7017467446.6,2704384419.5,3563500000,3545000000,1704.37875049059,1526.56706951408,1581.40086435957,1490,5737450
NIC,2011,Nicaragua,2.3766618072507,2.32227026489467,16.5034812629961,102746525.6,2406499.4,730180025,83.5100184553,7938152810.7,2867052058,4424400000,4402600000,1786.62863418308,1679.71192084633,1658.66632443302,1600,5819051
NIC,2012,Nicaragua,2.08490939881793,1.82906949911445,42.6027299397027,91912571.4,12856210.8,2140829782.2,90.4941987647134,9154589728.9,3075045671.5,5025100000,4999800000,1876.1759720149,1784.69836017555,1716.14936901225,1700,5901287
NIC,2013,Nicaragua,2.28033736189223,1.95004277452036,45.2100769015995,97779044.8,16561631.2,2266923676,98.1495212959426,10255435645,3314825700.8,5014200000,4990900000,1941.45628552626,1835.43996363715,1737.50718278414,1760,5983845
NIC,2014,Nicaragua,2.61408260304975,2.20594196007866,54.8187351463659,118913507.3,22001229.5,2955058736.8,95.9109123249239,10965052288.8,3584060642.7,5390600000,5369700000,2006.64869646533,1958.37047579547,1850.03334763757,1850,6066492
NIC,2015,Nicaragua,3.09988229423529,2.5772649787391,30.557350791216,132736878.2,26916359.6,1573795237.8,93.8499574183771,11513227717.4,3962270017.8,5150300000,5126800000,2074.45620634731,2074.45620634731,1994.93647304307,1910,6149417
NIC,2016,Nicaragua,3.68365365610946,3.12494350205722,35.8052688125538,163293922.7,29195399.1,1871004321.8,96.5759187776326,12218682282.7,4218363387.9,5225500000,5188700000,2140.14405941606,2131.68704828322,2066.68082645897,1980,6232666
NIC,2017,Nicaragua,3.92106236616702,3.54588050010361,45.4047779149686,205334848,21726031.5,2629299879.5,97.4552133596222,12741482690.8,4709922900.7,5790800000,5737100000,2209.63273423213,2182.61380995674,2118.5322117477,2050,6316231
NIC,2018,Nicaragua,4.38306407588306,4.0488280438168,38.5029055142635,228791175.1,18887009.7,2175722184.8,105.203065587607,13016798421.6,5107768264,5650800000,5561000000,2107.3396261623,2035.16549390507,1948.76848223892,1990,6400080
NIC,2019,Nicaragua,5.34283180941557,5.08642789716569,31.2181288442332,295389213.7,14890400.8,1812961614.5,111.85462309612,13682755037.4,5427522479.9,5807400000,5714100000,2019.91518620044,1958.62051528095,1907.03106530117,1930,6483657
NIC,2020,Nicaragua,6.571880375357,6.43831416490486,33.4554343978339,347166776.4,7202157.2,1803983933.6,116.047725431055,13840341958.2,5903257655,5392200000,5342100000,1950.19181218473,1938.44704754382,1859.66991026262,1810,6565267
NIC,2021,Nicaragua,5.60916137335934,5.55152648657984,24.2296486037797,368977830.1,3830657.3,1610404487.4,110.113303839973,14824686632.9,6407474833.4,6646421141.86,6617721141.86,2128.30880041334,2138.38573878237,1952.32351742127,2060,6644741
NIC,2022,Nicaragua,5.46827744240468,5.36036110047428,23.7166287332157,428351815.9,8623702.8,1895219518.7,104.763775822472,15131422389.3,6718853818.6,7991100000,7869500000,2175.73845893874,2322.89069619459,1887.89389264819,2150,6730654
NIC,2023,Nicaragua,7.10415149949861,6.82003491872857,20.7390364135631,584899834.7,24366406.2,1778621240.9,90.3575776595348,15360449736.8,7081338764.2,8576200000,8247500000,2241.1228811163,2609.44491147975,2127.47092555961,2360,6823613
NIC,2024,Nicaragua,8.44086381535047,7.48301202013755,21.3938317535199,636955351.8,81532520,1821046871.8,82.8145487130702,15490530047.6,7206043639.9,8512018290.04,8134718290.04,2290.31991989418,2847.87639497305,2261.6044699225,2510,6916140
NLD,2010,Netherlands,,,,,,,,,,899176964175.61,590669598432.465,44659.2793901474,51305.7338533973,44517.8157949186,54000,16615394
NLD,2011,Netherlands,,,,,,,,,,1046219607927.11,686231359629.555,45239.7198745589,54701.7728030611,44853.9418746465,54270,16693074
NLD,2012,Netherlands,,,,,,,,,,986445314234.409,673107293136.346,44631.8855633239,50473.9442002689,44008.2603767501,52070,16754962
NLD,2013,Netherlands,,,,,,,,,,1032595113133.72,710591659611.34,44487.0378593394,52602.2860520766,43987.5639580642,52460,16804432
NLD,2014,Netherlands,,,,,,,,,,1069861009864.38,733447325812.203,45042.0515907444,53457.2234864322,44280.0424707749,52220,16865008
NLD,2015,Netherlands,,,,,,,,,,944362810072.16,651578705935.125,45793.8135434697,45793.8135434697,45115.5273732603,49670,16939923
NLD,2016,Netherlands,,,,,,,,,,933568049366.892,644642998256.836,46655.0340264754,46808.5291492503,45332.2927756973,46960,17030314
NLD,2017,Netherlands,,,,,,,,,,1050854519178.58,722989764124.084,47670.0858101833,49513.6817346384,46833.7411876031,46710,17131296
NLD,2018,Netherlands,,,,,,,,,,1167534626726.25,809065319302.866,48463.0055608731,53955.0770024266,48210.0879324392,51290,17231624
NLD,2019,Netherlands,,,,,,,,,,1109773762630.72,792513285251.208,49254.024789064,53554.9007491475,48357.6876960994,52940,17344874
NLD,2020,Netherlands,,,,,,,,,,1007851799760.44,757958840522.183,47086.5674755497,53467.9277413737,45892.8556457092,51490,17441500
NLD,2021,Netherlands,,,,,,,,,,1244526587443.15,910794627175.974,49780.8328352542,60141.9880911492,50320.411442913,59560,17533044
NLD,2022,Netherlands,,,,,,,,,,1387810015287.57,1007325746533.54,51777.5314828276,59123.318556487,50391.3225561654,62110,17700982
NLD,2023,Netherlands,,,,,,,,,,1435991366339.94,993372004173.453,50960.7810305308,63515.6030780019,50566.8430311815,62550,17877117
NLD,2024,Netherlands,,,,,,,,,,1423781564073.3,1001165679502.91,51174.8997297902,67465.3208126875,51034.532232182,62500,17993485
NOR,2010,Norway,,,,,,,,,,205570640801.557,170571688434.974,74505.4313586335,90020.342257973,75872.773443918,88970,4889252
NOR,2011,Norway,,,,,,,,,,244993993049.883,205715254961.124,74563.8349085669,103545.218988177,78339.223808453,91010,4953088
NOR,2012,Norway,,,,,,,,,,248804500435.252,206254770758.866,75669.0612719716,104627.93694681,79959.2206636151,99780,5018573
NOR,2013,Norway,,,,,,,,,,245686846342.277,203935100410.799,75711.2410395262,106333.138368566,79835.1684000604,104810,5079623
NOR,2014,Norway,,,,,,,,,,242802481898.555,193205356673.614,76430.7374974687,100410.020200979,80297.6682464325,105010,5137232
NOR,2015,Norway,,,,,,,,,,187593091026.209,145479051611.105,77220.9524311414,77220.9524311414,77900.0171151032,93290,5188607
NOR,2016,Norway,,,,,,,,,,169993668866.498,130370306288.85,77532.2750022669,73222.4006864905,75526.7236448967,81840,5234519
NOR,2017,Norway,,,,,,,,,,186760718706.575,144323023102.42,78961.7757906168,78771.2151264554,77599.2667485031,76270,5276968
NOR,2018,Norway,,,,,,,,,,214753986024.691,165367017329.81,79313.2889434042,85579.0776455494,80634.6083673825,81200,5311916
NOR,2019,Norway,,,,,,,,,,189962898092.806,146280176799.636,79937.5097885912,79329.3075190012,77672.828131355,82500,5347896
NOR,2020,Norway,,,,,,,,,,151735344276.642,118314196176.141,78387.0435023102,71057.5879471399,72521.2964067404,78460,5379475
NOR,2021,Norway,,,,,,,,,,263783767251.16,215105295657.811,81199.3391492139,96442.5552173002,83993.504726144,83640,5408320
NOR,2022,Norway,,,,,,,,,,386630825378.073,329169943995.591,83756.7383805061,113122.130765691,104870.752661592,97270,5457127
NOR,2023,Norway,,,,,,,,,,301734145096.699,232627582982.547,83100.7944645872,90984.4087141111,,101840,5519601
NOR,2024,Norway,,,,,,,,,,306647169229.431,231550504547.156,83487.1332276928,89888.9535204758,,100030,5572279
NPL,2010,Nepal,10.4126541799057,10.1490401964231,10.5594747481963,180763093.5,4695190.7,188073284.2,23.4883074371496,3787483271.7,3507426942,1781085600.22955,1571531637.07439,721.265221364302,585.278491984574,695.900812067353,530,27341952
NPL,2011,Nepal,8.99735950964326,8.78287158336041,9.17595198152475,188844616.6,4611804.9,197296421.5,17.6500654511006,3826237147.3,3528236477.6,2150146621.26878,1862435134.7925,742.617252662576,785.518656222132,739.154486078455,620,27464494
NPL,2012,Nepal,10.0333285060208,9.55518323537033,10.2597284623763,207943449.1,10405575.1,223276024.2,17.4328435350797,3809914765.9,3493093677.2,2176237168.64223,1928584183.11895,775.310578479839,788.202937148377,763.632730625011,750,27534915
NPL,2013,Nepal,8.6020104876149,7.99319095576275,8.81842257769137,200889726.6,15301222,221629948.6,17.9863596634684,4012919215.7,3574454955.3,2513260695.40684,2185437851.05596,801.039060847856,803.269595420477,785.195480715815,840,27589996
NPL,2014,Nepal,7.82253912782236,7.35687638977724,8.13428693517382,206182778.2,13050598.1,227970376.3,17.2597307021914,3980972649,3439771625.3,2802585870.36343,2410794720.49528,846.665541773599,821.455224911731,843.10628501249,860,27672370
NPL,2015,Nepal,7.88550976659133,7.36294377577858,8.44164950024381,197412355.2,14010834,226334189.2,16.769557036253,4142916401.3,3543267395.8,2681160704.35598,2243659157.03772,875.543635474862,875.543635474862,887.913798413978,870,27823629
NPL,2016,Nepal,8.65970032207812,7.96371664641181,9.29925073721298,205023077.9,17917854.4,239405932.3,17.2975980360721,4297388214,3665275282.8,2574464750.60582,2116582378.12133,875.188943730855,877.256454696737,918.543159847356,860,27955462
NPL,2017,Nepal,7.37838552402806,6.96371857255814,8.48049668523619,208359729.7,12407149,253742878.7,16.9611227628207,4963402939.1,4299444858.2,2992075678.08787,2430457012.4652,951.857298563641,1034.28374906846,1014.46163693408,970,28011258
NPL,2018,Nepal,6.59805769677339,6.35649590520923,7.22410958183493,214925166,8167661.7,244260827.7,16.5353620494072,5510938186.4,4973775948.4,3381189403.80133,2677604304.74843,1021.91492204011,1179.19843190389,1094.64731537427,1120,28079689
NPL,2019,Nepal,7.42330901362847,7.16608963161292,8.25373775152271,245626826.2,8816521.1,282907347.3,18.8645833580846,6515787783.1,5847252810.3,3427627043.85425,2726226421.80426,1077.11796498188,1203.14294706401,1140.26921042294,1240,28414064
NPL,2020,Nepal,11.7545769823375,11.3492186789312,12.2018914082922,258590445.7,9236035.3,278018481,23.3700917945979,7905810313,7056767894.4,2278486766.49477,1771333672.21103,1031.53618783934,1154.21517578318,1088.56646827715,1190,28966574
NPL,2021,Nepal,9.62827307953045,9.28170701581069,9.85426077463436,276453856.9,10322403.5,293507260.4,23.7616294058189,8820883327.7,7759291529,2978480751.75268,2519574574.26398,1062.7888430629,1252.75076731986,1115.90513132945,1250,29475010
NPL,2022,Nepal,9.50596426017261,9.24765827248012,10.2136643776037,308594972,8619688,340830660,22.1714628607957,9183774214.5,7958378765.9,3337006655.16956,2755022706.75544,1113.55462341223,1385.91066002922,1168.00888319236,1380,29715436
NPL,2023,Nepal,9.45007743453317,8.9253106265647,11.8654143939064,351327339.6,20656415.7,467058755.3,24.0384374799175,9982808324,8618871893.6,3936303780.33379,3020124488.71262,1136.4276931197,1382.38300895424,1188.31656036097,1430,29694614
NPL,2024,Nepal,9.33429819107578,8.858255674497,12.3916778046586,383868031.5,20629061.8,536987093.3,23.2748414884129,10152157325.7,8870826934.3,4333449446.54465,3441809948.66586,1179.95499311034,1460.28237984149,1254.47319322557,1480,29651054
NRU,2010,Naoero,,,,,,,,,,37751030.9389563,26020094.0175499,4748.76539924078,4735.92000502092,,5080,10043
NRU,2011,Naoero,,,,,,,,,,54549961.5420708,42645334.1405255,5417.44487923767,6444.03642094634,,7000,10098
NRU,2012,Naoero,,,,,,,,,,92789453.4542246,69117469.4396404,6626.18317072945,9842.77032731856,,9650,10267
NRU,2013,Naoero,,,,,,,,,,108098315.689098,83337131.3885666,6735.42128061862,8974.51886874433,,11330,10517
NRU,2014,Naoero,,,,,,,,,,111135095.019388,81685141.3614953,7638.99065218892,9230.05440328927,,12530,10742
NRU,2015,Naoero,,,,,,,,,,71504693.1060347,41121541.0949952,7747.25584993607,7747.25584993607,10641.0837703534,12220,10954
NRU,2016,Naoero,,,,,,,,,,92150315.0828702,53674073.6956973,7925.5779662048,8748.15632605428,,11680,11150
NRU,2017,Naoero,,,,,,,,,,86097689.3095363,39883246.367256,7308.31758516515,9656.97976571484,,11300,11324
NRU,2018,Naoero,,,,,,,,,,116260282.250598,69083764.8511932,7149.78109138393,11413.7463016389,,12740,11477
NRU,2019,Naoero,,,,,,,,,,128678488.3519,73472931.7105741,7687.19643322519,10801.7705659635,,15840,11587
NRU,2020,Naoero,,,,,,,,,,129146623.654078,55788540.4844398,7770.69883784016,10709.068810538,,17180,11643
NRU,2021,Naoero,,,,,,,,,,153357301.457544,54402771.7794227,8325.88214663427,12748.1701249353,,19620,11709
NRU,2022,Naoero,,,,,,,,,,183848679.933838,78383008.6857889,8260.97398991108,15309.8345351924,,20890,11801
NRU,2023,Naoero,,,,,,,,,,168283935.12455,64931047.0004521,8150.43396263948,13602.6372112893,,22370,11875
NRU,2024,Naoero,,,,,,,,,,192950003.530965,90082242.9854897,8218.72476802021,14048.163961344,,21940,11947
NZL,2010,New Zealand,,,,,,,,,,47472409837.7197,43295270715.1103,35476.3713609154,33761.9009639947,33081.2615195483,29750,4350700
NZL,2011,New Zealand,,,,,,,,,,56211632118.2278,51359415314.1303,35961.911959259,38425.829997974,33964.7438920515,32270,4384000
NZL,2012,New Zealand,,,,,,,,,,56220290007.922,50789260578.1506,36588.819747177,40041.7524816244,34357.9585010955,36770,4408100
NZL,2013,New Zealand,,,,,,,,,,58976050381.3741,53232277475.7912,37240.0279166822,42984.9571801167,35928.2089063231,39940,4442100
NZL,2014,New Zealand,,,,,,,,,,62525946929.298,56575508307.4676,38025.4674998632,44599.8992733675,36575.8110365223,41700,4516500
NZL,2015,New Zealand,,,,,,,,,,55094855472.8863,49615061683.3113,38648.7302562109,38648.7302562109,37356.7023519755,40660,4609400
NZL,2016,New Zealand,,,,,,,,,,55570012353.6198,49790124571.287,39205.0341298225,40088.3205470499,38229.3324081693,39440,4714100
NZL,2017,New Zealand,,,,,,,,,,61933421504.3761,55817528860.7097,39667.6884236272,42912.1537002148,39263.4963723832,38790,4813600
NZL,2018,New Zealand,,,,,,,,,,64274693924.0507,58218681871.7325,40257.9139260803,43204.1305124872,39862.9850251812,41570,4900600
NZL,2019,New Zealand,,,,,,,,,,63954046337.1159,57877781299.0303,40615.7266946543,42872.2681243427,41011.4833787691,43090,4970300
NZL,2020,New Zealand,,,,,,,,,,55913176526.6922,50176877642.3954,39702.3112090418,42054.6743136586,40556.8959071363,41880,5072400
NZL,2021,New Zealand,,,,,,,,,,62272588280.2743,54969586987.9811,41309.8198451344,49902.154346032,41710.5915163608,45750,5084600
NZL,2022,New Zealand,,,,,,,,,,63947869614.2125,57083302728.6421,42716.0866783034,49141.6316294227,42269.725312769,49090,5081700
NZL,2023,New Zealand,,,,,,,,,,68372497215.3364,59604799176.1283,42501.4932044968,49302.341876493,41832.0409014113,49470,5200000
NZL,2024,New Zealand,,,,,,,,,,72616664237.8101,62208504922.9869,41415.4670639187,49432.3626396797,41480.9543193826,47070,5290000
OMN,2010,Oman,,,,,,,,,,39179046733.42,38406319895.9688,22766.0503620721,23570.1798147325,23931.4844068074,22510,2757446
OMN,2011,Oman,,,,,,,,,,50153138753.1711,49418965411.1685,20993.9079436935,25188.0074151885,24732.3842225615,20820,3076763
OMN,2012,Oman,,,,,,,,,,55543469073.4632,54825344236.012,19824.1215485946,24642.2978768596,24094.5831995161,21960,3547106
OMN,2013,Oman,,,,,,,,,,61336093223.6304,59418336555.2299,19299.9400516869,23458.0233840053,23183.4905609319,22920,3833913
OMN,2014,Oman,,,,,,,,,,57915698979.2317,56732803775.0705,18726.2026946971,23160.6502252547,21563.7793038833,22060,4002439
OMN,2015,Oman,,,,,,,,,,39769753629.1685,39113291072.6016,18808.3077921839,18808.3077921839,18271.200012443,20560,4184895
OMN,2016,Oman,,,,,,,,,,32009996236.3061,31085284418.0486,18830.6057208608,17110.1897460545,17060.8976939576,18550,4390877
OMN,2017,Oman,,,,,,,,,,37850147117.5623,36849545177.8328,18277.945563615,17820.0661809335,17934.03139353,16640,4537396
OMN,2018,Oman,,,,,,,,,,47477836899.8415,46321366928.5956,18269.6769435562,19901.7615642016,18828.4262076383,17250,4597877
OMN,2019,Oman,,,,,,,,,,44803580876.0751,43546596596.0978,18089.586668488,19180.1864152801,17995.5834829757,17860,4591241
OMN,2020,Oman,,,,,,,,,,36447887711.8606,35691352884.5155,17743.8858800477,16784.8630630058,16484.7138841447,17190,4522497
OMN,2021,Oman,,,,,,,,,,48392920193.4323,46572312960.4929,18291.3387983888,19403.4600160211,17742.6609157925,17910,4500424
OMN,2022,Oman,,,,,,,,,,70134353701.976,69142058402.457,18792.4460565306,23223.5829405935,20002.6308797187,19270,4730226
OMN,2023,Oman,,,,,,,,,,66519801462.5979,65387033385.6939,17853.9644897801,21027.7384572657,18557.1532924373,19950,5049269
OMN,2024,Oman,,,,,,,,,,71881116006.9591,70788205043.5607,17347.2911298513,20285.2272765262,17900.089213172,19520,5281538
PAK,2010,Pakistan,11.6512251946967,10.2798154090545,15.1401314827574,2954110554.1,394102030.1,4350819584.2,32.7811905556848,63407877831.5,44009893158,28737000000,28056000000,1256.69482201323,987.304571124485,1245.25309767592,1000,199239047
PAK,2011,Pakistan,8.03046246568977,6.63820559868645,9.36170568883794,2142746385.2,449406594.1,3021864979.3,28.567490409755,65010917821.7,45671141485.3,32279000000,31433000000,1261.83161907857,1131.73513834324,1257.75824175431,1020,203746065
PAK,2012,Pakistan,14.2107467900385,6.65830341113162,15.4974439085818,2128193519.3,2413987477.2,4953447996.5,25.8754627988566,63876676495.3,46547938873.7,31963000000,31374000000,1275.48806898966,1204.36475491585,1253.74632924071,1110,207667125
PAK,2013,Pakistan,20.5000149846124,8.34865655251441,22.786054796032,2550013657.4,3711510919.5,6959772576.9,23.6165694934777,60219473309,45641931323.2,30544000000,30043000000,1309.70080446386,1225.4340119198,1284.56450394776,1210,211073978
PAK,2014,Pakistan,14.5510126191395,8.03853659399318,15.5835259640491,2499824110,2025249794.3,4846164904.3,24.0363183529915,64281642245.6,49066936677.6,31098000000,30594000000,1343.30778121043,1266.61340849959,1319.41895721616,1250,214264647
PAK,2015,Pakistan,12.7684275335771,11.1851134383651,14.4750575188818,3272876043.2,463293537.4,4235546580.6,23.250373675072,68673371108.6,51101857664.9,29261000000,28604000000,1380.47020838317,1380.47020838317,1359.30503346604,1280,217290883
PAK,2016,Pakistan,13.8537761112691,13.6120113226227,15.800860805807,3749865600.5,66601874.1,4352854474.6,24.3711794392753,75132689979.4,54652329578,27548211000,26869211000,1452.18658269177,1424.69161195897,1447.52193890587,1360,220138869
PAK,2017,Pakistan,20.0656915618303,19.7181096831597,22.5558039612655,5954758702.9,104967780.9,6811726483.8,27.8523788602803,93080292741.6,66779643221.1,30199440000,29491440000,1495.26187528032,1519.23459514248,1501.94158875797,1450,223273967
PAK,2018,Pakistan,16.1270368823585,15.0305771924969,19.455512353704,4729805497.3,345032729.1,6122239226.4,28.5494742437705,100120484567.5,73069991463.5,31467890000,30774890000,1561.68169819559,1569.33814626355,1566.28134762566,1560,226928892
PAK,2019,Pakistan,31.3969774504471,29.0477591488119,35.633204290599,9051615800,732043438.8,11103716238.8,34.9183625831205,110097413225.2,78316101524.1,31161150000,30670150000,1573.8330826937,1390.41690981745,1580.6724262155,1520,230800899
PAK,2020,Pakistan,33.8659704822668,29.8790412894634,39.5201173442251,8297131891,1107133158.4,10974369049.4,39.9870693569552,117948502847.7,86908003281.9,27769070000,27333070000,1526.00597486307,1278.39735206896,1544.833268961,1370,235001746
PAK,2021,Pakistan,30.1392433809284,26.8666899204382,33.9308182903944,9738105801.9,1186170381.8,12298571183.7,37.9965494190867,130752452005.8,95292897342.3,36246020000,35612020000,1595.02792175422,1455.31922370186,1632.28159093991,1420,239477801
PAK,2022,Pakistan,37.8349240661313,34.7517418324641,42.0463406568737,13777244645.3,1222320196.9,16669170842.2,34.5202602197744,127601482349.2,91113642059.5,39644760000,38966760000,1642.28066974826,1538.3228133171,1653.08003185806,1510,243700667
PAK,2023,Pakistan,37.3431127014873,32.3036104750265,43.5994922043878,11921178330.7,1859755112.7,16089759443.4,39.4498353457572,131021002940.1,93096118695.6,36903547793.5698,36214547793.5698,1610.33122837537,1360.32417758419,1679.92984878394,1450,247504495
PAK,2024,Pakistan,32.7841456419741,27.1509977551415,39.5425844195386,11216275984.5,2327094640.5,16306874625,35.6282760521045,129717513746.7,89555608082.9,41310732245.1014,40290732245.1014,1635.08731167091,1479.47755241191,1720.47187001467,1430,251269164
PAN,2010,Panama,,,,,,,,,,22252000000,20964400000,10698.0717633911,8331.46421351868,9538.50998695074,7500,3628535
PAN,2011,Panama,,,,,,,,,,29326300000,27711500000,11761.4988547604,9662.29592216607,10757.1083166408,8860,3693505
PAN,2012,Panama,,,,,,,,,,32808000000,31091900000,12668.2945474105,11064.8063606203,11384.4427581027,9870,3759256
PAN,2013,Panama,,,,,,,,,,32352000000,30403500000,13236.8306754449,12273.3225037637,12123.4598275462,10950,3825329
PAN,2014,Panama,,,,,,,,,,30201500000,28278400000,13611.5490809559,13213.1989637473,12159.5423624581,11520,3892101
PAN,2015,Panama,,,,,,,,,,27860500000,26074100000,14082.6548502728,14082.6548502728,13211.2231583812,12570,3960035
PAN,2016,Panama,,,,,,,,,,27096769135.96,25207937833.81,14474.1243636349,14832.3611608191,13502.8492333895,13180,4029086
PAN,2017,Panama,,,,,,,,,,29298735880.52,27151252890.86,15045.5456426827,15694.6297454295,14091.9513538994,14230,4098707
PAN,2018,Panama,,,,,,,,,,30557095160.17,28298544824.79,15375.6500855703,16151.3273478476,13990.9208538826,14910,4167860
PAN,2019,Panama,,,,,,,,,,30417468191.58,28399965812.67,15602.5315209709,16477.9066285687,14484.6943451633,15640,4234700
PAN,2020,Panama,,,,,,,,,,21228909802.58,19803444315.2,12647.0914227279,13290.5608347594,12073.7928507281,13070,4293261
PAN,2021,Panama,,,,,,,,,,28671576315.53,27536589987.05,14552.9345271768,15509.8069109784,13480.3989800335,14920,4345405
PAN,2022,Panama,,,,,,,,,,37708755350.27,35620501004.12,15956.0671087873,17378.6070083597,15058.4593909474,17130,4400773
PAN,2023,Panama,,,,,,,,,,41526335791.9425,37916096614.074,16877.1543425646,18797.1933894611,15976.8204538398,17830,4458759
PAN,2024,Panama,,,,,,,,,,41791165298.996,37532099566.666,17122.7168795289,19161.218843129,16231.8897994343,17950,4515577
PER,2010,Peru,11.4084430660518,11.400970322551,16.64700102082,4585583413.8,3005611.6,6695589025.4,30.8386747274741,42153893573.5,20008817952,40220992459.9993,39076122270.6046,5167.39259325937,5072.11494019615,4893.07759965438,4400,29086019
PER,2011,Peru,3.71152799784861,3.70951217295334,7.86987484379583,1892972629.7,1028680.1,4016015309.8,28.2946982865762,45012107240.1,20142466709.6,51030230969.5052,49941253844.0671,5453.45718713631,5861.35793645245,5327.54435592733,4960,29304086
PER,2012,Peru,4.36471120396435,4.36418348770744,12.3226244268819,2317684670.8,280254,6543791924.8,34.14014373807,61628878216.7,19967846430,53106948351.9243,51987055394.2024,5740.04346272472,6519.37852981527,5615.55141794502,5780,29550366
PER,2013,Peru,7.68251133751425,7.68007565392853,15.1258791033336,3799284016.6,1204917,7484797933.6,33.3041875254961,63547800560.9,17220533743.4,49469356654.7952,48286043174.4968,6021.46142765232,6746.80025696601,5863.52121678266,6410,29817919
PER,2014,Peru,4.08823080992964,4.08722699906399,11.9309556405536,1887187622.7,463487.7,5511603110.4,35.4246138507104,67907395747.3,15904859703.8,46172811618.5419,45002594569.5165,6103.91864749969,6667.13410360861,5930.73983548083,6520,30115826
PER,2015,Peru,4.16918459135899,4.16814578239334,13.4038093050334,1717849061.7,428132.1,5533346193.8,37.0040696483009,67829892596.8,20054565217.4,41213747104.4407,40107728127.6835,6231.71150338894,6231.71150338894,6018.32949286285,6340,30457600
PER,2016,Peru,4.27557588963459,4.27395128873335,17.7041857117146,1883315880,715880.1,7816098760.1,38.1972280258854,70260218413.7,20380897883.9,44064982325.9486,42877948016.5067,6392.25474941014,6217.03599995447,6124.32827254807,6130,30866494
PER,2017,Peru,8.92813927651365,8.92728825088603,20.9074646015518,4742300209.8,452076.7,11123835286.5,33.9083827987592,68257550196.8,19631838696.9,53121396739.1422,51467632585.3593,6457.41940254721,6736.16693725487,6264.36280879806,6090,31324637
PER,2018,Peru,3.93886937355863,3.93745580039331,12.7448359503715,2271916407.9,815633.3,7317895076,32.4819714568868,68737663405.5,20113290363.1,57700112028.5099,55372614738.8043,6593.14437459526,6978.49121548627,6365.06691756458,6500,31897584
PER,2019,Peru,4.20267664697945,4.1881014001603,14.1234150873743,2405529710.1,8371619,8064281363.9,29.5044834900041,64935891863,20599438219.8,57437236596.2278,54643046869.8435,6626.26083494969,7037.00803692604,6468.11158607794,6850,32449303
PER,2020,Peru,3.16776359540786,3.16211354294537,17.0530258562388,1490681701.7,2663544.4,8038050246.1,38.1780303630646,74849100910.6,30544705255,47141941029.464,45460823622.8684,5831.83024758521,6133.32552410183,5792.96009821748,6080,32838579
PER,2021,Peru,2.42807989400494,2.42595508748976,13.6711087401445,1631348750.8,1428839.5,9202457590.3,42.6071664051668,88976755115.6,43719580936,67245628709.8054,65973681863.7611,6550.96747543872,6828.53422535638,6408.62011061632,6550,33155882
PER,2022,Peru,3.49281876675281,3.44781648948883,9.58728638721785,2549390478.7,33275662.3,7073951141,39.9788909505895,91689317833.1,45053944166.2,73942174314.4446,71291401192.2432,6671.28902042137,7353.74598721667,6403.28053376088,6930,33475438
PER,2023,Peru,6.45909918967377,6.3355533951007,17.1091113712622,4941422851,96359698.1,13291685549.1,37.1975658585426,93991708227.4,44867146144.6,77995125963.6011,72711113353.0177,6575.18295502228,7919.04634828547,6527.2663580096,7100,33845617
PER,2024,Peru,5.38553988922157,5.27798767420788,17.1119312052217,4736437168,96516767.4,15228701562.2,34.2282212044217,93268743431.7,47363103411.9,89739451100.7616,83377858306.623,6732.27773809578,8526.29665719783,6851.43028801682,7530,34217848
PHL,2010,Philippines,15.9937552836506,15.9870121918149,18.7148970501301,9790685866.3,4129570.5,11461283436.8,28.1961962919996,65343964857,45080221081.6,61241498716.7688,54553954496.6018,2373.14312064664,2162.91375885614,2646.57276870631,2310,96337125
PHL,2011,Philippines,11.946778393139,11.944597003209,17.2445028213163,7739101327.6,1413358.5,11172997686.1,25.344502088236,65767801994.6,44616463931.2,64791648688.6988,57154673137.0323,2416.75212064542,2383.91892522087,2681.78767386616,2450,98248614
PHL,2012,Philippines,7.29649301879377,7.29598016102569,9.19352041351369,5477855873,385056,6902537929,23.4044291733867,68065636191.2,43033589578.5,75080465572.8382,66823490332.2648,2533.74141964959,2614.61644401308,2815.91864207576,2780,100175512
PHL,2013,Philippines,7.16432967293198,7.16215726768052,8.58889328223271,5457982536.3,1655499.8,6545238786.1,24.1818488040641,76726107578.9,38575658639.3,76205845980.6424,67847557123.5658,2654.41506933978,2781.27957677397,2968.8324126725,3060,102076336
PHL,2014,Philippines,6.12596743624797,6.12521033758687,9.66555272727776,5151348219.5,636725.7,8128802945.2,23.7207481738751,78697459572.6,38941235669.3,84100756310.1818,75321793858.9656,2776.92005909479,2866.83803761407,3100.96087576165,3220,103767130
PHL,2015,Philippines,6.8302885098443,6.82956982320977,19.1512281746249,5584180406.8,587632.3,15658953039.1,23.3400182272902,79698419388.1,38858704664.4,81764745823.7061,72262154549.0951,2909.85818010301,2909.85818010301,3242.39981546338,3280,105312992
PHL,2016,Philippines,7.79881668822065,7.79763796745165,12.9944484232303,6510561704.3,984161.4,10849587865.7,21.2638927411851,75276875923.6,35850587960.7,83494023850.2471,73938028404.7945,3076.3374186759,2985.19564024046,3417.35021575261,3350,106735719
PHL,2017,Philippines,5.41562956713781,5.4149906044952,12.4646447866367,5264956572.7,621258.8,12119284831.5,20.1794848256215,73598354220.4,36538135577.7,97229283617.3963,86645909125.5701,3247.4503878362,3038.12124959289,3604.31211959686,3440,108119693
PHL,2018,Philippines,4.57463236088955,4.57353686125863,9.71339861972156,4682066735.8,1121495.8,9943897239.4,20.6399906442903,79219780497.7,38376725840.6,102372996607.083,90373832107.3556,3410.93647976109,3168.51036609727,3770.44885519697,3610,109465287
PHL,2019,Philippines,6.04653712490679,6.03590069246976,9.7553895298585,6527379270,11502513.4,10549730791.2,20.3516842117646,84368372551.9,41765599112.4,108142588862.395,94740948716.8764,3575.88170922922,3400.78949767074,3925.13363030366,3760,110804683
PHL,2020,Philippines,6.1720428530245,6.1680488577711,10.7204055958742,5651612596,3659587.4,9822811183.4,25.3116389229833,98504239510.9,56507823945.8,91627234581.3143,80033714168.1405,3198.66690008413,3227.57910235199,3435.70339053319,3350,112081264
PHL,2021,Philippines,7.78806063490784,7.78593872594398,12.1801119870228,7757122310.7,2114055.6,12135032366.3,26.1303951987477,106639207267.5,59696407093.6,99629891574.3075,87797928272.3053,3350.97587587776,3484.38593882819,3462.75363876822,3570,113100950
PHL,2022,Philippines,4.96424372610324,4.92021014524644,8.58795403356421,5503572797.2,49254403.9,9606181201.1,25.875290276635,110775513064.5,62616866535.2,111856458052.247,98832118579.7386,3577.70136573244,3548.06930572116,3776.29609097757,4010,113964338
PHL,2023,Philippines,5.23004189123248,5.11113970944683,12.2623165097884,6131099604.6,142629855.8,14709338460.4,25.6668725797068,124472460162.5,72913718768,119955625420.843,103588452867.836,3744.69763802686,3804.08274131718,4135.41018556011,4320,114891199
PHL,2024,Philippines,7.96182403894767,7.84594063561006,14.4330389093768,9672547895.6,142862127.2,18002693022.8,26.2604550502335,137018240525.2,80508809537.2,123280921240.974,105727805767.486,3926.14900894495,3985.29464669706,4415.65400478222,4470,115843670
PLW,2010,Palau,,,,,,,,,,106635435.986585,95664135.1552014,12933.0676102142,10018.065238367,12214.5751617428,9860,18396
PLW,2011,Palau,,,,,,,,,,128001635.780658,114735558.804791,13758.7587383152,10795.639900708,12659.6538914902,10560,18078
PLW,2012,Palau,,,,,,,,,,143078950.491903,131632016.76452,14289.7833891839,12098.4124331551,12992.0380740241,11170,17765
PLW,2013,Palau,,,,,,,,,,155246260.402838,139228205.338899,14184.0449521037,12820.5931621147,13313.382138652,11800,17648
PLW,2014,Palau,,,,,,,,,,172831040.083644,158330962.603801,14725.8436432778,13854.730278013,13773.139609968,12730,17715
PLW,2015,Palau,,,,,,,,,,196862789.911726,179042919.207478,15938.3652222848,15938.3652222848,15198.693061103,14180,17770
PLW,2016,Palau,,,,,,,,,,163192000,145215000,16179.3959628749,17043.6660673147,15500.3814163808,14970,17797
PLW,2017,Palau,,,,,,,,,,154376000,131483000,15612.6700180498,16280.241199753,15152.4041025903,15520,17812
PLW,2018,Palau,,,,,,,,,,144773000,122237000,15545.7219371676,16179.877834849,14646.6085484248,16040,17814
PLW,2019,Palau,,,,,,,,,,130692000,106775000,15606.4827634374,15841.8923474548,14830.9553189375,16280,17798
PLW,2020,Palau,,,,,,,,,,79560000,59003000,14673.8845975778,14556.30954221,14264.361007344,15440,17792
PLW,2021,Palau,,,,,,,,,,35862000,14124000,12932.0857060233,13267.4877340719,12479.087751836,13980,17783
PLW,2022,Palau,,,,,,,,,,60540000,36569000,12889.6216058288,13934.951996171,12220.9000324937,14100,17759
PLW,2023,Palau,,,,,,,,,,87308000,63639000,13070.7944502154,15578.3497630733,12286.8595760415,14750,17727
PLW,2024,Palau,,,,,,,,,,,,14666.5457772703,18169.0767165866,13634.2419453262,16920,17695
PNG,2010,Papua New Guinea,1.38379059316187,1.37365160808197,13.3070080917711,83788685,618448.1,811688133.1,45.4164854141367,5987009775.4,1042418762.4,6099704212.26343,6058331612.76157,2140.50939027384,1866.86889851208,,1660,7633523
PNG,2011,Papua New Guinea,1.33752599886707,1.33465782576296,16.0432180291999,98495199.8,211665.7,1183958865.5,77.3301927875645,12584089527.7,1069331867.6,7379809109.02725,7339581578.99589,2102.03192060639,2288.37591141234,,1730,7859346
PNG,2012,Papua New Guinea,1.40440337596312,1.40356220591446,7.05154445264947,96221019,57666.3,483417685.3,73.8824913690792,14922490380,1130248668.2,6855486603.62436,6810473304.34668,2139.48096660428,2635.0873631547,,2150,8081390
PNG,2013,Papua New Guinea,1.4563147640083,1.45245146312402,19.6897805412648,93211736.5,247929.1,1263600665.6,110.583402721767,21609688423.6,1255657535.2,6417545705.7625,6377756125.45317,2162.10592595591,2560.77458976327,,2340,8302698
PNG,2014,Papua New Guinea,1.03222810094098,1.03117643540548,12.8366840271115,93871605.4,95736.8,1168568342.2,89.5636730101092,20428666793.2,1369080967.2,9103350520.52342,9086973756.32455,2391.3578028163,2723.17529825196,,2790,8523441
PNG,2015,Papua New Guinea,1.01267981960599,1.0116589947039,12.71678153306,87353453.8,88144.9,1098052598.7,100.404554250921,20386681359.9,1501287486.8,8634673764.31197,8598062759.27369,2484.5963398603,2484.5963398603,2322.31124302388,2520,8743246
PNG,2016,Papua New Guinea,1.32881751169212,1.32682627018543,44.8448978277737,98181364.9,147346.2,3318394711.1,97.1388021415025,19247283289.3,1921756665.1,7399715177.95459,7363332711.18417,2557.09463030035,2316.39479758492,,2410,8961718
PNG,2017,Papua New Guinea,1.3647139184736,1.36377051552662,28.284811922948,134311605.3,92911.5,2785643516.8,79.5083290021728,17223736382.3,2305560343.9,9848548840.94159,9800795850.22646,2584.8883636271,2477.76530986323,,2310,9178714
PNG,2018,Papua New Guinea,1.78109589543488,1.77943834675348,27.3387044054585,180898991.7,168507.6,2779272499.3,77.8044370657937,17723605372.7,3410914375.5,10166072459.3265,10108425081.7931,2518.45899317321,2566.36833735041,,2310,9394513
PNG,2019,Papua New Guinea,3.80886066209437,3.79368774017025,20.8094709031337,430791699,1722959.1,2363016658.1,81.4496731940156,18744676569,4313224879.9,11355486495.0658,11236448088.503,2572.56177967896,2575.77274140393,,2420,9609010
PNG,2020,Papua New Guinea,10.6745670810304,10.6686584050884,29.2497427094518,988517238.9,547475.4,2710169714.3,78.1107677202084,18046873709.3,5141532954.2,9265618987.56201,9174518309.87307,2438.61137922293,2429.61134585269,,2410,9815746
PNG,2021,Papua New Guinea,5.80161558924692,5.79903916842737,36.4518848656788,644492361.3,286337.7,4051181699,80.3922795089323,19711775407.6,6047106741.3,11113778379.1652,11032077169.3791,2378.3893914666,2607.97769973161,,2370,10012896
PNG,2022,Papua New Guinea,2.5181467165496,2.4735788166294,29.8346784082208,369368868.7,6655132.5,4455084001.2,65.8166135991383,19606599470.6,6748896848.9,14932569207.6923,14861528438.9248,2467.24008628973,3102.29409730005,,2690,10203169
PNG,2023,Papua New Guinea,4.02090170795702,3.86349564584738,42.2385522680673,515978817.2,21021945.2,5641056762.4,54.2865345566668,15483629098.5,7142088881.4,13355232268.8546,13239704914.4933,2515.28575096589,2966.06455045333,,2800,10389635
PNG,2024,Papua New Guinea,4.78419871993294,4.59216930750246,43.3382712553473,623357879.4,26066775.7,5882895655.1,41.8854823852824,12854160687.9,7252683039.9,13574366223.4227,13471478944.4616,2566.91067057792,2912.4914068385,,2860,10576502
POL,2010,Poland,,,,,,,,,,202414000000,190800000000,10808.3975674238,12567.7317676382,10338.6923647223,12730,38042794
POL,2011,Poland,,,,,,,,,,236251000000,223691000000,11370.313427173,13867.6669408192,10767.3764434605,12900,38063255
POL,2012,Poland,,,,,,,,,,231474000000,219357000000,11542.2353368014,13087.420943321,10838.4785345134,13170,38063164
POL,2013,Poland,,,,,,,,,,250413000000,237255000000,11628.2286809525,13621.9023794031,10982.6196148858,13290,38040196
POL,2014,Poland,,,,,,,,,,264666000000,250794000000,12093.1622787394,14262.2841914116,11490.4007983463,13540,38011735
POL,2015,Poland,,,,,,,,,,238061000000,226331000000,12637.5220324406,12637.5220324406,12162.3205202667,13320,37986412
POL,2016,Poland,,,,,,,,,,249794000000,236189000000,13026.1858988718,12464.0121044827,12546.3324515628,12740,37970087
POL,2017,Poland,,,,,,,,,,287625000000,273991000000,13695.6452848724,13913.3415190124,13156.8662254396,12780,37974826
POL,2018,Poland,,,,,,,,,,325183000000,310580000000,14551.0850277089,15658.210586693,13919.1964686611,14310,37974750
POL,2019,Poland,,,,,,,,,,331767000000,317099000000,15221.3090624454,15874.5220531254,14666.0488350607,15510,37965475
POL,2020,Poland,,,,,,,,,,332481000000,318973000000,15090.2228440113,16150.9304813473,14796.5665471982,15640,37515748
POL,2021,Poland,,,,,,,,,,408828000000,392702000000,16368.6239689025,18635.5104895754,15803.8896707366,17470,36981559
POL,2022,Poland,,,,,,,,,,457034000000,436388000000,17303.64494323,18891.2121169279,16468.8004486314,19110,36821749
POL,2023,Poland,,,,,,,,,,493723000000,471571000000,17410.3830137066,22145.2660647429,16743.6036378505,19890,36687353
POL,2024,Poland,,,,,,,,,,504730000000,478820000000,18000.5034591285,25103.565661423,17365.4049813739,21590,36559233
PRI,2010,Puerto Rico (US),,,,,,,,,,,,28569.5077088001,26414.8810634548,,16910,3724465
PRI,2011,Puerto Rico (US),,,,,,,,,,,,28706.0207514856,27170.0766543278,,17600,3693464
PRI,2012,Puerto Rico (US),,,,,,,,,,,,28968.6942131352,27742.024476618,,18550,3661045
PRI,2013,Puerto Rico (US),,,,,,,,,,,,29115.3549161996,28212.0499737431,,18960,3631427
PRI,2014,Puerto Rico (US),,,,,,,,,,,,29141.2038639816,28576.0988023209,,19010,3585017
PRI,2015,Puerto Rico (US),,,,,,,,,,,,29242.041465085,29242.041465085,19688.4616766337,19080,3535167
PRI,2016,Puerto Rico (US),,,,,,,,,,,,29326.5748761873,29978.0889268918,,19290,3480432
PRI,2017,Puerto Rico (US),,,,,,,,,,,,29061.5563802711,30328.479490518,,19500,3410837
PRI,2018,Puerto Rico (US),,,,,,,,,,,,28808.8518638025,30679.9181934488,,20380,3290690
PRI,2019,Puerto Rico (US),,,,,,,,,,,,29185.0969964707,31830.5284993358,,21310,3302691
PRI,2020,Puerto Rico (US),,,,,,,,,,,,28144.713741876,31427.1034994916,,21200,3281591
PRI,2021,Puerto Rico (US),,,,,,,,,,,,28416.4489370346,32618.8705106244,,22580,3262731
PRI,2022,Puerto Rico (US),,,,,,,,,,,,29643.6396279994,35353.5613891039,,24670,3220148
PRI,2023,Puerto Rico (US),,,,,,,,,,,,30012.9055109463,36980.7653928068,,25290,3203794
PRI,2024,Puerto Rico (US),,,,,,,,,,,,30978.7473320338,39353.2242360643,,25870,3202521
PRK,2010,"Korea, Dem. People's Rep.",,,,,,,,,,,,,,,,24987258
PRK,2011,"Korea, Dem. People's Rep.",,,,,,,,,,,,,,,,25097874
PRK,2012,"Korea, Dem. People's Rep.",,,,,,,,,,,,,,,,25211728
PRK,2013,"Korea, Dem. People's Rep.",,,,,,,,,,,,,,,,25329451
PRK,2014,"Korea, Dem. People's Rep.",,,,,,,,,,,,,,,,25451262
PRK,2015,"Korea, Dem. People's Rep.",,,,,,,,,,,,,,,,25575350
PRK,2016,"Korea, Dem. People's Rep.",,,,,,,,,,,,,,,,25698326
PRK,2017,"Korea, Dem. People's Rep.",,,,,,,,,,,,,,,,25817709
PRK,2018,"Korea, Dem. People's Rep.",,,,,,,,,,,,,,,,25931147
PRK,2019,"Korea, Dem. People's Rep.",,,,,,,,,,,,,,,,26037632
PRK,2020,"Korea, Dem. People's Rep.",,,,,,,,,,,,,,,,26136312
PRK,2021,"Korea, Dem. People's Rep.",,,,,,,,,,,,,,,,26232534
PRK,2022,"Korea, Dem. People's Rep.",,,,,,,,,,,,,,,,26328845
PRK,2023,"Korea, Dem. People's Rep.",,,,,,,,,,,,,,,,26418204
PRK,2024,"Korea, Dem. People's Rep.",,,,,,,,,,,,,,,,26498823
PRT,2010,Portugal,,,,,,,,,,90532042644.8771,72002887874.4586,19698.6836791397,22551.935098809,18726.989790777,23030,10573100
PRT,2011,Portugal,,,,,,,,,,103389299193.749,85867180203.2732,19389.6395896162,23246.5425416481,18540.5416967349,22750,10557560
PRT,2012,Portugal,,,,,,,,,,94299840445.5143,82531159458.9977,18679.7626789594,20593.4274224109,17810.699713176,21220,10514844
PRT,2013,Portugal,,,,,,,,,,102930610259.107,90995965948.0156,18597.7214623964,21676.4859642714,18000.9683045576,21380,10457295
PRT,2014,Portugal,,,,,,,,,,105884226775.619,93752603525.387,18836.8967978906,22120.6850127107,18210.1545680821,21210,10401062
PRT,2015,Portugal,,,,,,,,,,91787042850.3693,82230813716.6543,19215.7813014347,19215.7813014347,18717.9662937503,20450,10358076
PRT,2016,Portugal,,,,,,,,,,94079041113.607,84016295523.9289,19662.82312462,19980.2808866516,19339.6942265036,19950,10325452
PRT,2017,Portugal,,,,,,,,,,106360362661.729,95587879567.2666,20364.1962735946,21442.3842768879,19975.9324391872,20030,10300300
PRT,2018,Portugal,,,,,,,,,,117736146552.729,106219424881.941,20997.7745987013,23541.1401075289,20520.2292330771,22040,10283822
PRT,2019,Portugal,,,,,,,,,,115468168925.973,105387722478.949,21569.1874752919,23343.3628970034,21153.5962928911,23250,10286263
PRT,2020,Portugal,,,,,,,,,,95387925775.0447,85932574930.3776,19778.7139525722,22299.4044062173,19723.1646123577,21910,10297081
PRT,2021,Portugal,,,,,,,,,,118059875476.912,106459218960.318,20747.6990734163,24711.4510062111,20666.234985037,23980,10361831
PRT,2022,Portugal,,,,,,,,,,139980136004.059,126953267624.635,22042.8680283647,24620.5197587181,21393.3925132062,25880,10434332
PRT,2023,Portugal,,,,,,,,,,155522843794.863,138194111362.477,22417.1634060906,27634.6183139773,22160.6368785083,26340,10578174
PRT,2024,Portugal,,,,,,,,,,163777474865.083,144120360731.839,22663.993126225,29328.3067415343,22906.0304750497,26940,10694681
PRY,2010,Paraguay,2.67702351414774,2.67291171800048,4.48288751493079,304957748.8,469122.9,511313871.7,62.4432011001041,16123448799.3,2390048037.7,11409196448.4382,11370612569.2924,5191.05014254402,4750.96273669322,5032.02077365923,4410,5737971
PRY,2011,Paraguay,2.27726649367545,2.27609061522704,6.85606744116939,310785652,160558.7,935836210.7,49.6955356539035,16051060833.8,2328912251.5,13654361997.7538,13611299096.288,5342.19015717376,5805.40154543044,5205.21058936798,4840,5814626
PRY,2012,Paraguay,2.36475123149401,2.36440807114865,15.6577148115135,301392135.7,43742.8,1994901878.5,52.267953218174,16608641152.8,2271127850.5,12747043937.8758,12694616008.5746,5230.26244858764,5642.1699167298,5050.128735161,5160,5897008
PRY,2013,Paraguay,1.86685815471697,1.86558831813679,11.2278781646112,276298775.6,188066.3,1661927841.9,44.7584021905892,16505154683,2715102754.5,14810275820.9779,14766140715.9362,5583.12274473463,6435.68342733182,5402.57359791751,5970,5982445
PRY,2014,Paraguay,1.89599583114649,1.89549047282278,21.7193999657033,273590892.3,72942.3,3132894834.6,44.5515229721803,17285275329.7,3737581227.4,14433778287.0819,14395245396.0694,5794.4764468976,6652.25478942291,5644.10787560232,6280,6069811
PRY,2015,Paraguay,2.48184488989682,2.48132073944498,15.8509232388146,317925011.1,67158,2029343169.1,49.8107351914534,17315302892.1,4041213555.8,12812733398.227,12770996153.1438,5879.33792308671,5879.33792308671,5643.53897056866,6100,6159103
PRY,2016,Paraguay,2.98805539087542,2.98724642526575,10.4509364135772,410642725.2,111204.7,1435538929.9,49.609074942482,17249495429,4846852638.6,13746529972.4467,13674037765.2556,6041.95879367268,5775.1596339946,5897.95721380064,5870,6249126
PRY,2017,Paraguay,2.72573353964295,2.72527435735484,12.2608845836038,419749391.6,70723.7,1886896115.3,45.3224495165738,17066059548.8,5627406766.2,15402096690.4561,15263250262.3601,6243.13363139058,6152.26711537703,6081.83437889033,5810,6338660
PRY,2018,Paraguay,2.98181391070284,2.98099420171705,16.1167117557651,463464420.1,127442.7,2503979862.8,44.3037518212439,17201035979.9,6419152046.8,15547310351.4608,15307417788.4764,6354.2392005297,6258.44991640954,6149.91147306425,6060,6427382
PRY,2019,Paraguay,3.70567183708398,3.6966943878566,10.4941801965596,538220499.3,1307072.4,1526874571.7,48.6178098889894,17873915576.2,7416217683.8,14559507571.6299,14318911680.9157,6243.53620897773,5821.18199548637,6059.98151557976,5950,6515058
PRY,2020,Paraguay,4.63137562490675,4.62804934814801,9.2435988642139,577600956.7,415134,1152370090.7,61.730412643043,21121327299.6,10651241692.7,12480440748.3498,12338831914.4561,6109.19608100615,5365.47220721191,5961.68906647005,5550,6603739
PRY,2021,Paraguay,6.13986194123989,6.13840595357794,8.37984423300713,918907764.7,217958.6,1252933723.3,58.8994043286729,22658308979.4,11811070775,14969810919.1424,14820725909.4138,6276.7748423663,5974.9057185863,6286.85673168388,5720,6684182
PRY,2022,Paraguay,6.56277617360371,6.52932152438223,14.0824824747172,990939511.8,5077332.1,2133529843.9,62.1946052686948,25239775496.5,13338746481.8,15176760833.4123,14970838103.2321,6204.20811531911,6189.10205375331,6079.24542937703,5900,6760464
PRY,2023,Paraguay,6.63217551507775,6.55538437668654,9.56440230107497,1255104430.7,14702554.8,1812647985.5,64.060294286157,26605367216.2,14352578684.9,19146160752.4287,18703721340.9803,6452.28566840034,6303.26495017292,6336.24754552456,6200,6844146
PRY,2024,Paraguay,8.02477940284269,7.94369667169065,11.0611568256561,1442778645.3,14726699.4,1969086344.7,69.740945590813,29963457224.3,15744379340.9,18162559636.0156,17614394279.4034,6670.6995656958,6456.60723068562,6448.84542952807,6290,6929153
PSE,2010,West Bank and Gaza,,,,,,,,,,2081357166.76143,1367300000,2927.08101953403,2557.07562356699,3134.3093967742,2510,3786161
PSE,2011,West Bank and Gaza,,,,,,,,,,2643076400.91409,1799409195.17103,3128.10811061384,2880.79843707909,3361.84575478768,2880,3882986
PSE,2012,West Bank and Gaza,,,,,,,,,,2812491617.00517,1871092711.37725,3237.91619995789,3067.43872735614,3493.74547424396,3210,3979998
PSE,2013,West Bank and Gaza,,,,,,,,,,3374794723.74566,2111052701.47403,3309.63120243098,3315.29753909282,3619.41546954062,3470,4076708
PSE,2014,West Bank and Gaza,,,,,,,,,,3832136288.40909,2213676673.26214,3227.84934482645,3352.11259506043,3574.1379087257,3560,4173398
PSE,2015,West Bank and Gaza,,,,,,,,,,4047324859.73697,2244334838.13038,3272.15432360708,3272.15432360708,3673.17612828951,3670,4270092
PSE,2016,West Bank and Gaza,,,,,,,,,,4221260094.64659,2207025455.31287,3483.09903532972,3527.61382413178,3870.93184291226,3900,4367088
PSE,2017,West Bank and Gaza,,,,,,,,,,4860664132.74004,2535998695.74785,3462.97986107136,3620.36048715937,3890.47332038103,3930,4454805
PSE,2018,West Bank and Gaza,,,,,,,,,,5581946657.22667,2598000000,3417.79440837962,3562.33094270256,3966.10964072253,4190,4569087
PSE,2019,West Bank and Gaza,,,,,,,,,,5871216460.83408,2659300000,3378.4346209191,3656.85827137011,3930.50101743621,4200,4685306
PSE,2020,West Bank and Gaza,,,,,,,,,,5036792158.79417,2385203570,2922.46801084844,3233.56863835858,3337.87260301266,3700,4803269
PSE,2021,West Bank and Gaza,,,,,,,,,,6910913876.89198,3140200000,3051.48607007995,3678.63565662194,3598.21311222652,4270,4922749
PSE,2022,West Bank and Gaza,,,,,,,,,,8206258411.24022,3533292713.73163,3099.9609010368,3799.95527015163,3739.58187108763,4720,5043612
PSE,2023,West Bank and Gaza,,,,,,,,,,6777579161.24694,3413300000,2997.22694077849,3607.41611858821,3490.66693768118,4450,5165775
PSE,2024,West Bank and Gaza,,,,,,,,,,3885898095.11552,2884800000,2258.20698667764,3028.25481286981,2384.44650484615,2980,5289152
PYF,2010,French Polynesia,,,,,,,,,,1815731160.58865,1123595126.11685,19913.0252687915,22494.806706186,,26220,270580
PYF,2011,French Polynesia,,,,,,,,,,2043229119.9112,1276574342.539,19241.6437951625,22831.5185348524,,25270,271727
PYF,2012,French Polynesia,,,,,,,,,,1808698927.34727,1134519616.25415,18968.4422157904,20846.5457478364,,24050,273084
PYF,2013,French Polynesia,,,,,,,,,,1909184057.10587,1167674715.56918,18930.1268887012,21955.6329264095,,24290,274728
PYF,2014,French Polynesia,,,,,,,,,,1961540014.8278,1259379434.65386,18928.1858620128,22258.6321384251,,23990,276387
PYF,2015,French Polynesia,,,,,,,,,,1718075713.6757,1120551433.57245,19166.9594761931,19166.9594761931,21131.2639759075,23060,277866
PYF,2016,French Polynesia,,,,,,,,,,1834115472.19934,1201644319.94176,19516.0718353276,19690.0775734589,,22170,279178
PYF,2017,French Polynesia,,,,,,,,,,,,20287.7685831663,20826.9312492172,,22220,280087
PYF,2018,French Polynesia,,,,,,,,,,,,20674.4206829029,21925.616043938,,23700,279815
PYF,2019,French Polynesia,,,,,,,,,,,,21289.8751241139,21582.5892046801,,24530,279034
PYF,2020,French Polynesia,,,,,,,,,,,,19026.790444196,19966.4838503859,,22170,279209
PYF,2021,French Polynesia,,,,,,,,,,,,19626.2332540206,21426.3854449835,,23460,279792
PYF,2022,French Polynesia,,,,,,,,,,,,20160.4994298379,20053.9569369322,,24150,280378
PYF,2023,French Polynesia,,,,,,,,,,,,20664.9770259225,21832.2831795569,,24370,281118
PYF,2024,French Polynesia,,,,,,,,,,,,20846.6514059991,22439.8838746025,,24100,281807
QAT,2010,Qatar,,,,,,,,,,,,74271.9022959058,77387.2936379616,75909.7655627304,71900,1616832
QAT,2011,Qatar,,,,,,,,,,128004244505.495,121837912087.912,83533.4963791019,103261.510293068,104311.638350786,82960,1624761
QAT,2012,Qatar,,,,,,,,,,149394230769.231,142876098901.099,82441.7405083009,108470.378825036,106777.905808748,92750,1722438
QAT,2013,Qatar,,,,,,,,,,150901648351.648,144510439560.44,77379.6735599552,103697.008372373,99647.9663868637,96070,1916426
QAT,2014,Qatar,,,,,,,,,,147625274725.275,140228846153.846,71756.0649338302,95840.6310094498,88175.0309479064,91410,2151745
QAT,2015,Qatar,,,,,,,,,,100084615384.615,92291208791.2088,68985.2946961507,68985.2946961507,67464.5875368091,80090,2344557
QAT,2016,Qatar,,,,,,,,,,79600274725.2747,72484340659.3407,67294.4585771356,61253.6375482797,59997.941474263,69170,2477113
QAT,2017,Qatar,,,,,,,,,,93787087912.0879,85204395604.3956,64497.6987225375,63279.8556949332,61627.7302824262,60920,2545820
QAT,2018,Qatar,,,,,,,,,,110575000000,102560989010.989,64410.8171280981,71039.8490579352,66896.6036241046,63410,2580734
QAT,2019,Qatar,,,,,,,,,,100989560439.56,92046153846.1539,63430.4607609581,66841.3013484919,62746.0023300794,65700,2638657
QAT,2020,Qatar,,,,,,,,,,81411263736.2637,70933241758.2417,57769.604104354,51683.5054376677,51506.7707156106,57730,2794148
QAT,2021,Qatar,,,,,,,,,,115914835164.835,105549450549.451,65488.5117911123,71751.8831257169,,66970,2504910
QAT,2022,Qatar,,,,,,,,,,175876648351.648,161692857142.857,64315.6263643699,88701.463352273,,71050,2657333
QAT,2023,Qatar,,,,,,,,,,145887522791.19,128709226087.893,65111.033321485,80195.8746508549,,79430,2656032
QAT,2024,Qatar,,,,,,,,,,144829945054.945,125216483516.484,62395.3113297112,75685.0865779973,,76570,2857822
ROU,2010,Romania,,,,,,,,,,55642042093.8162,53727832194.33,7660.70667630517,8399.5374234284,7301.86589759289,8770,20246871
ROU,2011,Romania,,,,,,,,,,70591286181.6973,67878965578.9008,8044.57194920892,9560.6755277458,7736.94461466792,9080,20147528
ROU,2012,Romania,,,,,,,,,,66745503430.8707,63959890289.2402,8234.28553425194,8929.95366231474,7803.37862812247,9260,20058035
ROU,2013,Romania,,,,,,,,,,81000135682.2606,76414975419.6352,8287.95844089676,9497.67411615237,7928.34854793879,9390,19983693
ROU,2014,Romania,,,,,,,,,,87670576051.4833,82857390777.359,8661.47397274241,10031.7710755404,8463.41043576377,9760,19908979
ROU,2015,Romania,,,,,,,,,,78455191744.9203,73553176022.5483,8977.01748158196,8977.01748158196,8882.71319536727,9610,19815616
ROU,2016,Romania,,,,,,,,,,84172750264.1562,78600503406.926,9286.87678236598,9404.54005870715,9328.89367443017,9460,19702267
ROU,2017,Romania,,,,,,,,,,95044510179.3722,89179888822.4248,10106.2269557253,10727.9822007426,10215.8721703523,10030,19588715
ROU,2018,Romania,,,,,,,,,,108009260419.07,101057937052.956,10714.1701157127,12416.134317959,10952.9135427115,11490,19473970
ROU,2019,Romania,,,,,,,,,,108602953003.538,100862437697.31,11197.3162915853,12909.6104013244,11694.6753084037,12660,19371648
ROU,2020,Romania,,,,,,,,,,100508011881.163,93004424245.0857,10854.049431887,13009.1525348396,11487.9161920448,12720,19265250
ROU,2021,Romania,,,,,,,,,,124351611539.589,115874309531.149,11546.3224998072,14908.0412813921,12338.7809926213,14180,19122059
ROU,2022,Romania,,,,,,,,,,136972714342.573,129285687128.268,12076.3033811896,15503.4691366242,12774.8461477843,15390,19048502
ROU,2023,Romania,,,,,,,,,,145818536973.245,136487886792.227,12340.8170509969,18244.4186876321,13211.0896071819,16590,19061062
ROU,2024,Romania,,,,,,,,,,146036881137.364,136176882947.025,12459.9112061891,20080.2096215595,13698.7153318441,17600,19051804
RUS,2010,Russian Federation,6.61309570312272,6.60727128778166,11.6100086627986,31708088763.2,27951187.5,55716069340.5,28.2773715301649,417886400642.8,165665068825.3,479896880000,441833180000,8755.1201171875,10674.990234375,,9980,142849468
RUS,2011,Russian Federation,3.88532718387664,3.8837745405355,7.24494906244521,23929301644.5,9566382,44638680671.3,27.4162213475377,544355500577.8,195471230960,616135190000,573448160000,9120.8203125,14305.33203125,,11060,143018195
RUS,2012,Russian Federation,2.58508803355952,2.58467922774251,7.85490540726053,16478168546.8,2606269.7,50077570102.6,27.6477290740837,591836363065.8,210035052084.8,637532440000,589773980000,9464.0107421875,15401.8515625,9201.99609375,13470,143378447
RUS,2013,Russian Federation,3.5316455521578,3.52987852553126,8.0272962231187,22384180009.4,11205326.7,50903860387.1,30.2102878450986,668513124292.2,273847740156.1,634134570000,591958000000,9601.537109375,15941.4482421875,9335.7099609375,15160,143805638
RUS,2014,Russian Federation,8.36851857569018,8.36781175077073,14.7332666859639,51020492923.9,4309675.8,89832150995.5,27.8421875364677,554415745561.2,231872506844.7,609723240000,562550590000,9493.8125,14055.47265625,9230.96875,14590,144237223
RUS,2015,Russian Federation,10.9591485537661,10.9582244785276,24.1750459008327,47153434987.5,3976312.2,104025652827.1,37.125952762227,492191137727.2,212190013930.2,430301780000,393034910000,9277.7138671875,9277.7138671875,9020.85546875,11740,144640716
RUS,2016,Russian Federation,14.029689194556,14.0279027159078,25.0615584553868,52305192767.7,6661160.4,93445875168.6,43.1184713428485,535225173047.3,185494821008.2,372865380000,332352610000,9269.3173828125,8663.158203125,8762.1484375,9680,145015460
RUS,2017,Russian Federation,5.9278409765869,5.92692075380517,17.7477650917829,27089632005.4,4205977.7,81118078885.4,33.8872742360339,519202537324.6,216167127962.8,457060810000,410482810000,9418.99609375,10658.9130859375,8913.5166015625,9160,145293260
RUS,2018,Russian Federation,11.0402508422889,11.0388988099438,19.5907816795631,61980769689.9,7591337.4,109997541261.3,29.548796109,477785389198.2,195226144340.3,561476020000,508560910000,9674.787109375,11211.8876953125,9177.6953125,10180,145398106
RUS,2019,Russian Federation,7.53575157261129,7.52121383095794,17.9638207856384,40281081364.7,77859234.9,96208157745.6,29.6288697909038,485793305491.7,201325059992.6,535566230000,481686310000,9882.0244140625,11447.701171875,9304.728515625,11190,145453291
RUS,2020,Russian Federation,14.18553346605,14.1797226535229,25.830948676854,60444822601.2,24770127.1,110111258770.3,31.6125814211445,460933940334.8,193502059943.3,426276480000,381489920000,9632.3251953125,10108.3271484375,9146.0966796875,10660,145245148
RUS,2021,Russian Federation,5.40007197899465,5.39791180824642,15.8967213886921,34088221691,13641641.8,100388998951.4,26.4340953468359,472158073713,176768541915.4,631507570000,549716650000,10231.318359375,12425.029296875,9692.171875,11710,144746762
RUS,2022,Russian Federation,6.71987832959486,6.67828654164107,14.9742398829144,45414427753.4,282837107.6,101829493401.4,16.757438584072,376117000821.9,136085550789.8,680031134786.262,640878288687.493,10119.115234375,15625.6328125,9547.6806640625,12890,144236933
RUS,2023,Russian Federation,4.63023739694968,4.63023739694968,12.7444779701583,23126121194.6,0,63653397619.3,,,,499458650000,465220140000,10560.4658203125,13986.9951171875,9995.91796875,14400,143826130
RUS,2024,Russian Federation,4.00817828984576,4.00817828984576,11.3520494753528,20094223067.1,0,56854352461.3,,,,501330570000,476686470000,11092.6337890625,14961.8974609375,,15330,143669648
RWA,2010,Rwanda,2.00309710430281,1.9381208174191,7.22677606412987,13932398.1,467089.3,51950487.4,20.3065120591755,1233314075.5,758993086,718861175.979375,702728416.047749,579.419162804581,586.599950359877,539.468286792145,580,10317553
RWA,2011,Rwanda,1.95912260017165,1.8810125421268,4.77457106237045,18308723.6,760279.6,46473003.2,21.393893240066,1460707197.2,971491451.7,973344046.887583,953287991.149991,610.376236415572,643.356138618166,582.063008861145,630,10573733
RWA,2012,Rwanda,1.91963869896932,1.82375517671024,7.54574697189554,20628199.6,1084523,85348722.6,24.0267798798109,1814518289.8,1045210325.1,1131083813.41019,1120380851.49077,647.436613845487,697.760143509565,615.198345075577,680,10829901
RWA,2013,Rwanda,2.98444708360463,2.84099093196739,8.31035258381037,37345344.4,1885757.3,109241101.7,30.1055329314487,2314567423.3,1552712671.7,1314518254.16909,1298831986.60463,661.893969452494,695.397140963607,632.266145709207,700,11093340
RWA,2014,Rwanda,4.14342260550195,3.93286968633234,12.6045874009016,52880983.8,2831074.1,169480057.9,36.1466647538998,2909860018.3,1755437489.4,1344590286.92901,1328277648.99117,682.709499066795,715.36808783393,658.381528222242,710,11364757
RWA,2015,Rwanda,4.05806636258338,3.87356170323932,12.6449823923794,56573861,2694714,184681575,41.1859009324245,3451961693,2057333327.7,1460512709.85794,1449025170.20564,725.691418696952,725.691418696952,711.744348876986,720,11640022
RWA,2016,Rwanda,4.37973886267828,4.2434650752382,14.5634730953585,64754950.2,2079527.5,222237477.7,51.0672797854825,4318716827.6,2353279769.2,1525992297.61223,1516645918.83269,748.798132068173,721.258515833094,729.033588332618,720,11919183
RWA,2017,Rwanda,3.89360198323302,3.80812062888922,12.7068520868692,73330491.3,1646058.6,244687549.9,56.6439342203484,5076087515.8,2833424074.9,1925634675.11242,1903903239.37625,765.845359390541,751.049039527547,769.558752908177,720,12202060
RWA,2018,Rwanda,3.95465154379702,3.89442254279688,12.7530652658762,80298880.4,1241858.4,262954738.8,61.1514887573938,5681081205.9,3249493049.5,2061894401.99602,2043256454.25957,808.704812752127,772.754982959354,868.341402672251,760,12487996
RWA,2019,Rwanda,3.90925110224548,3.84163858860911,14.3137505848254,87219175.6,1535050.1,324974225.7,65.1410718001911,6514940151.8,3929132582.3,2270363897.80691,2254674808.8851,863.872077583172,823.355304065304,944.390545879078,820,12776103
RWA,2020,Rwanda,7.29512467953812,5.84024707897662,14.6190620267709,113329991.2,28231899,283682890.2,82.4503892484163,8193642650.5,5122179088.7,1940499942.33906,1928961923.39568,821.257133282758,802.638686936204,895.328090642668,780,13065837
RWA,2021,Rwanda,23.6923976914942,21.6736240284231,29.1051912315759,461272692.3,42964903.4,620215595.7,85.8558898695688,9317675644.8,5794068187,2128267481.68686,2107177736.32123,871.041835304187,842.581492947672,840.501868422995,850,13355260
RWA,2022,Rwanda,6.66471535124271,5.47244265327626,11.4916966088178,166227837.4,36215804.3,348790641.7,74.3314388443279,9690063879.9,6144541333.6,3037543706.38278,2995482090.91908,935.89483254264,1007.05989322914,833.265770288509,970,13651030
RWA,2023,Rwanda,10.1021977019325,8.54485597149285,15.3207102230575,304308750.5,55461755.9,545385506.4,81.0157835253365,11383983796.8,7230881197.7,3561309301.35309,3510688632.43075,993.911004643524,1061.05788154076,895.394665887396,1030,13954471
RWA,2024,Rwanda,6.78040752568151,5.67680164276744,7.97435072087266,244847598.5,47599910.5,430147509,93.8824280218587,13050400791.1,8345599359.8,4313125839.29984,4282014174.60759,1043.15961499906,1059.93709298801,937.782498565098,1070,14256567
SAU,2010,Saudi Arabia,,,,,,,,,,279932156368.163,261760646534.829,21830.1424272816,22028.3901426586,26347.6664631463,21820,23978487
SAU,2011,Saudi Arabia,,,,,,,,,,396724936985.124,376959231318.457,23314.5576023168,27126.7498747702,31588.6878908194,24110,25091867
SAU,2012,Saudi Arabia,,,,,,,,,,423897792832.133,400250244915.466,23643.0358324647,28733.4375513452,31990.631204737,27610,26168861
SAU,2013,Saudi Arabia,,,,,,,,,,413822030808.067,388651570808.067,23057.3494468535,27865.465604962,30153.6002760923,28620,27624004
SAU,2014,Saudi Arabia,,,,,,,,,,382987833163.637,355877083330.304,23404.7306039825,27805.4850319422,28860.8464958359,29080,28309273
SAU,2015,Saudi Arabia,,,,,,,,,,244505159875.339,218928505558.048,23256.1549553531,23256.1549553531,23972.6566377727,26580,29816382
SAU,2016,Saudi Arabia,,,,,,,,,,222542309535.59,201803633482.922,22783.0328538685,22267.7217050387,22413.1025811293,23940,30954198
SAU,2017,Saudi Arabia,,,,,,,,,,259757550981.733,240777873243.334,23035.1199977707,23929.2907135982,23880.0731956035,23130,30977355
SAU,2018,Saudi Arabia,,,,,,,,,,335417309877.944,315952392178.101,24393.5188306638,29360.0658968566,26815.5795135257,26570,30196281
SAU,2019,Saudi Arabia,,,,,,,,,,310383513720.427,289762586599.242,24905.6697428558,29566.7933827436,27160.4326623497,29140,30063799
SAU,2020,Saudi Arabia,,,,,,,,,,206590819237.02,184865516770.855,22827.671935548,24338.8307301067,22616.3606932887,26940,31552510
SAU,2021,Saudi Arabia,,,,,,,,,,315463434722.397,288945653137.581,24922.6716948944,31920.7653655643,27109.0828246777,30480,30784383
SAU,2022,Saudi Arabia,,,,,,,,,,477703910615.812,451765516882.536,26706.917926066,38510.2276211037,30826.3026544919,35110,32175224
SAU,2023,Saudi Arabia,,,,,,,,,,409011415056.841,374788001305.912,25634.8237547841,36156.8562500172,28155.0202082485,36330,33702731
SAU,2024,Saudi Arabia,,,,,,,,,,408134068105.937,368567152141.104,25123.0122060281,35527.786181866,27012.0478242257,35990,35300280
SDN,2010,Sudan,4.16364886245749,4.10692538791384,4.21004682024409,484001216.7,6684862.3,496154079,41.2309784294958,22592936139,14637724839.5,11785001454.4787,11646421263.4664,1311.22314453125,1305.63598632813,,1230,35414399
SDN,2011,Sudan,4.80972487416491,4.71122582662689,4.87186411161,520106304.8,10874022.5,537840327.3,41.8849817755024,21460776765.5,15288269758.4,11039723501.6939,11026176541.4481,1388.21813964844,1332.6572265625,,1250,36140806
SDN,2012,Sudan,7.04751792137767,6.90219017228888,7.14824601297622,354743527.4,7469234.7,367389762.1,62.0028273281422,22078256122.2,15874514614.6,5139579155.96465,5125300929.7532,1288.25854492188,1019.22210693359,,1120,36923178
SDN,2013,Sudan,4.8488758524314,4.72306147892806,4.90058576864329,286069474.4,7620407.2,296821881.6,56.487760867855,22721571815.8,16561478718.8,6056865354.7344,6047707928.55507,1283.45922851563,1138.62780761719,,1060,37785849
SDN,2014,Sudan,4.28102697870826,4.10187875771393,4.31031776521854,248570819.1,10856249.7,261202068.8,45.2388242895741,21971930557.2,16051543055.5,6059926043.21962,6021777924.59669,1307.3896484375,1275.43835449219,,1130,38823318
SDN,2015,Sudan,10.6234327150039,10.4678760700006,10.6504289695058,514160350.2,7640619.6,523126969.8,42.8323529853489,21657638751.4,15945652458.2,4911792485.52157,4896332965.50146,1292.37963867188,1292.37963867188,1263.32189941406,1180,40024431
SDN,2016,Sudan,6.30710507655386,6.08829024933795,6.33691525263901,282457419.6,10151597.4,293992017,51.1473148369104,21361100515,15690345595.1,4639355353.18335,4638209737.91508,1297.15454101563,1033.21594238281,,1140,41259892
SDN,2017,Sudan,4.11195239349019,3.98261246573183,4.16552097640629,234338745,7610420.7,245101165.7,55.4341564956713,21969836080.4,15985743591,5884045887.37555,5880500847.62069,1261.87353515625,966.505676269531,,1010,42714306
SDN,2018,Sudan,4.07612203153392,4.07147824067093,4.19894498062309,208574548,237893.1,215104441.1,71.4394464809636,21804346688.2,15762241860.1,5122821139.4206,4995707338.38466,1185.94445800781,731.027465820313,,810,44230596
SDN,2019,Sudan,3.68691321421105,3.43581297152835,3.75873467947796,178771527.8,13065197.2,195573725,74.3660545239152,22843739036.9,16793947292.9,5203179837.82677,5101252297.39815,1126.55297851563,709.975280761719,,720,45548175
SDN,2020,Sudan,2.82237041719903,2.75824347589174,2.87878024275031,141408700.6,3287638.5,147588339.1,93.152816991005,23811151810.3,17084249810,5126766430.73659,5065438285.07997,1056.86474609375,577.795227050781,,600,46789231
SDN,2021,Sudan,45.191937498306,24.8862926730313,45.218288862013,1686702791.1,1376243068.9,3064731860,69.8676399582301,22976037485.2,15611116404.8,6777637847.71303,6664337809.93703,1009.54888916016,712.122009277344,,620,48066924
SDN,2022,Sudan,2.88690045093455,2.66637261673709,2.95622866961282,169993794.6,14059686.6,188473481.2,44.3585061389123,22440226840.5,15252751360.9,6375470312.47365,5908128947.72845,973.225280761719,1046.24084472656,,720,49383346
SDN,2023,Sudan,,,,159511440.6,40715177.5,207473618.1,58.0030635125029,22580297676.7,15364275697.1,,,677.723205566406,797.283447265625,,660,50042791
SDN,2024,Sudan,,,,154108527.8,40781527,200686054.8,45.3986291468877,22020660462.5,14950741401.7,,,578.38916015625,984.607666015625,,710,50448963
SEN,2010,Senegal,4.36778357629627,4.32947466184752,5.447095234777,148126363.3,1310681,186364044.3,29.1069276963651,4648723571.7,3149617343.2,3421347273.50015,3215625405.29843,1153.53431121583,1275.88357492357,1095.38867295872,1340,12635413
SEN,2011,Senegal,6.16786226447814,6.08066295676747,8.53162911010612,246908527.8,3540773.9,346431301.7,33.0931855562814,5802042499.9,3611750948,4060552764.64885,3792732354.97136,1139.74447892639,1374.67591873844,1061.30230010256,1310,12958897
SEN,2012,Senegal,5.56742099469192,5.43961592344575,9.36982754496764,228984489.5,5380045.1,394429534.6,40.9303592307614,7105327014.3,4180170220.8,4209570909.46504,3967113827.50073,1154.05677992367,1326.83798848379,1051.24926365397,1320,13310495
SEN,2013,Senegal,5.70705802854108,5.58305507523518,11.2243117897822,250922345,5573133.6,504460478.6,43.9606094091967,8174836125.9,4509247407.7,4494355538.65516,4209550705.43244,1147.3859217191,1379.83196553924,1080.01241592528,1350,13710849
SEN,2014,Senegal,5.34030391867906,4.95606851335937,7.84589353611999,228018469.6,17677876.9,360973346.5,55.4082525783348,10754111100.6,4961003558.8,4600793330.14391,4305212887.74955,1180.7987108505,1398.89137601382,1138.19018301689,1370,14152102
SEN,2015,Senegal,6.36655742919347,5.57868840411428,23.2491286848819,240052270.2,33902188.9,1000415459.1,60.4794401983364,10470479738.4,5326872367.3,4303023449.43592,4016951809.48509,1218.00613555438,1218.00613555438,1191.17178666051,1320,14593331
SEN,2016,Senegal,6.8062294664554,5.99126290541056,9.50473723357387,263519339.9,35845439.2,418055779.1,61.7783390785996,11454854863.9,6148257898.4,4398393862.20261,4093170632.11094,1257.40906916238,1266.43957151587,1250.5375306306,1270,15034521
SEN,2017,Senegal,9.54906484116625,8.86378180919893,12.4049686915157,436813555.7,33771241.7,611325797.4,69.7334917042792,14232312903.4,8342953196,4928072070.17066,4593278924.06845,1312.10932775878,1354.77007193387,1303.0721154601,1270,15475002
SEN,2018,Senegal,10.0697791756437,9.46652103287831,14.0073823024885,542543064.7,34573791.2,802787855.9,88.9673360108035,20031136617.5,12195069473.5,5731176879.19021,5287037761.42284,1355.09610863533,1452.55612562445,1332.62863847287,1390,15914498
SEN,2019,Senegal,10.8824512076286,10.4927378377841,19.7721163198097,659123382.9,24480664.5,1242027047.4,91.3064501670604,20812048599.6,13830744375.8,6281710198.90072,5835648428.15407,1379.60875249843,1431.18128932159,1358.38111457542,1430,16352922
SEN,2020,Senegal,14.9180463378569,14.7929749544135,23.3754090393699,822186168.5,6951405.1,1299193573.6,107.855994435083,26017274799,16109154364.9,5557950115.06255,5062755656.25673,1361.7914374888,1461.08720350553,1361.51911772558,1430,16789219
SEN,2021,Senegal,19.3012045367583,19.2443499715341,20.7032224928195,1397393692.7,4128391.5,1503327084.2,114.383429271668,30676437909.5,16923975348.4,7261319269.12056,6779544294.96058,1414.53951093499,1598.10676952274,1406.37398984255,1540,17220867
SEN,2022,Senegal,11.5327342804656,11.3010703014396,18.0771808789291,899598093.2,18441127.1,1438996220.3,132.297928341272,35581328119.7,17896010775.4,7960291098.13964,7417917734.81193,1433.19918752288,1574.0281059306,1401.14193853179,1590,17651103
SEN,2023,Senegal,18.4339098266839,16.6922214032605,30.2398405889279,1285664884.7,134147971.8,2329126856.5,153.247351028687,45458235461.2,22415035850.8,7702179677.82807,7000841889.45565,1458.9664233275,1698.03387300843,1425.13400041787,1620,18077573
SEN,2024,Senegal,,,41.8050042927812,1904940755.5,247727962.6,3438123718.1,150.690164087921,47146494529.5,25093882284.9,,,1517.61838829684,1738.73223822106,1475.88362868874,1630,18501984
SGP,2010,Singapore,,,,,,,,,,538336130447.803,474817193392.046,48752.0515441859,47236.683084953,50482.0379632518,44930,5076732
SGP,2011,Singapore,,,,,,,,,,633766010665.583,568009224023.609,50713.5326393594,53891.4570264372,50138.5404096417,48250,5183688
SGP,2012,Singapore,,,,,,,,,,645340847180.933,580505492422.741,51679.352717333,55547.5553077786,49929.1702239931,51710,5312437
SGP,2013,Singapore,,,,,,,,,,667672180931.831,600013186286.262,53298.9728558286,56967.4257940383,50276.537785376,54470,5399162
SGP,2014,Singapore,,,,,,,,,,675525275245.649,604391776173,54681.9336458253,57564.8023114977,51996.7855346378,56380,5469724
SGP,2015,Singapore,,,,,,,,,,621099994544.76,549421999163.53,55645.6068614606,55645.6068614606,51848.748220788,53160,5535002
SGP,2016,Singapore,,,,,,,,,,604132530017.418,525391632959.378,57076.5241936787,57204.0340105222,53688.210375429,53600,5607283
SGP,2017,Singapore,,,,,,,,,,692380107536.615,589508336803.23,59493.3758595703,61436.1325502558,56440.7560662046,55360,5612253
SGP,2018,Singapore,,,,,,,,,,780413910701.157,671713457843.458,61101.5252578902,67032.8225769734,55582.8021511294,56440,5638676
SGP,2019,Singapore,,,,,,,,,,779217539508.488,666302420906.664,61106.3119775351,66068.7003106378,55702.9832402728,58510,5703569
SGP,2020,Singapore,,,,,,,,,,746307750847.079,636352312328.999,59083.8574841572,61772.5036492256,52804.7291672122,56290,5685807
SGP,2021,Singapore,,,,,,,,,,960928630798.05,799113225570.346,67846.8565377728,80884.8565369236,63389.7406946809,65540,5453566
SGP,2022,Singapore,,,,,,,,,,1115499226305.61,951422219535.783,68271.0897525302,91227.6970426492,65481.718094745,68100,5637022
SGP,2023,Singapore,,,,,,,,,,1092037832336.22,922325546756.696,65976.7068036903,86382.5900499252,59000.7557473712,69530,5917648
SGP,2024,Singapore,,,,,,,,,,1208784019757.03,1000563424551.6,68129.6960402288,94896.5621495988,63183.279667821,75820,6036860
SLB,2010,Solomon Islands,3.10009451232259,3.08550901969214,6.18243062856537,10329622.2,48829.1,20697451.3,27.0135365745914,230756584.9,125302082.6,334778544.936182,315659452.74093,2058.95691648883,1685.14535823757,1777.99371334661,1600,532968
SLB,2011,Solomon Islands,1.46273564480739,1.45978340256911,2.70232442800694,8263466.3,16711.9,15297178.2,26.0092463285008,257503829.4,117847734.8,566074822.159019,537144326.23368,2132.02844199392,1924.05795643133,1913.86909065322,1690,552945
SLB,2012,Solomon Islands,1.23663057373972,1.23593253510465,4.57734260057202,8061446.1,4553,29855999.1,20.2249196824666,228146820.3,110183786.4,652256160.51263,618804286.007065,2105.91423758379,2066.25738638356,1880.05716399211,1820,573606
SLB,2013,Solomon Islands,1.28840616210629,1.28516971791049,7.30857495090702,7773137.5,19575.1,44204712.6,15.8150933188393,203970814.6,101129462.2,604833540.011982,573510019.50987,2136.72116177034,2161.38627543917,2007.70653653118,2090,594945
SLB,2014,Solomon Islands,1.53121860877681,1.27232156742017,2.82438708898031,7804129.8,1588015.3,17324145.1,14.202644727771,187516688.3,89616008.4,613377152.430426,567771569.852655,2085.16067273086,2164.95289873002,1985.22894671879,2090,616908
SLB,2015,Solomon Islands,1.62202968646304,1.11695235729052,2.42781955204426,6451181,2917174.8,14022355.8,16.1611693966709,207462428.9,81224574.3,577569934.643329,525935948.70453,2045.47721526649,2045.47721526649,2007.62914724756,2010,639415
SLB,2016,Solomon Islands,1.92457458394632,1.27640224497319,3.84741879254234,7612567.3,3865752.8,22946320.1,19.7388826152978,263838572.3,86656714.9,596408172.26547,554859849.112234,2084.24845745225,2082.62383124213,2003.21021324365,2000,662379
SLB,2017,Solomon Islands,1.58736532101121,0.981021237420886,4.68915869348689,6232841.2,3852359.4,29792200.6,22.40219027726,322629656.2,96507010.8,635342127.392287,593886704.212845,2075.36705302305,2143.57670489272,1967.38361536892,2020,685672
SLB,2018,Solomon Islands,1.30206274878647,0.819397393435416,4.90063938480131,5925675.6,3490514.3,35440189.9,19.8609933517187,316761174.2,96018483.9,723174816.941501,680656697.375648,2061.8996970669,2278.19908624102,2084.59816552944,2150,709101
SLB,2019,Solomon Islands,1.31002004883622,0.970838229144882,4.02688144450277,6224830.6,2174769.5,25819600.1,19.0295414493182,304960708.8,98075090.5,641181034.401875,591292572.869012,2043.09139778307,2223.65890942466,2050.671187417,2210,728147
SLB,2020,Solomon Islands,1.35400292336518,1.29833520544808,6.54063457551804,6303142.9,270255,31753397.9,20.5207798207263,322597088.9,124014124.9,485478855.810944,428833631.084617,1930.65510307199,2063.32780991967,1887.91073764489,2170,744498
SLB,2021,Solomon Islands,1.50012940703611,1.38728118127915,2.45007918394401,6497200.3,528514,11474714.3,29.1164554184841,448610953,140830146.1,468340548.958447,413657230.872215,1880.5519827183,2043.44413170658,1842.07507391327,2120,762591
SLB,2022,Solomon Islands,1.49043902009834,1.27069626607348,2.41318290007763,6082582.1,1051866.9,11551449,30.3157419260252,477369215.2,154786295,478681039.867654,411359144.174845,1788.61727922057,1877.78104490956,1839.73046687614,2010,781066
SLB,2023,Solomon Islands,2.18756575695284,1.00886219994518,4.88495224859353,6174982.7,7214537.4,29899520.1,31.3053346970914,527817629.5,197630833.3,612073948.289026,546024657.593773,1795.88798697142,1882.64394148042,1848.47948960626,1980,800005
SLB,2024,Solomon Islands,2.5818466008875,0.973253676725933,3.64953428942652,6927801.1,11450264.3,25978065.4,33.8252498362145,596145038,284840422.2,711818641.498013,642876796.964662,1806.38367324387,1933.55538435227,1895.90771238353,1910,819198
SLE,2010,Sierra Leone,2.68167440556603,2.0636968575481,2.72293801931108,8802201.6,2635834.3,11614035.9,22.0976274453058,931127139.3,660787286.1,426525900.245736,416867388.265429,902.769891411394,685.039673490948,904.357086436282,690,6222714
SLE,2011,Sierra Leone,3.35217645924789,2.37949973758248,3.4084151261542,13031708.6,5327018.7,18666727.3,22.6211203104743,1050427525.8,741417733.1,547665897.758826,538263541.694623,950.760763054593,761.146365577281,885.579011746031,710,6387251
SLE,2012,Sierra Leone,1.65400705317687,1.08048880892352,1.6711478356272,13426698.4,7126826.7,20766525.1,22.4038471121465,1335231392.5,840206852.5,1242650390.18561,1231345982.11802,1025.04366004502,937.504428180231,1025.19596032343,830,6551080
SLE,2013,Sierra Leone,1.36526539038675,0.95687744803728,1.5489275900938,16922033.8,7222194,27392227.8,19.807672602076,1399720774.9,904876039.6,1768464063.47124,1757362041.31289,1146.81973456475,1117.47183075115,1117.64701390092,970,6714051
SLE,2014,Sierra Leone,2.30733283301534,1.48531474315798,2.33143017656961,22436272.5,12416911.6,35217184.1,19.6194520524364,1433230470.4,916406270.4,1510539944.70542,1503257499.10526,1032.23789355905,1117.7586465721,1027.13708072744,970,6876385
SLE,2015,Sierra Leone,6.53055069570721,2.76066479299363,6.60962035332519,21751632.9,29703415.8,52078048.7,23.3391838239619,1558062042.1,953145845.1,787912859.0767,781558030.52527,964.575980888989,964.575980888989,948.573766315266,950,7037655
SLE,2016,Sierra Leone,4.53612085155521,4.38123329854947,5.05568640173215,34876794.5,1232981.9,40245776.4,27.1271641031085,1624480861.3,979589807,796049699.328883,788220426.410887,1002.77862282013,844.416411175476,999.902733647093,930,7205328
SLE,2017,Sierra Leone,6.37064793588141,4.47592399875177,6.93373603861998,38377229,16245641,59450870,31.7565767199893,1794303621.9,1089795234.4,857414670.372028,843859835.191838,1010.54694071207,779.186007841728,1029.31962778844,840,7379299
SLE,2018,Sierra Leone,7.38628068601938,4.84285349736461,8.28889325410313,35288061.1,18533002.1,60398063.2,28.9998131303477,1833287511.4,1143695044.6,728662577.119111,710167015.071275,1015.6678297205,845.914540460932,1040.76579193376,830,7554563
SLE,2019,Sierra Leone,9.21719185718671,6.76640230713245,10.0516774708671,50167109.4,18170516.9,74524626.3,29.9000056256083,1930475456.2,1241061151.3,741414818.730465,721604792.443926,1046.96778078594,843.71251730417,1063.16405766096,850,7731991
SLE,2020,Sierra Leone,16.6896984645925,9.26040447057076,17.2277792301667,53127467.9,42622282.8,98836750.7,32.9305757433431,2195562997.5,1359678834.7,573705695.780754,561008178.893617,1010.25294614757,845.277558236182,1043.31230576923,840,7912558
SLE,2021,Sierra Leone,11.1842075394937,6.19196840675531,11.3991348534529,57993710.4,46757097.5,106763807.9,35.6443712586542,2531912460.6,1386880511.4,936595708.99506,928688635.716698,1045.7661615758,885.396401613729,1049.47541098064,890,8094602
SLE,2022,Sierra Leone,9.40538575336977,5.57497106519928,10.0246496271522,67213244.2,46180436.6,120859680.8,34.0264597502258,2401417378.1,1347965013.8,1205624987.35762,1202412010.58758,1077.08884538507,860.371067874555,1095.46836436146,920,8276807
SLE,2023,Sierra Leone,10.5336071121339,5.07106760526178,11.2384603561814,70060054,75468489.6,155266543.6,37.7976134256055,2403103683.5,1364297553.4,1381564188.32407,1381538239.23937,1113.86837500697,758.329137301888,1125.74514212477,870,8460512
SLE,2024,Sierra Leone,8.97630009412854,4.23583929785081,9.48961863622453,67722872.2,75790793.3,153801665.5,31.1262398944279,2329744049.4,1314090731.4,1598806456.94848,1597734789.77824,1137.29005648131,806.654650274255,1096.93471145351,820,8642022
SLV,2010,El Salvador,16.6384485493774,16.6223921288022,22.1421208622625,835711526.8,807256.6,1113222783.4,64.1870275761026,11495710496.5,6838561802.3,5027624906.95867,4971117953.24486,3398.49346060363,3040.07300952878,3297.30827530595,2940,6068249
SLV,2011,El Salvador,16.9328278281363,16.9281767802136,22.1641311663657,1005584122.2,276286.1,1316615408.3,64.7282677643228,12729163388.5,7271621415.6,5940297855.203,5878555805.88227,3515.19664634846,3330.60049486653,3352.08401983844,3120,6090127
SLV,2012,El Salvador,13.9436713318575,13.9424550950487,19.1543997415953,862882541.6,75271.5,1185443813.1,66.0385885611869,13548206071,7884971834.6,6188885212.23516,6110251638.58143,3600.31912505518,3497.91256915509,3415.08098637471,3280,6113975
SLV,2013,El Salvador,12.6602201989684,12.6553254624641,17.4195673880003,836719501.6,323620.4,1151712122,67.2925042869877,14131937323.3,7867735679.5,6611600026.26342,6536788799.30548,3665.90044167854,3582.26694005169,3450.55668227698,3420,6138839
SLV,2014,El Salvador,12.9963211571731,12.9944703291785,19.264044887175,874872410.4,124609.8,1296981020.2,70.3861891341649,15173875769.4,8695997364.6,6732651568.22523,6620205985.33667,3713.94992016222,3666.01248913873,3477.8335065975,3480,6162955
SLV,2015,El Salvador,12.7826676085465,12.7810376165669,18.5797789323215,899602855.9,114728.2,1307751584.1,69.8285240399009,15604154313.2,8637802944.4,7038574510.83568,6914058467.91829,3790.34089108162,3790.34089108162,3613.77116136098,3520,6183676
SLV,2016,El Salvador,13.8464113844754,13.8436726064916,20.064853896716,969631503.1,191828.1,1405372331.2,72.2721022773975,16582870003.6,8726575051.1,7004149337.11535,6871196858.10316,3875.84691357954,3901.34014965811,3704.2915765892,3600,6200800
SLV,2017,El Salvador,13.2910843418594,13.2894326297535,51.6213408134885,981859566.4,122033,3813925599.4,72.8746784050405,17192280768.2,9501692611.9,7388273026.80877,7224712453.27385,3954.84014277572,4020.12671373919,3729.50414906431,3700,6213533
SLV,2018,El Salvador,13.1636500800845,13.160832343429,45.5326503618114,1025149505.4,219484.7,3546718990.1,67.9677797506065,16686606483.9,9467349089.4,7789397195.01736,7564979852.29191,4046.16291720583,4183.54620971358,3772.94725621484,3940,6219807
SLV,2019,El Salvador,22.4660907465102,22.4390075059543,67.7539094164093,1862511969.3,2247998.7,5623798968,68.0055117047585,17368634891.6,9826484381.4,8300331326.17728,8056709675.599,4143.11437097867,4320.11671534627,3915.70193216639,4130,6222318
SLV,2020,El Salvador,16.6718940668794,16.6232678530736,82.029396941837,1045327857,3057782.4,5158288639.4,78.5146265012445,18485326634.2,10797093474.2,6288341535.72711,6116846462.2705,3808.53195436409,3997.19279583709,3599.43138797274,3800,6234673
SLV,2021,El Salvador,13.0389235427169,12.9841461104863,67.8810486060587,1108912729,4678273.9,5797390002.9,74.3625867555421,20341989714.6,11560019700,8540513327.28316,8351390782.71141,4247.54750394978,4642.60743101342,3868.37604344038,4380,6255782
SLV,2022,El Salvador,17.1434429170826,17.0052919814187,32.1501336499012,1783843958.1,14491942.4,3372527900.5,70.8097768378782,21188282065.6,12144112507.9,10489934310.1498,10163921213.7818,4355.96037108555,5074.60050994225,3883.12330648022,4710,6280319
SLV,2023,El Salvador,18.3424471688324,17.1299235270846,83.0726247359188,1905936513.4,134909713.9,9197820227.3,72.0850222295654,22861743174.6,12650019980.4,11126357396.6718,10715612776.7288,4481.19664108356,5319.7195268688,3991.19548308895,4930,6309624
SLV,2024,El Salvador,27.7335668160436,25.8463368360187,96.1985835283834,3060370769.3,223460040.1,11577044809.4,75.3936981274716,24961880871.3,14129801093,11840636407.0716,11391665215.1483,4576.55846613444,5503.10317151907,4162.89567444516,5070,6338193
SMR,2010,San Marino,,,,,,,,,,,,49672.6753589594,56543.190562068,,,33270
SMR,2011,San Marino,,,,,,,,,,,,46450.0042070199,55601.4008139955,,,32620
SMR,2012,San Marino,,,,,,,,,,,,42082.5364542056,47945.8917557105,,,33469
SMR,2013,San Marino,,,,,,,,,,,,42293.4679807917,50807.8206340193,,,33041
SMR,2014,San Marino,,,,,,,,,,,,42492.831738275,51260.4804236805,,,32655
SMR,2015,San Marino,,,,,,,,,,,,43146.8035302005,43146.8035302005,,,32897
SMR,2016,San Marino,,,,,,,,,,,,43886.1965081114,44359.4574206971,,,33101
SMR,2017,San Marino,,,,,,,,,,2546681214.63383,2438644763.09054,43057.7582484571,45192.0530047599,,40010,33825
SMR,2018,San Marino,,,,,,,,,,2782286981.5178,2667823016.4361,42818.6755959614,47950.7076296808,,41800,34522
SMR,2019,San Marino,,,,,,,,,,2677241242.08927,2577744512.7216,43525.4039798176,46626.9998571568,,43770,34663
SMR,2020,San Marino,,,,,,,,,,2527765314.58095,2438526468.04735,40506.8341853183,44426.6259613672,,40570,34770
SMR,2021,San Marino,,,,,,,,,,3345221549.03604,3230389152.76725,46834.1172363873,54168.9744311193,,48190,34252
SMR,2022,San Marino,,,,,,,,,,3699527768.04583,3581751445.97281,51277.3242468583,54264.5837022908,,53950,33755
SMR,2023,San Marino,,,,,,,,,,3921506028.56691,3770526271.3527,51323.7741002928,59871.3288101478,,53910,33860
SMR,2024,San Marino,,,,,,,,,,,,,,,,33977
SOM,2010,"Somalia, Fed. Rep.",,,,0,228973.7,228973.7,110.242347630463,2934384056.4,1878881910.7,,,329.970504936872,219.202453852397,,290,12261756
SOM,2011,"Somalia, Fed. Rep.",,,,,78367,78367,102.033543095271,2940364939.5,1878598214.9,,,349.577449077711,235.325945610434,,250,12348830
SOM,2012,"Somalia, Fed. Rep.",,,,,220472.9,220472.9,67.3687213629642,2940422478.5,1870340509.2,,,369.617204753489,350.261946720512,,280,12461160
SOM,2013,"Somalia, Fed. Rep.",,,0.0719530835380835,0,585698.1,585698.1,58.417132359056,2938896763.1,1860267126.4,,,397.108796344814,393.398703952979,392.685614792134,340,12869594
SOM,2014,"Somalia, Fed. Rep.",,,0.00408789473684211,0,34951.5,34951.5,49.7936798453941,2837118511.5,1799261700.8,,,417.516796906402,429.431656725102,419.947653826838,410,13339491
SOM,2015,"Somalia, Fed. Rep.",,,0.003587502787068,0,32179.9,32179.9,45.2495379770867,2770590306.7,1758825813.2,,,445.583080073396,445.583080073396,443.465664696408,440,13806963
SOM,2016,"Somalia, Fed. Rep.",,,0.00413834351145038,0,54212.3,54212.3,41.6905357744833,2744666127.8,1743889509,,,458.92147682461,460.928490585175,461.191637061265,450,14348740
SOM,2017,"Somalia, Fed. Rep.",,,0.00349480846774194,0,34668.5,34668.5,37.4050831874032,2838649115.2,1785660135.5,,,506.501098879426,510.939952317726,513.744766203952,500,14916629
SOM,2018,"Somalia, Fed. Rep.",,,0.00535729148753224,0,62305.3,62305.3,67.7767660919484,5313257657.7,2050509722.3,,,498.981065013918,509.497273804534,504.547298030539,510,15452487
SOM,2019,"Somalia, Fed. Rep.",,,0.0542342990654206,0,638337.7,638337.7,62.3503074480711,5374181112.2,2049354387.5,,,494.444039712384,539.954816211694,500.700374216431,520,16030971
SOM,2020,"Somalia, Fed. Rep.",,,66.9037623716381,480864257.1,340044907.2,820909164.3,53.4531991684809,4591822809.5,2608537202.3,,,462.867053737278,518.16113333875,467.63243148932,500,16651191
SOM,2021,"Somalia, Fed. Rep.",,,1.09873257106759,16637916.8,755019.8,17392936.6,43.8741204568577,4142587646.4,2313140392.5,,,461.627830726021,549.056994756254,470.074423668775,540,17271431
SOM,2022,"Somalia, Fed. Rep.",,,1.07407103336921,15374061.4,4582178.4,19956239.8,40.3125376815559,4095256883.7,2311352699.3,,,460.046226685238,573.141165798229,467.240084172231,570,17801897
SOM,2023,"Somalia, Fed. Rep.",,,1.23042699939331,16017206.1,10571004.8,26588210.9,28.3163805466625,3093994159.7,2019304877.2,,,464.72106952561,596.885985135589,482.98400737818,600,18358615
SOM,2024,"Somalia, Fed. Rep.",,,0.656954967744848,5397376.3,10900651.6,16298027.9,14.918886594174,1799443760.8,663722400.9,,,467.269910194458,629.538899449007,492.161838026328,620,19009151
SRB,2010,Serbia,5.27676567489821,5.09972794143037,32.7089133639784,671481199.2,23310559.1,4306782758.3,77.138104941376,32907137502,9476829246.2,13167000414.7645,12594343925.5027,5690.70327182682,5970.92660940072,5397.49679263843,6500,7291436
SRB,2011,Serbia,5.11114049128954,4.91978539358865,32.118177739565,798014249.4,31038771.5,5209732020.9,64.1515087547296,31657124951.8,11272397121.8,16220509342.5407,15516886143.1996,5737.00120175811,7082.2861666075,5390.63064883871,6380,7236519
SRB,2012,Serbia,8.65714084421646,6.78152542609988,38.7669122239876,1056394907.8,292174761.9,6038931669.7,78.6508215754673,34361115814.7,13618148405.6,15577541060.8103,14724275241.423,5739.3075023532,6263.04086072815,5368.62013480026,6310,7201497
SRB,2013,Serbia,13.647579606955,9.09015493314596,43.6486051051389,1757083248,880928279.8,8437065527.8,73.3708700362815,35636906791.2,16624707287,19329519253.7703,18523003943.4443,5793.33614525565,7040.41812068781,5510.77305858039,6630,7166553
SRB,2014,Serbia,11.5214579304378,7.71429435041746,41.4011381886391,1545359316.6,762666738,8293647054.6,67.8319073531775,32106752435.5,16481466015.7,20032413159.2979,19180565658.6121,5716.54047153506,6886.67809068704,5484.10609475309,6450,7131787
SRB,2015,Serbia,8.70631238093695,7.8075163635998,22.9941488790563,1420900086.4,163573059.5,4184735145.9,76.6569667101022,30247124550.8,16262146152.8,18199130430.5748,17442839305.82,5820.3215576888,5820.3215576888,5561.04771168936,6210,7095383
SRB,2016,Serbia,8.2021523504168,8.11778043673598,29.4410630011294,1618161870.4,16818318.1,5868649188.5,69.7849323080997,27905718375.2,16209438346.2,19933550593.1796,19235496823.8707,6024.95754653784,5982.37030126471,5726.61087660502,5920,7058322
SRB,2017,Serbia,12.3169592663801,12.3154926257373,21.6268783700287,2771402800.8,330043.8,4866779844.6,71.731970143462,30930994202.3,16415820199.7,22503385654.328,21858742467.3402,6200.26118592152,6548.03653824187,5817.46562635151,5810,7020858
SRB,2018,Serbia,11.8959440861733,11.8936177309455,21.6807837007091,3047842678.5,596148.7,5555888827.2,61.8350318338554,31047957743.9,15082313427.2,25625867145.2836,24966953882.8816,6524.08029755191,7559.86165747394,6177.98535944234,6700,6982604
SRB,2019,Serbia,12.1843373912629,12.1615464038693,25.6451013385995,3260265011.8,6109803.5,6874933815.3,63.4151328334607,32398386691.1,15630747525,26807980692.0172,26127205134.0063,6870.75810896296,7755.632986437,6492.28402220977,7380,6945235
SRB,2020,Serbia,10.3156109383739,10.3081795368897,19.1446990872242,2695612823.7,1943328.7,5006383152.4,71.7394155616814,38918907143.4,19248371826.3,26150231610.2785,25499689164.1301,6850.96742168834,8098.70955668849,6725.04430112325,7790,6899126
SRB,2021,Serbia,6.91512231832152,6.91278422146496,17.1175617909791,2396543197.8,810577.9,5934363775.7,65.9213320272095,42008848728.4,21461328590.9,34668277224.081,34034821985.7622,7465.67601077148,9680.52798074468,7269.07025994887,8890,6834326
SRB,2022,Serbia,4.73398631666386,4.68755064402355,15.0028349988691,1907376440.7,18894794.9,6104692235.6,70.4741891397955,44850264265.7,22225113853.6,40690257781.6804,39904670971.595,7862.95387364846,10024.8191112596,7416.68869261072,9790,6664449
SRB,2023,Serbia,5.49229213934907,5.26976302543337,12.0354511131579,2397195051.8,101227643.1,5474880694.9,65.1823892579672,50259125533.2,26388288221.7,45489617658.9053,44352156428.6748,8208.4786891507,12281.707946167,7944.49835091846,10750,6623183
SRB,2024,Serbia,8.87092827448744,8.63244219022203,20.9665816770936,4262461379.8,117757837.4,10326404217.2,62.2479849600107,51983619466.8,27971257267.7,49377236312.4319,47870797876.7008,8580.26105823259,13677.7794863909,8336.05948088457,11610,6586476
SSD,2010,South Sudan,,,,,,,,,,,,2295.07026096006,1498.27034985194,,,9745953
SSD,2011,South Sudan,,,,,,,,,,,,2073.23981819145,1448.98435006408,1218.72298856956,770,10288109
SSD,2012,South Sudan,,,,,,,,,,,,1069.19619080938,1109.26050083408,1281.87100566071,800,10756240
SSD,2013,South Sudan,,,,,,,,,,,,1165.16202707495,1650.18943353528,847.342493781582,1080,11166275
SSD,2014,South Sudan,,,,,,,,,,3789118221.52178,3786902659.05178,1197.09491969479,1242.73450181032,1118.63419058192,1170,11235073
SSD,2015,South Sudan,,,,,,,,,,2534790000,2519330000,1080.14718624765,1080.14718624765,947.354920101336,1050,11107561
SSD,2016,South Sudan,,,,,,,,,,1664022400,1646810000,,,,,10830102
SSD,2017,South Sudan,,,,,,,,,,2621202000,2374922000,,,,,10259154
SSD,2018,South Sudan,,,,,,,,,,3180630000,3094570000,,,,,10122977
SSD,2019,South Sudan,,,,,,,,,,3721810000,3641120000,,,,,10423384
SSD,2020,South Sudan,,,,,,,,,,2430940000,2344430000,,,,,10698467
SSD,2021,South Sudan,,,,,,,,,,4786960000,4651960000,,,,,10865780
SSD,2022,South Sudan,,,,,,,,,,6078303000,5811003000,,,,,11021177
SSD,2023,South Sudan,,,,,,,,,,4664033000,4498973000,,,,,11483374
SSD,2024,South Sudan,,,,,,,,,,,,,,,,11943408
STP,2010,Sao Tome and Principe,5.68621880984884,5.55275418013068,6.30050888456675,1455327.8,34979.9,1651307.7,93.7169816477426,177736250.8,142303682.8,26209116.2833675,24314396.6100127,1216.3502521663,1045.20958234528,1121.48840277874,1090,181802
STP,2011,Sao Tome and Principe,4.65801823253693,4.61965877598531,5.3372925990905,1441785.1,11971.9,1665757,95.7217902401045,216360036.7,175229647.6,31209774.7888855,29342883.7942205,1214.96130276731,1219.80189089671,1153.58139889511,1140,185649
STP,2012,Sao Tome and Principe,33.3355394903383,33.3259346412139,33.671249816615,11316770,3261.6,11434031.6,84.6264382872933,193339402.3,163411588.8,33957847.3097185,32936904.2749905,1225.6945255615,1210.7926479817,1152.11094931897,1170,189439
STP,2013,Sao Tome and Principe,10.7311569582893,9.59714112048565,10.8725996240293,5224589.5,617347.1,5918936.6,76.366141111182,206271695.9,177550394.6,54439019.228839,49073366.2069314,1263.70423995281,1382.5757842916,1212.14990325065,1330,193148
STP,2014,Sao Tome and Principe,13.8032401604482,12.7077700688162,13.8654887348913,12657024.7,1091095.6,13810120.3,68.4888000658699,206321644.6,181218847.6,99600674.4807198,87098062.2278995,1301.32146445028,1489.67633417608,1321.7065864026,1440,196767
STP,2015,Sao Tome and Principe,2.82991190964084,1.80925459412984,2.85673924207095,1753458.7,989181.1,2768639.8,89.0041060347429,234344644.5,212993376.2,96916083.8772568,89983828.0470317,1298.10946596396,1298.10946596396,1314.56951179074,1400,200291
STP,2016,Sao Tome and Principe,2.50574820395189,1.72586324809306,2.55436559298371,1774944.4,802063.8,2627008.2,81.6349841295116,240916227.4,218291971.5,102843861.004698,96563792.7654083,1342.533807689,1434.87018050521,1443.91862098102,1420,203689
STP,2017,Sao Tome and Principe,4.03790414750356,3.44390972516704,4.05794957432791,3264299.9,563015.9,3846315.8,84.7322641724861,272509888.6,248731792.6,94784711.577818,92153927.4271183,1375.59403284199,1555.79477812888,1445.58373540649,1440,206970
STP,2018,Sao Tome and Principe,4.61752339622823,4.05115760987758,4.72743808968521,3980587.2,556499.8,4645087,66.305224714666,255625527.5,229548728.7,98258018.653594,98232686.4349107,1413.84348618541,1825.59971753966,1467.43594571718,1660,210187
STP,2019,Sao Tome and Principe,11.5503574467594,10.8145806313659,11.6966692104798,8204524.5,558200,8873724.5,66.7996943664537,275561663.6,236649152.3,75865396.7237912,72593875.0164174,1420.66008316091,1935.2931816596,1481.22792522848,1810,213392
STP,2020,Sao Tome and Principe,4.87026491330578,3.91818631986904,4.97430573039161,2184285.1,530758.6,2773043.7,65.7252583186697,312857068.7,252585491,55747351.4958576,49337067.4742926,1430.84119299096,2167.22001796925,1509.61231525959,2030,217435
STP,2021,Sao Tome and Principe,3.87122483757608,3.13665293309912,3.88585309864411,2573090.2,602591.3,3187681.5,62.1259590970738,327486146.2,245567087.4,82032990.4162429,75256483.0643503,1428.28676097975,2362.58827248102,1516.30204396785,2220,221961
STP,2022,Sao Tome and Principe,6.29175165402974,5.46804130072841,7.19702079752916,6947079.4,1046513.9,7997593.3,52.0339662799472,286876907.1,218250485.2,127048773.371089,94072450.5542477,1403.23356704678,2389.73729784737,1905.54662759141,2820,226305
STP,2023,Sao Tome and Principe,5.47971664887477,3.69417578795233,5.07514487870101,4302943.9,2079782.5,6459726.4,46.4432911879943,318480674.3,248770635.9,116479132.206784,100075181.851682,1380.60169416257,2990.6606143535,1705.28131055225,2810,230871
STP,2024,Sao Tome and Principe,3.86512394256072,2.28986199674276,3.46661642028318,3049088.5,2097555.7,5221644.2,42.7472134373302,326406625.8,254540060.2,133155993.869378,117575830.888216,1373.27082138436,3502.6176807171,1602.54771006516,2910,235536
SUR,2010,Suriname,,,,,,,,,,2351597840.32374,2325497840.32374,8603.90786745855,7943.60482816915,,7330,549923
SUR,2011,Suriname,,,,,,,,,,2863817997.68048,2847654989.6365,9003.28597674886,7949.88867218383,,7620,556269
SUR,2012,Suriname,,,,,,,,,,2898933437.11544,2871828916.18094,9140.92898611536,8851.24050668908,,8220,562633
SUR,2013,Suriname,,,,,,,,,,2616005808.73953,2588885192.72456,9303.46008775809,9043.19281529222,,8610,569020
SUR,2014,Suriname,,,,,,,,,,2373187131.10342,2351540508.56621,9224.24378410547,9108.18905406764,,8900,575373
SUR,2015,Suriname,2.82198089307821,2.81866695862497,18.3410549484444,52361134,61561.5,340713695.5,50.118614456154,2562547848.2,822433070.1,1857655933.41128,1843140760.32132,8813.61705392067,8813.61705392067,8790.57387456723,8550,581627
SUR,2016,Suriname,9.1033489156043,9.07498348365424,34.350951790974,147648004.8,461499.4,558882504.2,94.0048924623215,2962151764.6,1528967649.1,1626978220.57684,1606330375.51584,8293.31553031406,5644.2061057532,,6660,587757
SUR,2017,Suriname,6.18138543932297,6.09808621955812,16.5196069510501,132380728.4,1808306.9,358617035.3,97.8194437840169,3127952233.4,1684169615,2170856948.12614,2143368510.5159,8338.69235401862,6049.52128553675,,5700,593713
SUR,2018,Suriname,8.03754041753255,7.91765216852834,22.0590928518543,179833904.5,2723025.9,501028930.4,98.1010259179764,3540170610.4,1717227088.5,2271303420.15802,2235837595.90414,8666.64870697797,6665.74180472239,,5730,599513
SUR,2019,Suriname,8.89555418274597,7.90604012853759,23.6926847899376,182459237.9,22836461.4,546790699.3,108.97590105528,3927535691.1,1987279205,2307846088.9845,2286750029.46646,8677.30522021731,6629.66775248603,,6000,605768
SUR,2020,Suriname,5.75820036854298,4.07532002479112,18.6726844059855,100010739.6,41298869,458238608.6,158.856512570807,3885801062.2,2058924445.1,2454058552.25139,2446394181.71005,7213.10766669943,4755.39221710693,,4710,612317
SUR,2021,Suriname,4.84205443070844,3.93469250171096,17.0569450163523,90741296.5,20925446.6,393364743.1,152.48097804211,4139436483.4,2030753188.9,2306185209.1502,2299458236.72327,6973.89941868115,5029.84838543953,,4490,617896
SUR,2022,Suriname,3.61742150015229,3.41580277606425,14.714590348921,89216443.7,5266025.8,384326469.5,120.403535980358,4194863046.5,2208749595,2611873388.15846,2599618275.45936,7081.33357325783,6084.43876736445,,5040,623164
SUR,2023,Suriname,6.46842427568747,5.81402923504565,25.0550344798659,150004912.4,16883725,646432637.4,129.106954223841,4047562766.7,2402986026.8,2580050879.27327,2533133085.93283,7186.47308144145,5521.97602122638,,5210,628886
SUR,2024,Suriname,,,,,,,,,,2866285830.28011,2793514677.32487,7246.25768221495,6961.78956060258,,5690,634431
SVK,2010,Slovak Republic,,,,,,,,,,71693961831.0596,68029391421.0355,14596.1477776887,16899.448680529,14740.9505357072,17370,5391428
SVK,2011,Slovak Republic,,,,,,,,,,87874540552.8216,83342243679.4948,14950.8735178599,18469.4354316836,14728.3979093391,17560,5398384
SVK,2012,Slovak Republic,,,,,,,,,,89327110600.0728,85052450826.1747,15159.6570420004,17516.9691054078,15032.1396920624,17830,5407579
SVK,2013,Slovak Republic,,,,,,,,,,96009647794.3373,91647325876.3334,15249.8824513785,18312.7805149823,15180.670731794,18280,5413393
SVK,2014,Slovak Republic,,,,,,,,,,96035456799.2513,91180965787.2384,15647.6491763517,18770.9289896545,15507.8312373623,18380,5418649
SVK,2015,Slovak Republic,,,,,,,,,,83321980000.7545,79605922699.5946,16442.0760860018,16442.0760860018,16035.546612015,17800,5423801
SVK,2016,Slovak Republic,,,,,,,,,,87066032847.1007,83298863148.0963,16740.7413996428,16636.0769133073,16235.1353353902,16900,5430798
SVK,2017,Slovak Republic,,,,,,,,,,94410180026.1864,90232287208.1155,17195.2888721963,17645.5298716761,16730.2993412642,16710,5439232
SVK,2018,Slovak Republic,,,,,,,,,,106030792662.533,101107635760.046,17869.0149173679,19573.3717031314,17326.6022280805,18460,5446771
SVK,2019,Slovak Republic,,,,,,,,,,101708576380.803,97181082313.2985,18250.9802475637,19406.0589683582,17511.1655777002,19230,5454147
SVK,2020,Slovak Republic,,,,,,,,,,95370612856.6587,90973845799.5146,17763.8563847352,19735.4858280801,17244.162360718,19420,5458827
SVK,2021,Slovak Republic,,,,,,,,,,113756991485.512,109237447958.733,18808.4540496595,22123.3342114545,17755.6673100631,21010,5447247
SVK,2022,Slovak Republic,,,,,,,,,,118828102081.36,114519404368.502,18964.8298400624,21317.7943982363,17201.6543249239,21890,5431752
SVK,2023,Slovak Republic,,,,,,,,,,126873900776.551,122040343825.041,19383.3732009401,24614.8734642794,17468.2455249697,22710,5426740
SVK,2024,Slovak Republic,,,,,,,,,,125654878395.991,120235863144.023,19776.1758069498,25992.6748502048,17968.0012014241,23560,5422069
SVN,2010,Slovenia,,,,,,,,,,31729638327.5194,30926592656.921,20444.1201295876,23329.8417691156,20051.9870400499,24370,2048583
SVN,2011,Slovenia,,,,,,,,,,37516646589.657,36230754267.3325,20535.4155754108,24940.6284841605,19939.4475524921,24340,2052843
SVN,2012,Slovenia,,,,,,,,,,34742592723.0486,33921785017.6581,19894.8697964548,22442.1417859955,19148.3526113498,23010,2057159
SVN,2013,Slovenia,,,,,,,,,,36622053600.0888,35884584441.2486,19704.2186005128,23236.9655321695,19101.1646196837,23040,2059953
SVN,2014,Slovenia,,,,,,,,,,39076565446.1621,37932367184.4472,20228.7081986391,24013.0682060959,19837.4619647378,23400,2061980
SVN,2015,Slovenia,,,,,,,,,,34308415809.5201,33168741999.4652,20697.2748530619,20697.2748530619,20070.2683470906,22080,2063531
SVN,2016,Slovenia,,,,,,,,,,36107199772.5621,34750941711.9531,21309.7122138949,21447.8377796036,20908.0147184913,21610,2065042
SVN,2017,Slovenia,,,,,,,,,,41985469327.6469,40471833970.7608,22397.7634988337,23303.077705959,22080.4530781447,22040,2066388
SVN,2018,Slovenia,,,,,,,,,,47787363205.331,45946656756.5224,23293.966665323,25888.0481065655,23036.2222852118,24510,2073894
SVN,2019,Slovenia,,,,,,,,,,47376171728.2448,45517504247.3338,23943.1800949889,25814.1687167572,23714.7021739914,25900,2088385
SVN,2020,Slovenia,,,,,,,,,,43725184493.5532,41856059806.7983,22811.8050540778,25392.0651093612,22898.4361503762,25380,2102419
SVN,2021,Slovenia,,,,,,,,,,54128497891.1714,51662387509.7203,24665.4410464026,29192.8401933019,24185.8745987068,28320,2108079
SVN,2022,Slovenia,,,,,,,,,,58782904723.6928,56510488723.9995,25275.715967757,28360.3041467268,23970.5361804537,29590,2112076
SVN,2023,Slovenia,,,,,,,,,,60944848967.8406,57660363837.3795,25773.9015835069,32660.4753581346,25240.3403757099,31020,2120461
SVN,2024,Slovenia,,,,,,,,,,62764015780.7858,59154934469.2108,26134.627203987,34301.0318686594,25828.6482178532,31790,2127400
SWE,2010,Sweden,,,,,,,,,,280581829739.935,220276557566.513,48205.5492512742,52542.5759090299,49677.4266108253,54380,9378126
SWE,2011,Sweden,,,,,,,,,,327039221713.439,261941660303.883,49356.5905257047,60379.4814599322,50308.0502305345,56450,9449213
SWE,2012,Sweden,,,,,,,,,,311390682500.752,249176852687.115,48789.7906883637,57749.5615420853,49670.4957155152,58840,9519374
SWE,2013,Sweden,,,,,,,,,,317082840730.68,254939187624.125,48928.4994141291,60843.9888799369,49749.8968446105,61530,9600379
SWE,2014,Sweden,,,,,,,,,,320540398902.925,256382197936.939,49557.6183647959,59583.4584491714,50383.7162479534,61350,9696110
SWE,2015,Sweden,,,,,,,,,,271456888633.931,224991174310.586,51188.1652120493,51188.1652120493,51553.1056922306,57900,9799186
SWE,2016,Sweden,,,,,,,,,,270803311736.376,226366216610.021,51626.3235312369,51703.5088332851,51846.0417478574,53850,9923085
SWE,2017,Sweden,,,,,,,,,,289935803238.428,240464387757.419,51894.3748177808,53210.2233318965,52582.9635188836,52240,10057698
SWE,2018,Sweden,,,,,,,,,,316052549020.768,257031045321.658,52203.0872589761,54018.4554391861,52876.9465882941,54930,10175214
SWE,2019,Sweden,,,,,,,,,,319991513274.138,261036845883.061,53024.4099494317,51648.9892820514,54363.9660158488,56100,10278887
SWE,2020,Sweden,,,,,,,,,,299785964776.258,245235276716.325,51624.5811789573,52568.5726980146,53272.1840391671,54590,10353442
SWE,2021,Sweden,,,,,,,,,,377312670874.181,304134172508.476,53997.1337068799,60647.5416365347,55959.5313046117,59840,10415811
SWE,2022,Sweden,,,,,,,,,,392520429654.684,317246238683.467,54304.1877501033,54836.8907235124,55946.6135599914,61930,10486941
SWE,2023,Sweden,,,,,,,,,,415183172692.913,324602880047.511,53937.7967122429,54950.2834725622,55635.8145525751,60540,10536632
SWE,2024,Sweden,,,,,,,,,,434475719908.195,336324173204.753,54316.2619329718,57222.7100565003,56137.369091911,58510,10569709
SWZ,2010,Eswatini,2.26408769591172,2.25362987159898,2.38261921250843,51277836.8,237951.5,54212788.3,24.1391712883702,1016890185.2,431830907.8,2275344210.0773,2062825042.0674,3069.52175725884,3922.74039390733,,3260,1111650
SWZ,2011,Eswatini,2.7212684558378,2.71670269686106,2.8329462131164,48457919.5,81439.6,50531359.1,22.9488599336301,1039157895.1,384717520.7,1783703441.52819,1676679458.10353,3108.70225253092,4225.06049411911,,3620,1117833
SWZ,2012,Eswatini,2.37945666010425,2.37829979706817,3.12323812307927,45613460.8,22187.5,59900648.3,18.8962580139771,863790140.3,346366462.6,1917902059.96022,1786829765.2051,3218.50138205493,4224.54789174487,,4010,1123863
SWZ,2013,Eswatini,1.79916461094713,1.794561232882,5.49389473353734,37187287.6,95392.2,113845679.8,17.6734334793297,754187660.4,310513106.7,2072221717.40992,1849915820.46491,3332.11983927912,3949.94310039907,3165.50824925077,4120,1129990
SWZ,2014,Eswatini,1.59634386114993,1.59463998932658,10.5823251831425,34133103.9,36471.2,226513575.1,13.108811523473,537314978.9,299180455.5,2140489648.35095,1938091784.79657,3381.79292071291,3771.07228381938,3161.51602761355,3890,1136299
SWZ,2015,Eswatini,1.69602106339755,1.69434139957564,4.81274560599096,33872426.8,33579,96214005.8,11.9994441455595,449950527.3,297202156.4,1999150041.92683,1743678940.01885,3419.82276559528,3419.82276559528,3280.23717337687,3540,1142813
SWZ,2016,Eswatini,2.17147160450946,2.16835466156686,2.22140403245757,39647737.7,56992.4,40617730.1,21.7512062655663,765430841,366660645.8,1828471070.84181,1695049828.06576,3500.17688847942,3238.17611961364,3314.75170812547,3270,1149507
SWZ,2017,Eswatini,2.18094008644351,2.17922181189138,6.22371196210371,45727429.4,36055.2,130594484.6,20.9427406874014,873013004.1,427804976.5,2098337541.89127,1914980625.92333,3596.23605400492,3853.09956569679,3297.55564322892,3290,1158195
SWZ,2018,Eswatini,2.30619304034504,2.30300629795777,2.73476193183482,47073727.4,65137.4,55898864.8,17.7234455671085,766436157.3,498735389.5,2044012100.25971,1899341355.88341,3565.54285067501,3972.65450620357,3183.36707022121,3460,1168929
SWZ,2019,Eswatini,2.47981219178626,2.44927477273297,2.50808382798293,53193055.4,663208,54470263.4,20.1691133934728,834013682.1,540289908.9,2171787991.78362,2047508514.21664,3759.67106964666,3913.14577547336,3270.85140136891,3680,1179874
SWZ,2020,Eswatini,3.11203907494807,3.09403382887722,5.39482720250527,59128231.9,344087.5,103097319.4,25.6454974655845,957579428.8,584598991.3,1911040252.6354,1807821427.19826,3609.3669136859,3466.56936278145,3188.23398481959,3430,1192729
SWZ,2021,Eswatini,2.88782851817345,2.830678337634,2.90909085545608,63503534.4,1282109.1,65262643.5,26.6554744640975,1179021627.2,620215481.3,2243403411.67407,2131827550.75108,3719.03838239806,3984.00229174306,3162.68644371052,3620,1206593
SWZ,2022,Eswatini,2.58553849962023,2.40455207161836,3.83077973096701,53446023.6,4022788.7,85146812.3,28.5949516963393,1247997284.2,757824634.7,2222701859.14621,2094735549.14524,3695.64957179548,3894.1620089869,3136.54310480273,3650,1218917
SWZ,2023,Eswatini,4.29790291846818,3.24675006055412,7.85722124026929,74726104.5,24192979.7,180858084.2,28.5901780121957,1228148249.5,773338232.4,2301566277.24053,2174199441.59705,3790.16576788091,3755.52111232464,3333.50490274555,3750,1230506
SWZ,2024,Eswatini,5.79753134802742,3.4920497000548,7.67187532890614,94484836.7,62379712.7,207103549.4,27.7538826674716,1238600512.2,866919775.3,2705712828.15698,2560383374.85453,3866.37127926695,3909.55892378182,3161.71240226193,3440,1242822
SXM,2010,Sint Maarten (Dutch part),,,,,,,,,,,,38403.0705201664,26403.8143692163,,,33794
SXM,2011,Sint Maarten (Dutch part),,,,,,,,,,1058548044.69274,1026631284.9162,39615.1371367338,27317.5178881974,,26550,34267
SXM,2012,Sint Maarten (Dutch part),,,,,,,,,,1211522905.02793,1170134078.21229,39298.9873567827,28149.0997855041,,26910,35023
SXM,2013,Sint Maarten (Dutch part),,,,,,,,,,1286172625.69833,1227022346.36872,38889.7715088035,28529.7324687053,,27400,35854
SXM,2014,Sint Maarten (Dutch part),,,,,,,,,,1300458100.55866,1247502793.29609,38623.1999405819,37134.912423099,,29620,36672
SXM,2015,Sint Maarten (Dutch part),,,,,,,,,,1277765363.12849,1215687150.83799,37839.6283815163,37839.6283815163,36729.5811181504,31890,37471
SXM,2016,Sint Maarten (Dutch part),,,,,,,,,,1236810055.86592,1164083798.88268,37428.7027557069,37308.6147795736,,35260,38249
SXM,2017,Sint Maarten (Dutch part),,,,,,,,,,990800668.497206,962082537.776536,33945.4185182499,34701.3058494468,,32950,38996
SXM,2018,Sint Maarten (Dutch part),,,,,,,,,,827635964.726256,801576504.787709,31047.7241050626,31708.3110124742,,31140,39712
SXM,2019,Sint Maarten (Dutch part),,,,,,,,,,1110706437.73184,1090733591.7486,33877.976645467,34861.469528968,,34060,40385
SXM,2020,Sint Maarten (Dutch part),,,,,,,,,,542210265.854749,527044089.921788,28920.3773007159,30150.8998380477,,29440,41008
SXM,2021,Sint Maarten (Dutch part),,,,,,,,,,803099321.620111,790938337.530726,29834.6350068383,32548.4366854902,,31430,41571
SXM,2022,Sint Maarten (Dutch part),,,,,,,,,,1390227569.55308,1374843379.18436,33523.6042042737,37793.1283815826,,36960,42139
SXM,2023,Sint Maarten (Dutch part),,,,,,,,,,1521902602.46928,1503951660.23464,34300.9630414348,39451.822911732,,38260,42749
SXM,2024,Sint Maarten (Dutch part),,,,,,,,,,,,34840.1808133458,41472.5870367865,,38950,43350
SYC,2010,Seychelles,,,,,,,,,,850321188.5314,840748158.680699,12313.5566919249,10934.79494629,11626.8054274451,10160,89770
SYC,2011,Seychelles,,,,,,,,,,952429512.25538,942455665.898087,13843.7116081878,12110.0937461973,12868.9486410086,11150,87441
SYC,2012,Seychelles,,,,,,,,,,1353186604.61923,1232788166.62486,14135.0010570653,12337.1554669388,14078.9293760234,12540,88303
SYC,2013,Seychelles,,,,,,,,,,1491047536.37259,1455916464.96076,14050.3135581314,14821.2921476077,13167.8208237094,12350,89949
SYC,2014,Seychelles,,,,,,,,,,1385889400.19,1373240825.68427,14395.6158118771,15188.1902175113,13476.6439113124,13340,91359
SYC,2015,Seychelles,,,,,,,,,,1314468479.93307,1297074704.91759,15333.1051727105,15333.1051727105,14442.3394931615,14750,93419
SYC,2016,Seychelles,,,,,,,,,,1671934017.72703,1598353363.49388,16962.6753972731,16566.9946042294,15810.7936441656,15630,94677
SYC,2017,Seychelles,,,,,,,,,,1936742141.82466,1864536078.1366,17921.5731976918,17480.3651911372,16715.2408341942,16180,95843
SYC,2018,Seychelles,,,,,,,,,,2159763546.98629,2145360941.69514,18628.1862276696,18440.2340460932,17706.903600436,17620,96762
SYC,2019,Seychelles,,,,,,,,,,2100888186.82239,2084655873.75074,19481.6461053742,19141.5118743615,18671.6017457371,18700,97625
SYC,2020,Seychelles,,,,,,,,,,1251488490.39408,1239725606.8059,17048.361729788,14041.4754074575,16384.6717655629,15400,98462
SYC,2021,Seychelles,,,,,,,,,,1759174249.86844,1751161614.0262,17005.0422063679,14982.9111487767,16204.9539310086,14890,99258
SYC,2022,Seychelles,,,,,,,,,,2266777144.53315,2247109385.23092,15471.2109575418,16682.6990711785,15617.6432242774,14390,119878
SYC,2023,Seychelles,,,,,,,,,,2451876937.61181,2401421543.21743,16286.8557867673,18130.5297135548,16471.1540094905,16340,119773
SYC,2024,Seychelles,,,,,,,,,,2386833992.49249,2308528744.53524,16612.6374865452,18364.5259678223,,17700,121354
SYR,2010,Syrian Arab Republic,3.11939822388479,3.11249092642828,3.14853680210342,619964955.1,1375837.7,627144792.8,9.1913069653018,5276579226.5,4284407470.4,19918610841.1065,19605790972.8673,1526.36518590261,2730.61487784917,,2480,22482421
SYR,2011,Syrian Arab Republic,,,,618814603.7,470884.8,624542488.5,7.90836038522254,4980444783.4,4005638608.3,,,1542.71903961106,2952.14372909443,,2600,22878098
SYR,2012,Syrian Arab Republic,,,,,128288,765288,11.4414279165918,4748208496.5,3955480469.3,,,1142.29215064994,1897.66115018696,,1980,22759763
SYR,2013,Syrian Arab Republic,,,,,551558.3,887558.3,23.3162725196197,4765860589.2,3906412593,,,884.328816905262,985.892669221634,,1270,21666917
SYR,2014,Syrian Arab Republic,,,,,212748.5,212748.5,22.2854134120769,4608449443,3671617520.3,,,847.658909813856,1060.59105887433,,1070,20273659
SYR,2015,Syrian Arab Republic,,,,0,195877.4,570877.4,27.8870431007947,4419183536.1,3528277984.4,,,847.731545352582,847.731545352582,815.805914190728,900,19424618
SYR,2016,Syrian Arab Republic,,,,47588.2,328053.8,379642,36.0051389653551,4367932030.6,3497197361.4,,,802.968607901263,656.349017520952,,750,19193834
SYR,2017,Syrian Arab Republic,,,,316324.5,206624,522948.5,29.1823293373398,4603897926.4,3653664156.6,,,795.881817153216,851.501972646386,,720,19224668
SYR,2018,Syrian Arab Republic,,,,19776490,373831.9,20188321.9,22.1336673786985,4583582193.9,3647090821.1,,,792.412864720441,1098.06667935023,,810,19577845
SYR,2019,Syrian Arab Republic,,,,661701.4,3832789.4,4508490.8,21.1296434834058,4590239653.7,3634865796.6,,,771.517948289192,1109.53933821464,,970,20353534
SYR,2020,Syrian Arab Republic,,,,2351.5,1218933.8,1251285.3,41.2551368690377,4763247277.8,3751183313.2,,,753.135305709477,593.911771822527,,820,21049429
SYR,2021,Syrian Arab Republic,,,,0,424520.6,430520.6,36.3553681697964,5028598331.8,3632210267.2,,,746.077458768389,688.566109726934,,730,21628839
SYR,2022,Syrian Arab Republic,,,,0,9874969.3,10342969.3,21.3077701970395,4862033265.3,3497976516.6,,,716.943843933856,1056.78264718197,,720,22462173
SYR,2023,Syrian Arab Republic,,,,0,28596675.8,28676675.8,25.331886032781,4875542720.1,3501530080.5,,,,,,,23594623
SYR,2024,Syrian Arab Republic,,,,0,28643583,28706583,,4756737935.6,3409607147.6,,,,,,,24672760
TCA,2010,Turks and Caicos Islands,,,,,,,,,,,,29111.8729223189,23093.8498268267,,,29739
TCA,2011,Turks and Caicos Islands,,,,,,,,,,,,29363.9475927366,27327.4006354146,,,30846
TCA,2012,Turks and Caicos Islands,,,,,,,,,,,,27441.3335987017,25923.6156503875,,,32127
TCA,2013,Turks and Caicos Islands,,,,,,,,,,,,26477.5410719582,25653.819867471,,,33653
TCA,2014,Turks and Caicos Islands,,,,,,,,,,628639629,620828845,27636.8210228067,27292.5820256776,,25350,35050
TCA,2015,Turks and Caicos Islands,,,,,,,,,,662373031.664429,654562247.664429,29457.0140691162,29457.0140691162,27735.9377134271,26940,36605
TCA,2016,Turks and Caicos Islands,,,,,,,,,,747401629.180792,741172729.180792,30183.0002949881,31373.5612684327,,28810,38315
TCA,2017,Turks and Caicos Islands,,,,,,,,,,613870642.128048,602581142.128048,50586.1032335151,30014.2309523213,,41130,39913
TCA,2018,Turks and Caicos Islands,,,,,,,,,,845122100.744874,826823788.634874,51863.1830309332,31625.616593277,,36690,41559
TCA,2019,Turks and Caicos Islands,,,,,,,,,,,,52419.8862128617,31780.5217068989,,31510,43166
TCA,2020,Turks and Caicos Islands,,,,,,,,,,,,33739.4253991739,20690.9160546118,,20840,44386
TCA,2021,Turks and Caicos Islands,,,,,,,,,,,,42907.7492465912,27329.2885087196,,27480,45243
TCA,2022,Turks and Caicos Islands,,,,,,,,,,,,48307.3079245499,31280.5418020808,,31590,45847
TCA,2023,Turks and Caicos Islands,,,,,,,,,,,,54523.0330927151,35470.2151608295,,36060,46198
TCA,2024,Turks and Caicos Islands,,,,,,,,,,,,57179.29601876,37506.7798431288,,36760,46535
TCD,2010,Chad,,,1.90767220626211,61736120.2,11406607.6,73142727.8,15.745364867055,2157556371.3,2048863785.3,,,956.953018707396,1141.80069268412,1013.59205859506,1150,12312575
TCD,2011,Chad,,,1.91116158712157,74701759.6,8100424.5,82802184.1,14.2424469659618,2331370125.4,2221930270.6,,,965.286963559567,1308.1421872538,1032.92223401556,1190,12754997
TCD,2012,Chad,,,1.60235847136486,79500238.8,4129626.4,83629865.2,13.3384401878252,2346572489,2252372657,,,1016.42152061942,1354.34344701937,1102.00354420396,1310,13210998
TCD,2013,Chad,,,3.09802277700977,116708538.8,2962984.8,119671523.6,16.8493737025949,2910578276.1,2819115657,,,1008.61711428961,1304.88742971475,1055.31785997275,1310,13691079
TCD,2014,Chad,,,15.3935170302707,587973104.4,1317520.8,589290625.2,21.2331866901316,3724337229.9,3622118635.2,,,993.321157706456,1278.78981422494,1002.46100301408,1260,14188678
TCD,2015,Chad,,,2.38299378038559,100181581.5,12508174.2,112689755.7,19.6704195343239,2798645241.3,2661372541.7,,,993.990730610869,993.990730610869,971.330740432105,1130,14647621
TCD,2016,Chad,,,6.81076052002988,161381858.2,62552.6,161444410.8,22.25738421255,2857894668.9,2648219501,,,923.565872051196,861.831767630746,867.15343895336,940,15114655
TCD,2017,Chad,,,5.76694621730093,166132907.3,40215.4,166173122.7,23.6912132934158,3131541325.8,2849541156.7,,,879.075895464417,854.46120040098,840.370319694657,830,15622759
TCD,2018,Chad,,,5.68293597311804,176305058.4,72217.5,176377275.9,20.9606490268413,3178231952.9,2752417925.3,,,898.834794005046,948.656629871231,892.005040433269,890,16156531
TCD,2019,Chad,,,3.4127397840742,132071082.3,736437.2,132807519.5,21.8161632484966,3213862269.3,2717537345.4,,,917.203710060136,893.336441643325,893.882472858447,930,16685223
TCD,2020,Chad,,,6.37907456113709,187060592.6,3015990.4,190076583,23.5977258926379,3487524895.9,2780942132.6,,,884.980541934939,866.947814890409,822.196549067465,890,17224679
TCD,2021,Chad,,,8.15155752886269,320134278.1,11715628.9,331849907,21.469664495408,3584972747.9,2641214838,,,857.52763057976,946.358500208374,862.516638815996,890,17828273
TCD,2022,Chad,,,7.62876857476669,395478155.2,26070507.8,421548663,18.530654048138,3269658175.5,2243920192.4,,,862.602128172536,966.036468278568,897.080772924695,920,18455316
TCD,2023,Chad,,,8.45544809695257,397877071.2,49179718.8,447056790,16.8741433812547,3191737796.4,2197569526.6,,,856.985507283698,949.991054236266,821.449727579139,910,19319064
TCD,2024,Chad,,,,292977675.5,72941834.6,365919510.1,16.4018679739397,3348359914.3,2443737367,,,855.999353179333,980.668312111718,835.594372507465,930,20299123
TGO,2010,Togo,2.64435995669525,2.61922579023129,2.66583151846662,36595742.1,351173.8,37246915.9,27.3267687487826,1290615124.8,1010287102.9,1397196921.18519,1297644432.88692,686.014185396121,750.323421086121,674.418457018051,790,6325788
TGO,2011,Togo,0.762667401402606,0.756969098037504,0.774820722928598,15758093.9,118623.6,16129717.5,11.2522214691311,636458643,376466862.8,2081735428.9434,1689771845.56275,706.442158827353,834.14671980279,730.862481624501,850,6500582
TGO,2012,Togo,1.19144741749876,1.18983534383332,1.22636464806765,23853115.7,32317.9,24585433.6,14.0277478412149,760236668.9,456202448,2004740893.23585,1750942261.74239,733.683602929868,813.611525037432,728.764922899801,840,6653718
TGO,2013,Togo,2.25456982585917,2.17202924422319,2.30968413166305,50365387.6,1913965.2,53557352.8,15.4731478649007,935659568.1,594990331.1,2318817195.20829,2008534310.59154,759.841612443554,885.698522723929,755.942504753181,890,6798848
TGO,2014,Togo,2.84116332957476,2.26847600999663,2.90361562489854,48636953.4,12278625.1,62254578.5,16.0093279906592,1030916924,715739350.3,2144036489.0644,1817014022.29763,786.587399651446,921.539748631461,786.974819191642,910,6937644
TGO,2015,Togo,3.27458806341404,2.39867816892426,3.31929377585845,44587178,16281613.3,61699791.3,18.7626675363985,1104695218.3,840737271.7,1858822854.08868,1498688995.56299,813.894676975085,813.894676975085,833.783191339233,910,7071502
TGO,2016,Togo,4.86992895716854,3.56839190135537,4.92460722335261,66240538.2,24160607.2,91416145.4,19.8502415715083,1213797944.2,984392259.6,1856313432.80541,1578379785.51372,832.959515987733,843.114204338675,828.503071981161,870,7200884
TGO,2017,Togo,5.50906003948452,4.07919041185963,5.8394766504598,75641474.5,26514439.4,108282913.9,25.5707759681039,1634591475.6,1140730252.1,1854325659.32897,1588595518.22664,851.735728621337,872.076408845752,843.632683971187,850,7324386
TGO,2018,Togo,5.52358243527298,4.23240690595753,5.92720767299352,82723910.6,25236488.7,115849399.3,24.1991584437359,1705711508.7,1161431380.3,1954535857.21066,1702908075.83448,876.562800915869,942.480774393154,869.139281049855,920,7458206
TGO,2019,Togo,5.3449251911372,4.50193506191921,5.90555609125806,86604876.1,16216816.7,113606692.8,28.6354005954264,2008722642.7,1365679508.7,1923725573.75538,1665136817.79807,900.166602437871,917.718016777619,894.282119923664,950,7619925
TGO,2020,Togo,4.99219728675707,4.39617716496441,5.36085411906601,88160410.8,11952516.2,107505927,34.5123945153137,2568770933.8,1789210490.4,2005388033.55332,1721559850.24159,899.748802355348,961.219781201934,899.559488098257,970,7788054
TGO,2021,Togo,,,8.85581392286155,111083093.3,1413169.3,174567262.6,42.3995466501444,3544978710.2,1850766209.5,,,928.301087692897,1076.29520076949,925.771826745072,1040,7936176
TGO,2022,Togo,,,11.6977610923849,188904877.3,7086050,252498927.3,40.1159249857034,3281657367.7,1854615020.2,,,970.535975822983,1071.61539220759,972.097574870743,1130,8068616
TGO,2023,Togo,,,11.0941773786614,182402493.7,27554783.5,264693277.2,37.4241788914175,3439839395.5,2094319606,,,1011.2308927823,1182.32951436696,1010.62414540196,1190,8223850
TGO,2024,Togo,,,13.8240839508821,229503195.8,37514384.9,343216580.7,43.1643453395059,4294139883.4,2421382373.6,,,1053.81653764697,1266.08777721447,,1220,8406558
THA,2010,Thailand,0.433830101518529,0.431777098578735,4.70933581925751,1005634532.2,4781565.9,10968323098.1,32.7909524216425,107165878658.6,16736879168.2,232905945106.911,227242774271.888,5059.35747831657,4973.86288823778,,4490,68579447
THA,2011,Thailand,0.539006858602079,0.538399820372937,3.89652227194414,1451464570.6,1636505.9,10504580076.5,32.5198283572833,117681130154.4,22696667676.6,269588606027.878,262943626360.648,5070.23740191942,5373.6232832898,,4840,69007208
THA,2012,Thailand,0.399926575665522,0.39976860379531,5.46420221127501,1128283103,445850.4,15421838953.4,39.8440632252626,151145531850.6,29443975734.4,282234045467.389,274176581096.669,5403.87846036273,5725.52802835463,,5400,69436098
THA,2013,Thailand,0.80529021841884,0.804626454412976,5.13266012228009,2323673012.8,1916877.7,14822559890.5,39.096781273119,153833122504.3,27983915079.8,288789039939.69,282259414638.186,5516.61164164135,6018.08244729255,,5580,69845114
THA,2014,Thailand,0.718571432517531,0.718313676577603,9.49240265953916,2053929588.2,737021.4,27142357609.6,38.0258800496312,146924958766.3,26096152509.3,285937697578.852,278578306806.49,5541.46599361845,5801.1978916205,,5620,70216367
THA,2015,Thailand,0.772317115122037,0.772071052470109,7.0924610814782,2133557047.2,679974.6,19599453021.8,32.3148092281891,122988521275.3,22571027010.4,276342059500.101,271446167901.394,5688.85335397884,5688.85335397884,5395.38740292929,5560,70540795
THA,2016,Thailand,0.281436578809992,0.281034852128416,5.26222601022932,797400393.9,1139848,14930892241.9,33.2711074983591,131071178439.1,23492149040.1,283737190551.596,277273903172.05,5857.78052935926,5833.57715617098,,5550,70859841
THA,2017,Thailand,0.271081042085907,0.270851233804023,5.10277997834366,848256281.7,719717.3,15980968999,35.229827656924,153571483414.1,30830524388.2,313181619956.646,304652181948.388,6076.74307700082,6413.09182530343,,5800,71160187
THA,2018,Thailand,0.495167628770179,0.494782673033053,5.99264645814319,1668958379,1298499.6,20213879878.6,35.6858960191966,172100562780.3,37450579007.8,337311403564.148,328581755663.36,6314.19948412043,7099.77650081458,,6430,71376079
THA,2019,Thailand,0.691072715807836,0.687092229041883,9.62119078657852,2299134567.3,13319426.9,32230567317.8,32.1769086458462,168599886145.8,40884121498.9,334618042545.181,323878328530.532,6434.53770518034,7605.69657797759,,7070,71522271
THA,2020,Thailand,2.54085265731306,2.53927728461535,8.30746607492233,6830587783.6,4237710.3,22442920515.7,38.1852515690645,186866033773.6,35824320750.1,268997317661.379,257105547257.537,6032.42244606793,6983.03412836245,,6910,71641484
THA,2021,Thailand,0.396924449164626,0.395935755328884,5.24497072327639,1225975555.7,3061391.8,16298662162.5,40.2520564409155,196675731446.9,36815249686.9,309640020937.65,295190387671.768,6119.11018526099,7055.18760721422,,7100,71727332
THA,2022,Thailand,0.577378651394114,0.55635324259143,7.94092618155616,1887256311.2,71322196.8,26939471417.7,41.8986110741223,201051228652.9,35678629863.2,339219072833.902,323939986149.818,6279.82250415973,6910.00995211206,,7220,71735329
THA,2023,Thailand,1.66922619048764,1.61097391736107,11.9644494874884,5711709125.5,206533474.2,42278817772.3,38.7070888237378,194693030257.4,32419170354.1,354550068374.56,338524985580.329,6423.99101164149,7210.54130832685,,7210,71702435
THA,2024,Thailand,0.966828870817022,0.912934523642172,4.68434832872581,3504253647.4,206870764.3,17993023670.2,37.4891208226563,191827376401.5,31027531197.9,383845013705.88,369187850950.796,6616.58539335928,7386.63615126055,,7130,71668011
TJK,2010,Tajikistan,2.68488484102513,2.6666928468943,30.8894714041049,59967289.4,409092.7,694627382.1,51.0948811337161,3561185320.5,1805928324,2248751275.1924,842102941,770.604105393791,737.338883219356,783.780544377714,910,7652141
TJK,2011,Tajikistan,2.14718918328945,2.14246852442837,20.1285163691478,62833916.1,138446.6,590325362.7,47.1598032861208,3922103878.3,1966046663.2,2932781293.33381,1050936711,809.368229154093,833.601978202852,836.958200758216,1000,7824785
TJK,2012,Tajikistan,2.9604687785028,2.95939974881153,12.5246657586629,104416018,37718.4,441905736.4,47.4048674756188,4619361917.4,1999580830.9,3528283667.7246,1311787958,849.519080831738,952.452819695469,876.667192760307,1130,8014084
TJK,2013,Tajikistan,3.45297679542376,3.44863326487863,11.8954309290384,128754712.7,162165.7,444115878.4,43.7543042685222,4862292683.6,2010512876.5,3733499702.94772,937227359,889.882383099979,1028.19704279396,1024.4690453891,1300,8216724
TJK,2014,Tajikistan,4.27605082527452,4.14961186589789,13.4721133371693,132213153.7,4028543.9,429242697.6,45.3573000176201,5123749263.3,1983866237.9,3186157114.75444,836264767,925.970961482804,1081.54402932039,1095.51434997331,1320,8425552
TJK,2015,Tajikistan,5.34787401838638,4.91825943480978,12.2501422013035,126104060.6,11015308.2,314093368.8,52.5018447634389,5144129015,2092677560.4,2563997736.831,824698053,956.916310930656,956.916310930656,1133.52360704308,1230,8643840
TJK,2016,Tajikistan,7.43753888923938,6.54683060131406,28.1451792348553,147402458.4,20054374.3,633323832.7,64.1008259689526,5180495790.8,2168138949.3,2251508666.96343,899523470,997.352614556708,788.710481734485,1021.23625623545,1090,8865631
TJK,2017,Tajikistan,6.49283454276045,5.55260958187868,26.0892063867845,149991568,25398114.9,704742682.9,67.9150165150958,5865953296.1,2822940710.7,2701280646.30202,1124964688.2,1042.26391757642,829.45714764957,1006.13557691375,1000,9085946
TJK,2018,Tajikistan,8.63177785388749,7.51641696710843,21.9150508835104,199994373.2,29677159,583108532.2,67.6998175368789,6086669246,2844503923.3,2660767411.85552,1116258706,1094.8002018221,834.288404578801,1153.17136466183,1000,9307333
TJK,2019,Tajikistan,7.99327258514181,7.0788627842811,19.5168066357127,204148430.5,26370807.2,562848237.7,68.8669801750646,6632776523.9,2826861980.2,2883915633.3602,1243494480,1148.34676712493,871.022372934846,1113.41437103196,1050,9529966
TJK,2020,Tajikistan,6.26842312529182,5.57848655401595,12.1310124688807,164550713.3,20351318.2,357833031.5,72.6845862629147,6903659102.3,3064578194,2949737562.44944,1409162182,1171.90127480359,834.311715460625,997.150777368733,1030,9749310
TJK,2021,Tajikistan,5.43832127514704,5.21362709201494,11.9151329577222,219944666.4,9479060.6,502657727,61.2573550692462,6590623735.3,3141937278.2,4218649752.23989,2161326665,1254.06999592306,896.748053372182,690.550445171686,1130,9966908
TJK,2022,Tajikistan,4.96135852526138,4.85096719801561,9.13604682482065,269337673.9,6129199,507255872.9,47.3124884939827,6723539347.8,3070445769.4,5552246859.35164,1752830055,1325.75545290849,1052.17949484894,1196.08022507522,1360,10182222
TJK,2023,Tajikistan,5.1001294247976,4.86752417545344,10.3025392099081,265653071.6,12694810.9,562277882.5,43.138609517573,6589051886.9,3090093300.6,5457663116.28545,2104999783,1407.1075436221,1178.47990060249,1079.45277865925,1400,10389799
TJK,2024,Tajikistan,4.39535864052152,4.20107996606502,8.76434765128616,274958442.6,12715435.6,573621878.2,37.3947720942707,6977429758.2,2995608794.9,6544946652.31384,1617571404,1496.33813395037,1362.02559981695,1527.712347931,1650,10590927
TKM,2010,Turkmenistan,,,,184731369.5,344070.2,199239452.3,8.12996104896032,1682020478.2,1513130739.8,,,3902.54200118683,4058.53937000739,,3720,5564356
TKM,2011,Turkmenistan,,,,255603604.9,117759.1,259492304.6,16.2712810493695,4296648711.5,4108655976.5,,,4383.14380872567,5143.61929334647,,4300,5683417
TKM,2012,Turkmenistan,,,,300765734.6,32082.3,306582417.3,20.5679513452169,6547850611.7,6315347767.4,,,4762.66047536389,6053.8748468749,,5040,5808546
TKM,2013,Turkmenistan,,,,437191479.5,137934,443841841.9,23.136822646184,8278943711.1,8053577436.7,,,5131.14087328544,6599.64529055481,,5880,5939341
TKM,2014,Turkmenistan,,,,1546680857.6,53187.1,1561551255.6,18.5866873573514,7360924924,7213731154.5,,,5535.50161297771,7164.14536184006,,6480,6075283
TKM,2015,Turkmenistan,,,,1455707751.2,48969.4,1473962769.1,20.7791606059437,7003746694.1,6868894345.3,,,5759.497903834,5759.497903834,5422.59906197117,6300,6215770
TKM,2016,Turkmenistan,,,,1497147912.9,82013.5,1516555330.8,23.1856898510511,8167364609,7891830350.8,,,5979.47627661058,5238.00827202546,,5890,6360041
TKM,2017,Turkmenistan,,,,1705069329.8,51309.3,1729821694.7,23.795696531403,8650279590.8,8087914879.2,,,6221.41962759021,5125.54920055808,,5250,6507061
TKM,2018,Turkmenistan,,,,1800624350.9,93458,1832614276.3,20.8966214216128,8159810791.6,7722184515.8,,,6460.13015920839,3911.98557297865,,4690,6655524
TKM,2019,Turkmenistan,,,,2147374641.2,958888.2,2160618110,14.9151811375499,6650434191.5,6510534945.6,,,6719.32320157703,4365.1152919542,,4350,6803944
TKM,2020,Turkmenistan,,,,2078333287,305081.7,2092714829.3,12.664880108034,5770954535.6,5477126107,,,6964.38162887016,3935.37749365223,,4180,6949912
TKM,2021,Turkmenistan,,,,1626763699.3,225081.4,1651254955.3,10.0332360806775,4986356367,4521858786.6,,,7244.61385880341,3713.20113171765,,4160,7092043
TKM,2022,Turkmenistan,,,,1103742912.8,5257996.3,1136350258,7.98184791210057,4645434178.1,4122921418.9,,,7549.25301930356,5198.18947409551,,4490,7230193
TKM,2023,Turkmenistan,,,,1134012100.9,15226836,1160342875.5,6.51562475515089,3917747615.2,3501611264.1,,,7879.96559789716,5298.46421949276,,4830,7364438
TKM,2024,Turkmenistan,,,,948800505,15252415.9,974098685.6,5.21661265138383,3320400762,2892288636.7,,,8229.67261114232,5904.25772576512,,5640,7494498
TLS,2010,Timor-Leste,,,,,,,,,,2537973946.97362,94889673.7611027,1195.38067803197,813.060177250597,3777.58270755577,2870,1084679
TLS,2011,Timor-Leste,,,,,,,,,,3688195717.84524,101258510.468652,1237.48383284275,939.045241112693,4547.28191431165,3740,1110207
TLS,2012,Timor-Leste,,,0.00825783841939548,,3063.4,329063.4,1.76077705580083,76035316.9,10000,3984861210.49689,102689739.188155,1269.41629276068,1022.61903188429,3870.08116540543,3570,1134885
TLS,2013,Timor-Leste,0.00181379231811631,0.00137061436869993,0.00895848424006278,47000,15197.1,307197.1,2.15548014674223,89494692.9,7314579.3,3429119165.3405,87862751.6044241,1281.92864092574,1204.56841532931,3468.12217536248,3190,1158695
TLS,2014,Timor-Leste,0.00811650970415891,0.00784554852951868,0.0196173706167488,176000,6078.5,440078.5,3.12503706330901,104305452.7,21841087.5,2243310322.25222,89595180.712222,1312.96494079465,1224.74957758801,2768.44254771538,2700,1181903
TLS,2015,Timor-Leste,0.0219925896256461,0.0215924500667112,0.058456660930357,302000,5596.5,817596.5,4.18631483293713,116733681.1,45718755.2,1398637019.26809,91006899.613869,1319.59297370991,1319.59297370991,2313.82248070957,2180,1205131
TLS,2016,Timor-Leste,0.124179938344076,0.122705892155155,0.124179938344076,810000,9730.4,819730.4,3.64373313129695,80907571.1,70518575.3,660115000,96780600,1333.6585468432,1335.54390089814,1836.21903656094,1730,1228312
TLS,2017,Timor-Leste,0.197780762888086,0.197148997728986,0.203930991586737,1731000,5547,1790547,5.51559153978068,124522399.4,110538690,878016129.901685,109896003.011685,1267.08660142883,1266.17767952941,1811.34914560412,1780,1251703
TLS,2018,Timor-Leste,0.314645870330471,0.313662604527625,0.317026611161799,3162000,9912.2,3195912.2,7.06944424317143,158056457,144718419.8,1008089569.6068,121872114.419877,1237.20064730412,1219.46598597604,1743.87895663589,1790,1275959
TLS,2019,Timor-Leste,0.432390498063022,0.425971386808908,0.433295536420264,7060000,106389.6,7181389.6,7.08840627014517,203400669.6,191217193.5,1657388317.29727,785636552.359114,1507.24748294374,1562.36458881813,2121.88318182932,2180,1300945
TLS,2020,Timor-Leste,0.412155406693095,0.410451468202826,0.412410230955255,8053618.3,33433.6,8092051.9,9.78633311756728,231800534.6,220237139.9,1962136555.45271,1598070866.02472,1947.83997138866,1630.86935439232,1736.62866870494,2040,1326053
TLS,2021,Timor-Leste,0.308126969748719,0.307350027311327,0.308479868748262,9580220.7,24217.6,9615438.3,8.04403579120896,278614052.2,232407556.6,3117039156.88799,2834213905.49823,2015.82039246197,2684.92673717299,2418.53683530415,2050,1350139
TLS,2022,Timor-Leste,0.778887288846752,0.752849243082741,0.779253533387679,16444733.7,568757.6,17021491.3,9.41955208465074,287938205.7,244661862.4,2184332899.46107,1857999191.02214,1579.71084680858,2343.24955542816,1978.06780778218,1820,1369295
TLS,2023,Timor-Leste,2.01235015268039,1.87755824510997,2.05762969208876,22930659.7,1646216.5,25129876.2,12.5555054727804,305742152.2,253114525.1,1221302175.8298,701807593.375409,1279.2112241611,1502.4114958903,1425.03279002037,1900,1384286
TLS,2024,Timor-Leste,3.04139819456078,2.84835222796948,3.0506475146491,24328255.9,1648838.1,26056094,15.365375502464,296673869.1,253333269.4,854116835.028616,278047419.925082,1149.21889002201,1331.9705130185,1286.84977308862,1650,1400638
TON,2010,Tonga,9.31865502614686,9.25872911365505,9.31865502614687,5010669.1,32430.9,5043100,40.5604079269347,153652255.8,143506405.5,54118324.8639397,45042474.6324301,3653.97817265087,3416.08356601207,3724.09534693274,3270,107400
TON,2011,Tonga,6.54672791514245,6.53463303784498,6.54672791514245,5996957.6,11099.7,6008057.3,44.8662392078593,191201692.9,181062254.8,91771910.7602362,67363413.8893971,3892.76807750666,3849.99375750134,4042.01591949085,3660,107570
TON,2012,Tonga,6.15078416226973,6.14786882270661,6.15078416226976,6376801.1,3023.9,6379825,40.8256419312625,197996915.7,187845782.4,103723766.461117,80352967.4697336,3932.59367180675,4384.17058724217,4078.68194342841,4130,107460
TON,2013,Tonga,5.66640020486168,5.65523122294473,5.66640020486168,6582995.5,13001.3,6595996.8,43.0938274916159,199562997.3,189424773,116405417.223103,91779809.8045833,3962.16980948788,4219.24670113014,4094.09269716068,4330,107078
TON,2014,Tonga,6.73062223836,6.72593356162939,6.73062223836,6539768.1,4558.9,6544327,44.1110948754746,195924377.2,186388150.9,97232124.5828024,74694566.7730648,4058.81584447473,4136.59010898445,3997.11631025727,4360,106609
TON,2015,Tonga,7.39829059860066,7.39346421887996,7.39829059860066,6429938.9,4197.4,6434136.3,41.7017789110633,184338819.8,175219326.9,86967877.4339707,70256881.1122332,4123.90347238813,4123.90347238813,4166.46083760164,4220,106095
TON,2016,Tonga,5.28556308236249,5.2784402261598,5.14202100373688,6180709.2,8340.4,6189049.6,40.802216012321,174411669.5,165564622.2,117093477.148203,99899612.4358617,4419.8147470039,3987.98618837043,4917.8805164317,4280,105524
TON,2017,Tonga,4.10585821009099,4.10177595792537,4.04675810392371,5573529.1,5547,5579076.1,40.3523234006764,193072348.9,183700121.5,135880875.922317,100020499.347612,4568.62484962494,4365.92929788648,5097.19997419254,4450,105356
TON,2018,Tonga,6.73105991172584,6.72504874382552,6.66217356230194,9505201,8496.2,9513697.2,36.4379252977617,187000421.1,177847621.8,141340254.354692,103389361.037333,4583.55968565688,4675.04776047973,5034.10820863335,4650,105567
TON,2019,Tonga,3.70482598325898,3.6449969516417,3.55184114575916,5471507.4,89809.4,5561316.8,35.4250807477663,186647313.7,177546938.5,150110067.925726,106016279.650721,4566.07508700721,4788.83350468584,5232.30006581645,4980,105669
TON,2020,Tonga,4.1334500792456,4.1133702155188,3.99813814298246,5992778.6,29254.4,6022033,36.5330018306467,194579370.9,185100964.1,145690231.75669,94848877.4215108,4647.0077529158,4792.35872413906,5236.59183760104,5210,105704
TON,2021,Tonga,5.6551865204776,5.63673205888349,4.87731100988822,4786307,15670.2,4801977.2,40.8140175055665,223626733.7,186246381.5,84912799.6505844,45864142.9391386,4612.90086913298,4922.8015864044,5205.60980981199,5240,105490
TON,2022,Tonga,13.2932014860781,12.8735710771453,10.98482329348,10715458.9,349284,11064742.9,38.6037543496664,209927234.2,165200236.8,83236103.1433099,44510966.9872992,4533.96809820124,5298.01942454298,5013.67495053625,5390,105042
TON,2023,Tonga,12.3216340791484,11.6134306900106,11.0475318843008,16560376.1,1009875.1,17570251.2,35.443706618369,196453498.6,151362667.6,142596761.818578,81256573.3273398,4680.30010664357,5651.59357939286,5187.6310951638,5910,104597
TON,2024,Tonga,25.195339786034,24.6155715375089,22.8214980370372,42950368.4,1011606,43961974.4,,173176112.1,129346755.5,174484546.639726,104433754.986022,4779.92399898557,6215.38990974121,5427.86113402057,6270,104175
TTO,2010,Trinidad and Tobago,,,,,,,,,,12393227322.1487,12093527322.1487,17938.0949459463,16815.424737361,,16590,1317714
TTO,2011,Trinidad and Tobago,,,,,,,,,,18900000083.4561,18596292286.8416,17746.509252615,19151.0870229722,,15060,1328019
TTO,2012,Trinidad and Tobago,,,,,,,,,,18519622995.5845,18019359690.9956,18835.6674122954,20332.1389531925,,17960,1335194
TTO,2013,Trinidad and Tobago,,,,,,,,,,19535115092.537,19148507935.6463,19392.1974593783,21304.9777496628,,20110,1340557
TTO,2014,Trinidad and Tobago,,,,,,,,,,17007800876.1088,16663452694.0385,20032.5402001718,21908.3014555644,,20620,1345343
TTO,2015,Trinidad and Tobago,,,,,,,,,,13390100431.8939,12851818412.7253,19887.2327716498,19887.2327716498,19709.6755982772,20650,1349667
TTO,2016,Trinidad and Tobago,,,,,,,,,,9901807635.91753,9460490904.3323,18331.034459758,17449.1538801956,,17870,1353895
TTO,2017,Trinidad and Tobago,,,,,,,,,,11053460485.0538,10624640290.6236,17402.6155328454,17566.0999700656,,16930,1356633
TTO,2018,Trinidad and Tobago,,,,,,,,,,12133611436.4608,11569943461.7966,17205.615135339,17571.498737278,,16800,1359193
TTO,2019,Trinidad and Tobago,,,,,,,,,,10184163545.118,9565811941.96694,17225.361633712,17212.6128892163,,17240,1363985
TTO,2020,Trinidad and Tobago,,,,,,,,,,6960380710.57087,6439718323.60064,15679.9611486825,15283.6270531554,,15040,1366725
TTO,2021,Trinidad and Tobago,,,,,,,,,,12208900314.8718,11542163641.1981,15558.0940536829,17712.5674104655,,16310,1367558
TTO,2022,Trinidad and Tobago,,,,,,,,,,18475482932.4366,17584547096.7701,15712.230497272,20750.5202434652,,16100,1365805
TTO,2023,Trinidad and Tobago,,,,,,,,,,12759560716.4343,11544776658.3197,15922.7668349788,18308.4536298575,,19880,1367510
TTO,2024,Trinidad and Tobago,,,,,,,,,,12350002566.6623,11278257256.6134,16312.4849555716,18733.4110406494,,19290,1368333
TUN,2010,Tunisia,8.68989956396615,8.68393980032943,10.5185387559429,1958721651.4,1344265.2,2372527916.6,51.3363537259654,22659417009.8,14858476120.7,22555679754.0869,22125192119.6032,3906.90625867605,4291.86120891575,3933.23764210608,4140,10765980
TUN,2011,Tunisia,10.1724493583852,10.1704446613586,11.6106901397124,2334122287.5,460079,2664659366.5,49.7498678288209,22866532270,15105548793.6,22950051499.4022,22494654717.2269,3784.7412903401,4420.64772206537,3760.94589310134,4060,10886035
TUN,2012,Tunisia,9.43735714578165,9.43680253762783,11.6025369076999,2132762587.1,125344.1,2622228931.2,55.9749620256609,25416510709.4,16673642183.1,22600479119.8706,22148014960.4912,3900.04620132702,4297.26782454273,3838.46966287082,4250,11009647
TUN,2013,Tunisia,8.34142127171584,8.33621938499051,10.9788598035086,1876731373.9,1171099.7,2471668473.6,56.327937751119,26262224742.9,16932035346.1,22512979652.132,21976251416.9646,3947.58763533174,4369.79345826358,3773.71729035141,4300,11141361
TUN,2014,Tunisia,8.01208318026527,7.97810515643303,8.96579078346867,1763367192.1,7510020.4,1981671212.5,56.8190675921791,27595974477.9,16999315978.6,22102581471.7187,21575036446.9053,4021.59954703591,4458.97895464547,3872.89672239007,4310,11274288
TUN,2015,Tunisia,8.91057063328974,8.84237825584831,10.2955000471576,1585445802.6,12226950.2,1845991752.8,63.2230339634337,28197062216.1,18107330835,17930083476.7094,17452928057.0955,4014.94773686432,4014.94773686432,3911.44688709849,4130,11402264
TUN,2016,Tunisia,9.82126731900583,9.50728069351369,12.0643180285348,1650262160,54501414.6,2094109574.6,68.0294246068561,29527167044.6,18604389072.9,17357877748.6383,16899132539.8427,4015.28893802703,3847.80354448809,3946.82181761368,3930,11528674
TUN,2017,Tunisia,14.2586320363263,12.3422438429054,17.0256448889435,2228641152.8,346042554.9,3074323707.7,81.888186770087,33714237269.7,22262507705.6,18057017679.8206,17584260723.1057,4062.80606534519,3619.03247319953,3913.00291333861,3700,11650498
TUN,2018,Tunisia,17.424045248871,13.4804217870506,21.0902589057426,1924065472.7,562874801.7,3010220274.4,84.6215604863162,35245100362.9,22539677597.3,14273036134.1385,13693919282.56,4127.97005697994,3628.10366464236,3912.22563881221,3700,11765514
TUN,2019,Tunisia,20.4336934905685,17.4415595179889,22.4869544487478,2492526350.7,427597816.8,3213550167.5,98.5572804435593,40224514020.4,23782583917.9,14290730987.2678,13741279993.9223,4153.27978615515,3528.87213306798,3921.09965879073,3590,11875081
TUN,2020,Tunisia,22.2873137554708,20.4113270091202,27.6875616043912,2406902825.4,221216278.5,3264916103.9,102.147025479701,41977373872,25777508357.7,11791995808.624,11236829920.5702,3749.26841452928,3548.65363663803,3623.19232956521,3270,11974057
TUN,2021,Tunisia,25.1816746363204,24.2469435041455,30.2550200250386,3504943113.4,135117213.6,4373422327,93.8461326685163,43022033493.3,23152380435.2,14455195611.7717,14054274858.7142,3902.53322990199,3906.93926319391,3738.72642521379,3640,12048622
TUN,2022,Tunisia,16.8397765472653,15.7301559117316,23.5992385774526,2790619104,196853010.3,4186639114.3,93.3278878231755,41041206300.8,21634288205.9,17740568622.837,17253544798.6048,3986.54558325666,3707.29283414381,3655.32199189771,3890,12119334
TUN,2023,Tunisia,15.8606741636184,13.0780973609026,24.116069227268,2670497306.7,568191507.7,4924408814.4,90.2495580226375,42407399347.3,22062431548,20419616347.8913,19731807653.6913,3967.33387634534,3951.11683376921,3869.10842119322,3850,12200431
TUN,2024,Tunisia,19.6722965259039,16.1885242157128,26.1724095779931,3406188062,733012070.5,5506873132.5,77.6996062630389,40459855368.3,20816257886.5,21040757122.8383,20181934467.5733,4006.20588267443,4187.64079392362,4025.03896082773,3880,12277109
TUR,2010,Turkiye,8.09246979405973,6.65992248619299,37.2333390546006,10720410626.8,2305957076,59934133542.8,41.0990751678409,316646701767.8,93288915227.7,160969000000,157441000000,8472.57809050119,10698.9699409757,,10460,73142150
TUR,2011,Turkiye,7.59105055511219,6.04768693188574,31.3834630221049,11291091978.7,2881475318.2,58593239296.9,38.6013112607881,320983526166.8,95252921923.9,186701000000,183647000000,9265.85910238578,11373.6355760885,,11260,74223629
TUR,2012,Turkiye,5.81082423525753,4.86671665518586,26.771512062507,10484465024.6,2033909841.9,57674403866.5,40.4357594121779,353395551599.8,100270473605.7,215432000000,211638000000,9588.32066531438,11776.7593362033,,11950,75175827
TUR,2013,Turkiye,4.42085088174283,4.0581287892216,27.1626121370026,9624988699.7,860297004.6,64423740214.3,42.3711460982425,402178071207.6,106494108329.7,237178000000,233378000000,10269.4489140773,12635.5570016068,,12640,76147624
TUR,2014,Turkiye,4.77555447842589,4.77522348196942,23.8539286016856,11750965448.9,814522.7,58700224581.6,44.4602073781668,413804313727.1,105783973059.7,246082000000,242604000000,10597.9801881716,12209.3862327674,,12670,77181884
TUR,2015,Turkiye,4.97107494727269,4.97073328614629,25.3789734982834,10930891032.9,751329.9,55809631671.4,46.7405303729401,399458974329.3,103604345502.1,219905000000,216887000000,11064.6494504662,11064.6494504662,10940.8551955522,12080,78218479
TUR,2016,Turkiye,6.22694589005437,6.22634058620026,36.4254391256231,12940203640.3,1258003,75702261626,46.3614777541171,398941852378.3,108554426434.3,207830000000,204027000000,11279.6169531569,10984.3643169061,,11350,79277962
TUR,2017,Turkiye,7.23690537803796,7.23656309296736,37.362997807429,16799391757.8,794601.1,86735584000.1,52.6882928024745,446932919001.7,118859529273.6,232146000000,228332000000,12005.6459824832,10756.3877677883,,11140,80312698
TUR,2018,Turkiye,6.35104264656079,6.35046706152142,33.4794771797331,15826252982.7,1434438.5,83435544258.7,55.4453574540502,425763850698.8,123460831967.2,249214000000,244379000000,12255.0082146169,9684.11819884721,,10760,81407204
TUR,2019,Turkiye,7.18480069329786,7.17911408987739,33.2432164759356,18566553068.1,14706636.9,85973274017.9,55.3071524639806,414340675661.9,129002102130.3,258619000000,253865000000,12238.2950220128,9395.23378001368,,9970,82579440
TUR,2020,Turkiye,8.65601919458586,8.65380928223971,40.7367712535302,18323748850.4,4679312.6,86258483658.5,60.3150906136416,429283302461.7,138031426646,211742000000,207634000000,12338.643833135,8798.11791709313,,9330,83384680
TUR,2021,Turkiye,8.0069515256344,8.00551793099788,25.3396609190239,23380035062.3,4186798.8,74004226317.4,53.7425891882514,434872791578.9,138015682050.1,292049000000,287536000000,13670.938029516,9981.76398411336,,10230,84147318
TUR,2022,Turkiye,6.0987370904197,6.07104620047586,19.6812294560508,21382346139,97527868.2,69317683768.8,50.758322367613,455963245504.7,139061189036.2,352202000000,346602000000,14273.5747654873,10897.8397861365,,10870,84979913
TUR,2023,Turkiye,6.73569391148467,6.65822181891498,20.909547158823,24272347894.2,282422189.3,76445722603.6,45.157151097837,499814231476.7,148507676149.4,364547000000,356533000000,14932.8851363122,13375.0947282864,,11980,85325965
TUR,2024,Turkiye,7.79352388884261,7.71989012171505,23.4318472180701,29657965074,282883261.2,89572219405.1,39.3880494718611,514989218110.8,157127934803.6,384176000000,374640000000,15395.0278894893,15892.7157287241,,13430,85518661
TUV,2010,Tuvalu,,,,,,,,,,27341692.1905813,14060484.3684376,2872.02011343345,3054.96154183353,,4460,10614
TUV,2011,Tuvalu,,,,,,,,,,29440027.3572723,14848815.1173893,3040.4474312404,3679.5325726267,,4740,10780
TUV,2012,Tuvalu,,,,,,,,,,39283973.5032331,25110647.0714293,2912.10912265748,3558.89749224226,,4460,10934
TUV,2013,Tuvalu,,,,,,,,,,36432646.4597813,5524538.82815749,3004.5049231989,3524.00277634143,,5580,11001
TUV,2014,Tuvalu,,,,,,,,,,30907806.2726101,5715826.47514314,3059.3244224989,3518.13249227107,,4790,10984
TUV,2015,Tuvalu,,,,,,,,,,37499820.1084274,7029267.10734705,3352.66722400181,3352.66722400181,5192.47939136298,5650,10963
TUV,2016,Tuvalu,,,,,,,,,,46410774.3680089,7547718.67955507,3523.41345550387,3779.15293916285,,5390,10930
TUV,2017,Tuvalu,,,,,,,,,,41985619.9134546,8640711.74067371,3658.98029250415,4166.79162422818,,5320,10869
TUV,2018,Tuvalu,,,,,,,,,,60750772.2255088,8536744.66249673,3750.43562817208,4467.21144027065,,6230,10751
TUV,2019,Tuvalu,,,,,,,,,,44115951.7853713,10277609.3550798,4323.09703196938,5058.85266607659,,6860,10581
TUV,2020,Tuvalu,,,,,,,,,,46498349.2389051,3089436.67251376,4265.46279289261,5029.57159284173,,6920,10399
TUV,2021,Tuvalu,,,,,,,,,,45998392.9576445,2201160.71522693,4351.24068896314,6042.51983141155,,7460,10194
TUV,2022,Tuvalu,,,,,,,,,,44530255.3411679,2267254.30740013,3953.66795349958,5414.74642912412,,7460,9992
TUV,2023,Tuvalu,,,,,,,,,,58647801.3715265,10510017.9611194,4165.7693870564,5143.8397437226,,7520,9816
TUV,2024,Tuvalu,,,,,,,,,,,,4382.8876648687,5883.50257114002,,7970,9646
TZA,2010,Tanzania,1.37776496079448,1.35630711770019,2.97918293185799,88568046,1401216,194543262,28.4398441804615,8940294123.8,5680208540.2,6530087827.76128,6370022829.17572,801.29931640625,736.530151367188,772.728759765625,720,44758488
TZA,2011,Tanzania,1.11942141679418,1.08607061037913,2.01236669278681,82350604,2528803.4,152586407.4,29.7815026646035,10129709978.7,6592039336.8,7582435544.52255,7398235544.52255,838.999267578125,775.392761230469,803.572875976563,760,46029367
TZA,2012,Tanzania,1.16707028867425,1.13198673623549,2.05089909481853,99690481.9,3089697.2,180616179.1,30.8385908393605,12051758630,7866746211.4,8806682861.98554,8675629504.5013,851.910705566406,861.969909667969,822.205627441406,810,47374260
TZA,2013,Tanzania,1.96179846054721,1.91778677758972,2.33141048892868,164734391,3780523.4,200263914.4,31.083374238378,13970650221.5,10131508494.9,8589817852.79795,8459721764.64591,882.8115234375,963.05712890625,866.62353515625,880,48824128
TZA,2014,Tanzania,3.05245383945286,2.73555843002249,4.03037909230715,239364586.6,27728721.8,352661308.4,33.1451206470393,16391470516.4,11549386941.2,8750117854.29244,8631751759.87863,913.811218261719,1022.74841308594,901.484008789063,970,50351512
TZA,2015,Tanzania,4.72031381968031,3.98133500866241,5.46782036212007,330343033.9,61315237.7,453670271.6,39.2891880346749,18341850201.8,12624773385.5,8297293073.33481,8187012941.61599,939.127319335938,939.127319335938,924.781433105469,970,52020962
TZA,2016,Tanzania,8.0595083195734,7.32003792211466,8.75068736774752,615894034.7,62217629.4,736243664.1,40.0079292679425,19530747919.3,13082495332.8,8413809344.33844,8315278989.86369,970.156127929688,953.0107421875,964.405456542969,960,53824013
TZA,2017,Tanzania,9.22797046018489,8.23363616345784,9.78631284555373,697222301.9,84199985.7,828693287.6,41.3009336301928,21616674354.8,14583388398.8,8467975607.11246,8342628564.25888,1001.55895996094,986.674011230469,981.602600097656,960,55652890
TZA,2018,Tanzania,11.7845622169242,10.7720467473934,12.2530206587852,911673360.9,85692478.2,1037002839.1,40.1480140958611,22629441143.6,15329348876,8463325329.70675,8307384259.58608,1024.01525878906,1023.10626220703,1042.28894042969,1010,57437145
TZA,2019,Tanzania,11.99326031983,11.3449445206609,12.377385688911,1119862488.1,63995424.8,1221772912.9,40.7439096992124,24451640158.6,16876299812.1,9871026571.00314,9658576688.75259,1051.7666015625,1063.32250976563,1057.25805664063,1050,59174891
TZA,2020,Tanzania,15.7979028898323,15.3566277630935,16.1350828868982,1330908727.2,38243872.7,1398373599.9,39.7693712686611,25772198397,17564183560.8,8666673098.625,8555483605.27012,1041.25964355469,1117.41528320313,1040.82824707031,1060,60972798
TZA,2021,Tanzania,18.1540709445655,14.3628928004552,18.5818651087015,1432917868.5,378227908.6,1853824777.1,41.4860546069249,28817909448.5,18937868109,9976526932.33624,9873985948.44085,1054.31726074219,1159.85656738281,1056.1416015625,1130,62830412
TZA,2022,Tanzania,12.8681851302295,12.7854140240067,16.4065014653654,1555952011.9,10073030.8,1996629042.7,40.9318313478855,30443587044.6,19551972085.4,12169742872.4518,11985831670.0044,1070.58532714844,1207.52062988281,1069.45532226563,1210,64711821
TZA,2023,Tanzania,13.0606812008742,12.8557001098746,15.5601135966803,1829293346.3,29167648.8,2204877995.1,44.5950861063729,34584902584.9,22385757623,14229433874.9774,13928262576.6719,1092.86413574219,1224.00219726563,1088.23168945313,1220,66617606
TZA,2024,Tanzania,11.3374323915765,11.1579760818314,12.0902915457182,1816535733.6,29215764.3,1980087497.9,47.3169345002777,36343119611.6,24277203876.6,16280154396.0815,15968420368.7127,1120.77416992188,1192.60668945313,1122.55627441406,1210,68560157
UGA,2010,Uganda,1.7611915508063,1.72832474754796,1.79956926979851,60976831.6,1159570,63490401.6,11.340011180453,2974602244.9,2672930594.2,3528088785.77421,3468077634.56923,768.624091660131,823.488144282,762.202264525041,680,32390802
UGA,2011,Uganda,1.47435270011901,1.431052719807,1.47435270011901,61758767.3,1868661.7,63627429,11.889658788383,3262582093.9,2963297088,4315617897.59425,4298479345.77474,816.516366587228,835.620060555838,797.813983780093,860,33354543
UGA,2012,Uganda,1.36109721781422,1.3228297525577,1.36109721781422,66286819.7,1917577.5,68204397.2,14.1274216672688,3776131388.1,3478397236.1,5010986453.23286,4935836850.08774,823.580468285493,795.222867553127,804.18733074407,830,34337438
UGA,2013,Uganda,1.63099447118783,1.58777909280773,1.74298663773854,79564638.7,2165550.6,87342189.3,30.2751015651699,8559917108,4064480909,5011064767.1587,4931775815.48091,828.988669729986,818.285427416713,819.940715770249,810,35337042
UGA,2014,Uganda,1.97688810821637,1.93724466349365,4.18326089174389,95571857.1,1955766.2,206376623.3,27.149729218405,8651413817.8,4212824558.2,4933391166.38186,4905294915.41623,845.978664791099,896.054795546394,849.059278944772,830,36395539
UGA,2015,Uganda,1.84504826098025,1.81310345376447,1.99111422612089,86319365.4,1520848.4,94794213.8,30.135215546196,9570705817.9,4869311974.6,4760862664.55336,4728648691.8958,862.934610355811,862.934610355811,846.20262443345,850,37531446
UGA,2016,Uganda,2.09903933103527,2.08914380183223,17.3741040122651,101540301.7,480960.2,844447261.9,35.1603426340192,10088174030.4,5447708939.7,4860378764.30272,4836478690.08527,874.648370639216,752.696571725656,880.743212159824,810,38799152
UGA,2017,Uganda,3.45792021482809,3.45540948620123,3.65711718047868,177491407.8,128966.7,187852374.5,38.9070218420697,11680184912,6897064853.3,5136624429.28373,5095505082.40728,871.093880017151,765.218332297361,863.28865395781,760,40177388
UGA,2018,Uganda,5.38931102937557,5.38542315634666,8.85715684532953,321679974.2,232228.9,529052203.1,38.5252984266955,12328664225.9,7714105292.8,5973160601.51938,5929629291.61877,895.07512785438,792.16570022814,853.996594647816,770,41565831
UGA,2019,Uganda,4.55044905501474,4.51232393933976,4.81535376693424,281108182,2375113.6,299986295.6,40.6644410285873,13994340551.7,8661079709.8,6229787262.15147,6171819239.91009,920.939101515671,822.171150036357,896.388426044374,810,42999637
UGA,2020,Uganda,6.84350112643675,6.83014738753915,13.5492737784982,386900327.6,756435.5,767511763.1,48.062157782797,17701616973.9,11829790805.4,5664597052.55932,5621645237.65576,917.0350317644,845.766463890124,890.141904520613,820,44457152
UGA,2021,Uganda,11.3552699254587,11.3489810260877,13.9416860422615,709535065.9,393180.2,871630246.1,52.1424485431174,20671049844,12725015219.4,6251971558.23066,6231348292.44763,919.401675217265,882.791717542504,884.529046079444,860,45910930
UGA,2022,Uganda,12.8561374874936,12.7073389666846,16.8390921208204,780918423.1,9144283.2,1034831706.3,47.1819700251541,21041076730.2,12589360160.6,6145412703.22111,6115750798.86733,933.094056370423,963.067314117178,903.178864851075,930,47312719
UGA,2023,Uganda,12.0195847121391,11.7275848892023,29.9684023023755,1063443820.9,26478205.9,2717500026.8,42.6685823120186,20284809913.3,14049621786.8,9067884231.46799,8963056730.64152,955.745797275462,1002.30913917142,913.97132858365,970,48656601
UGA,2024,Uganda,11.5078619306214,11.2742216777879,13.9413655640146,1279815364.7,26522131.1,1558883495.8,39.2169652098837,20534369198,14099703963.1,11351695942.0928,11231260353.1181,986.090145363924,1077.91278438613,909.22862773228,1010,50015092
UKR,2010,Ukraine,3.25055271776062,2.89933739526023,38.4081720293996,2039422917.2,247048370,27016692287.2,91.5918932375376,124526897803.9,25327041184.6,70341000000,65626000000,2285.93383789063,3039.63232421875,1994.82214355469,2990,46456003
UKR,2011,Ukraine,3.17394300357876,2.76453771183684,30.1423825965648,2464225980.2,364931594.9,26868015575.1,85.1737693525904,137133975946.7,27037470278,89137000000,83652000000,2418.12084960938,3656.69799804688,2206.97094726563,3100,46307853
UKR,2012,Ukraine,7.64721026977072,3.6659682145986,31.3501569139298,3431272929.5,3726362938.8,29343119868.3,74.055964307376,133747125433.2,28729002227.1,93598000000,86516000000,2426.92944335938,3951.34228515625,2408.70727539063,3600,46210056
UKR,2013,Ukraine,14.9853300594506,8.58525020427776,42.2986617537939,7682596997.8,5727175459.2,37851380457,78.2755632633463,146936247161.3,31582767707.9,89486000000,81719000000,2432.41625976563,4129.89697265625,2448.65698242188,3900,46126770
UKR,2014,Ukraine,10.9370308446694,5.73185647443578,29.7064947502784,4066121664.4,3692498646.5,21073490310.9,96.7265802999128,127657360096.1,33897156392.8,70939000000,65436000000,2308.6435546875,3054.908203125,2315.16186523438,3500,45972380
UKR,2015,Ukraine,30.6682204835222,27.8628149520951,55.3903722878765,14947842965.5,1505043959.5,29715826925,125.025871206995,118566228266.3,33541695598.4,53648000000,47862000000,2094.47387695313,2094.47387695313,2181.96044921875,2760,45784896
UKR,2016,Ukraine,6.87153290791538,6.45999969242112,23.4340184931092,3417146037.3,217688725,12395892762.3,123.342420933118,116341600303.7,34291195391,52897000000,46008000000,2156.0830078125,2158.46118164063,2207.60546875,2330,45616832
UKR,2017,Ukraine,9.83650666355893,7.97403515430684,20.8974535213248,5046208666.7,1178627845.2,13224535511.9,109.407147922562,124415462467.7,37483570212.8,63283000000,53944000000,2217.7529296875,2604.28759765625,2368.69384765625,2330,45436041
UKR,2018,Ukraine,10.6861500281484,7.25785527036536,20.7824682176434,5156851326.7,2435871991.3,14766359318,92.7372175750206,122565904091.9,37231975157.9,71052000000,59177000000,2308.6669921875,3059.0517578125,2474.66479492188,2720,45208907
UKR,2019,Ukraine,8.74266165515088,6.21223468386878,18.15621515478,4774164476.9,1944658431.7,13953232908.6,80.6987144339379,125724670239.8,39433639427.2,76851000000,63556000000,2398.07836914063,3619.86157226563,2585.43090820313,3270,44957458
UKR,2020,Ukraine,11.2565717876577,9.38224148585067,23.8730939460794,6879528569.5,1374352693.8,17399904522.6,83.3576019691388,133405532754.5,42528946384.3,73325000000,61147000000,2324.107421875,3709.76928710938,2675.83935546875,3530,44680014
UKR,2021,Ukraine,6.98349547173152,5.27662210597034,15.1765354256544,5065979351.5,1638734981,14493591331.5,70.5832658828963,136907590904.5,44917678343.2,96008000000,82012000000,2426.6123046875,4775.94580078125,2945.5185546875,4060,44298640
UKR,2022,Ukraine,6.68323817146401,3.27909302909419,13.4199145151841,2326254176.7,2414968646.9,9483316791.3,84.1145910098624,143390581298,61592184398.1,70942000000,57793000000,1874.66296386719,4199.6708984375,2474.31616210938,3930,41048766
UKR,2023,Ukraine,8.23410304041795,2.89147775183007,12.2100768825083,1848579556.3,3415647199.5,7765120494.2,96.0800154118723,178988919079.3,89734234151.1,63932000000,51616000000,2164.26123046875,5139.59814453125,2807.48022460938,4980,37732836
UKR,2024,Ukraine,10.5431314983462,5.45427349161041,15.8316705792772,3611438107,3369485552,10333489703.8,101.267169892573,193492461258.9,105180352833.1,66213000000,56639000000,2226.05810546875,5391.62255859375,2935.2685546875,5230,37860221
URY,2010,Uruguay,,,,,,,,,,11173402620.8034,10718847982.16,14722.3780081191,12641.0576849008,14066.5205893819,10930,3318580
URY,2011,Uruguay,,,,,,,,,,13420491952.361,12915653977.4674,15443.9961926395,15132.2675725587,14814.3676967793,12730,3326825
URY,2012,Uruguay,,,,,,,,,,19699791279.2228,18357980012.6975,15949.3176985435,16259.5940814256,14611.6582189792,14230,3335401
URY,2013,Uruguay,,,,,,,,,,19944948178.4549,18386706036.6423,16639.4054750651,18335.2594772322,15766.1787196589,16480,3345337
URY,2014,Uruguay,,,,,,,,,,19840239125.0681,18873533403.3369,17122.0364563225,18322.4276767157,16084.906428047,17140,3356334
URY,2015,Uruguay,,,,,,,,,,17590270036.0618,16624222650.2462,17125.9016800298,17125.9016800298,16399.086809343,17070,3368017
URY,2016,Uruguay,,,,,,,,,,16528713141.1475,15513265402.5154,17357.2349992841,17009.7584207276,17316.1133911302,16490,3379283
URY,2017,Uruguay,,,,,,,,,,18411575516.3939,16844976837.5221,17611.6036800874,19184.6626114272,17485.6164929202,16720,3388438
URY,2018,Uruguay,,,,,,,,,,18909309067.4163,17250673832.8802,17608.94412947,19249.9404677501,17456.4482565214,17700,3394534
URY,2019,Uruguay,,,,,,,,,,18964251344.1373,17389236501.0586,17758.4384273402,18315.7350377437,17752.7520083049,18390,3397206
URY,2020,Uruguay,,,,,,,,,,14811418446.8516,14075567449.1752,16443.363490131,15757.5341990356,16312.8062069683,16130,3398968
URY,2021,Uruguay,,,,,,,,,,21103405776.1248,19991019153.3633,17416.0052308469,17881.8119616753,17022.6458479274,16220,3396695
URY,2022,Uruguay,,,,,,,,,,25071577249.0034,23561641460.5285,18249.2912168828,21009.2883798725,17683.6728706138,18050,3390913
URY,2023,Uruguay,,,,,,,,,,24550722216.9858,22304212512.8777,18403.6753125157,23378.6399733516,18177.401386017,20070,3388081
URY,2024,Uruguay,,,,,,,,,,26193425239.3976,23443344093.9852,19024.1204266155,24308.4954958447,18631.5335836368,22000,3386588
USA,2010,United States,,,,,,,,,,2595544000000,1872324000000,52812.6829869279,48642.6312088213,52802.4109371013,49180,309378227
USA,2011,United States,,,,,,,,,,2935025000000,2143556000000,53215.5362314388,50024.8812320773,53434.2779211439,50620,311839461
USA,2012,United States,,,,,,,,,,3039135000000,2247453000000,54000.8410778217,51708.3940614082,54658.6844495524,52610,314339099
USA,2013,United States,,,,,,,,,,3124684000000,2313124000000,54728.860179812,53297.3862901595,55100.0440835383,53750,316726282
USA,2014,United States,,,,,,,,,,3238543000000,2392613000000,55665.2411187802,55153.3940182967,56469.7750593721,55520,319257560
USA,2015,United States,,,,,,,,,,3105718000000,2280786000000,56849.4697923159,56849.4697923159,57822.447690393,56320,321815121
USA,2016,United States,,,,,,,,,,3098063000000,2240824000000,57430.8499298804,57976.628204291,58143.0210171358,56830,324353340
USA,2017,United States,,,,,,,,,,3389916000000,2394477000000,58435.9707535619,60047.7190728307,59297.0947413205,58860,326608609
USA,2018,United States,,,,,,,,,,3647546000000,2544582000000,59817.6556798612,62875.6661382728,60710.7939171766,63040,328529577
USA,2019,United States,,,,,,,,,,3693405000000,2554096000000,61047.9648238812,65227.9565911038,62064.504608359,65840,330226227
USA,2020,United States,,,,,,,,,,3126846000000,2172842000000,59533.609024416,64465.2971415748,60185.39172286,64630,331578104
USA,2021,United States,,,,,,,,,,3632484000000,2584070000000,63096.7856149746,71441.2319805947,64024.4060902827,71510,332100166
USA,2022,United States,,,,,,,,,,4243430000000,3058445000000,64322.2332819139,78008.6895811877,65508.3401395969,77230,333996304
USA,2023,United States,,,,,,,,,,4455787000000,3092530000000,65667.281580468,82586.7847707894,66068.2608923684,79950,336755052
USA,2024,United States,,,,,,,,,,4683597000000,3232522000000,66856.5131698371,86169.6641581917,67190.7953150685,82910,340003797
UZB,2010,Uzbekistan,3.29436770146777,3.28454863243666,4.67987513238309,433204867.8,1295054.2,617236922,15.7770566776219,7986413935.7,3428320482.8,13189175021.5501,12063324260.3018,2359.64199067641,1956.78127255673,,1460,28385506
UZB,2011,Uzbekistan,2.31208665213519,2.30927058658908,3.9427672893666,363469090,443236.4,620574326.4,13.3983031953089,8214908762.9,3758625190.3,15739562618.2059,14248021468.855,2512.68783806993,2338.55462817306,,1880,28823196
UZB,2012,Uzbekistan,2.5714394292053,2.57059712685542,4.81799987024689,368530066.9,120755.5,690725822.4,12.517313116097,8550628096.6,3947093949.6,14336360336.2779,12984519364.8866,2657.09909084172,2573.95586785056,,2460,29261903
UZB,2013,Uzbekistan,2.3168208397979,2.31343789244594,4.55235291927451,355038027.1,519173.2,698639200.3,13.8661401706269,10316705357.1,4319953006.4,15346771497.9211,13593834983.7329,2823.00205379328,2781.38869470315,,2780,29724065
UZB,2014,Uzbekistan,2.69103451927411,2.68966644935661,6.19316425490547,391381123.6,199071.8,901185195.4,14.9082910918395,12218877368.7,4821099896,14551288457.854,12927452038.6042,2990.56339751192,3021.00331668049,,3000,30222994
UZB,2015,Uzbekistan,2.72508782549936,2.72375634932015,9.12617589551014,377802913.3,184684.5,1265860597.8,15.4883044347435,13571303501.2,5731951362.6,13870657461.498,11845442765.034,3172.89899391083,3172.89899391083,3219.29504158974,3170,30749346
UZB,2016,Uzbekistan,3.53794442503844,3.53552604735193,10.8677385566558,451144829.7,308593,1386759422.7,17.6278326041901,15334623459.2,6442910516.1,12760331098.0526,10549916892.6191,3327.90932206401,3128.42307170099,,3230,31284568
UZB,2017,Uzbekistan,3.18695215797731,3.18564947140911,12.8193393706197,478158273,195530.1,1924151803.1,23.5509763848597,16701437846.8,7553257611.7,15009757893.6861,12412218530.1396,3425.78819696408,2271.4730109511,,2890,31819178
UZB,2018,Uzbekistan,3.17180717059141,3.16978197271569,5.95919749720275,549649879.9,351175.5,1033343055.4,30.3280220309687,18258516232.9,9935334116.5,17340305567.7388,14135137288.3331,3559.85436594803,1894.09088741408,,2490,32373490
UZB,2019,Uzbekistan,3.78153562380277,3.76348239253169,13.5527068156173,752056247.7,3607575.1,2708235822.8,36.6925126519291,24961864235.4,15347065500.5,19982988340.5962,17025733993.0532,3733.50435754861,2128.66067138334,,2240,32964701
UZB,2020,Uzbekistan,5.88137483729582,5.86683989916493,19.9879009093944,966582597.3,2394682.4,3293077279.7,55.7841269753241,37154092630,22173317490.6,16475353238.0793,14536446559.4741,3723.82133264406,2087.96374711792,,2090,33586372
UZB,2021,Uzbekistan,7.7552015866112,7.7374283296991,26.0113593675524,1469807508.8,3376220.8,4941136729.6,57.7526022783528,44872282608.6,25955007857.7,18996072676.4775,16442040412.3617,3951.99657327359,2370.36480555669,,2360,34243696
UZB,2022,Uzbekistan,7.21403171798501,7.14184610149438,29.926973896313,1805977902.4,18253771.7,7567714674.1,58.8223840472191,53592822615.9,29258375673.5,25287269940.2205,20965866718.8481,4109.08421031655,2698.60262953369,,2620,34938955
UZB,2023,Uzbekistan,10.9360868011041,10.5656908393565,32.6082639196463,3208508188.4,112479012.9,9902228201.3,59.4107717535195,61569881480.8,32990564016.7,30367235206.6986,25049592258.7527,4281.20542121225,3015.97705069457,,2880,35652307
UZB,2024,Uzbekistan,14.4023782107747,13.8701207009418,36.0356756918143,4416343938.1,169474532.9,11474012471,60.5136500172241,70256401083.6,39164853498.1,31840702999.7952,26173300017.0365,4477.90745486742,3337.45492058664,,3170,36361859
VCT,2010,St. Vincent and the Grenadines,15.2107923379665,15.1942913481476,15.2107923379665,35902601.3,38990.2,35941591.5,41.9505430959613,297080726,279142940.6,236290067.613959,227565140.036563,6678.04200697308,6551.96835992405,,6310,109959
VCT,2011,St. Vincent and the Grenadines,14.3412452094741,14.3357165701329,14.341245209474,34602179.3,13344.5,34615523.8,43.5872673623893,305483106.8,282490091.1,241370420.032511,233050831.181177,6674.58198966102,6527.68996854448,,6390,109349
VCT,2012,St. Vincent and the Grenadines,14.3944234771356,14.3929708458589,14.3944234771356,36021285.2,3635.5,36024920.7,40.1852157698969,291830439.6,268812639.4,250269979.601633,242809745.625664,6790.68325958275,6713.80768643865,,6720,108736
VCT,2013,St. Vincent and the Grenadines,11.985436399478,11.9795397338932,11.985436399478,31755199.1,15630.8,31770829.9,42.0415206130744,319961399.2,296912512,265078624.099024,257638831.076252,6996.57386151332,7072.46737188939,,6980,108135
VCT,2014,St. Vincent and the Grenadines,11.4446156986651,11.2228324578355,11.4446156986651,29451737.2,582019,30033756.2,48.3668107122273,357428939.8,330272538.4,262426952.470786,256070304.00341,7116.22071347207,7168.82875342911,,6860,107535
VCT,2015,St. Vincent and the Grenadines,11.535994348576,11.1637068385922,11.535994348576,32431410.5,1081523.3,33512933.8,48.4265361491577,371370550.7,346314557.6,290507543.496992,283889157.207832,7353.73556054184,7353.73556054184,7169.7276932879,7110,106960
VCT,2016,St. Vincent and the Grenadines,13.4120433776443,12.9698470444866,13.4120433776443,40118797.3,1367817.6,41486614.9,44.811479543064,361331556.4,334328454.5,309323596.202734,302562864.110209,7702.8942635647,7656.90042881178,,7480,106349
VCT,2017,St. Vincent and the Grenadines,13.9155313043729,13.1295259372511,13.9155313043729,39471871.2,2363002.5,41834873.7,42.3303637779955,355330480.3,333095688.8,300634397.53,293165598.860022,7872.92690537077,7988.04445019298,,7730,105663
VCT,2018,St. Vincent and the Grenadines,14.459751142993,13.3915104563462,14.459751142993,44076759.9,3516002.8,47592762.7,37.4053165618246,330129626.3,312156426.9,329139569.757137,321788373.771149,8179.99598957084,8428.12677153069,,8370,104926
VCT,2019,St. Vincent and the Grenadines,13.6960791658541,12.918878999946,13.6960791658541,43705818.3,2629343.4,46335161.7,37.4744770619092,340522245.4,325161818.8,338309680.740741,328651205.925926,8294.67434486665,8740.59425232061,,8700,104167
VCT,2020,St. Vincent and the Grenadines,21.8519449738532,21.0486843676219,22.4886217828313,40300425.4,1537946.2,43057371.6,52.7249795073108,451681230,366385076.8,191462918.518519,184626819.259259,7989.74651933597,8351.20324040982,,8360,103526
VCT,2021,St. Vincent and the Grenadines,22.4259275893625,21.5676789627507,23.3152782144474,31574856.1,1256467,34133323.1,65.532967595027,571430487.4,452626632.6,146398952.592593,140606962.592593,8211.33588012942,8641.27904024443,,8720,102841
VCT,2022,St. Vincent and the Grenadines,11.4504322245814,11.1391509226363,11.8873905534564,31942075.9,892614.8,34087690.7,63.8018630118326,624480820,504789974.4,286755032.962963,278292067.407407,8532.7381341339,9693.55867833025,,9520,102046
VCT,2023,St. Vincent and the Grenadines,10.8528040842263,10.4215127510238,11.0998163297979,36941665.7,1528820.3,39556486,65.0032164870242,698454746.1,579277523.2,354475080.37037,343192963.703704,9051.35208011007,10582.3656725229,,10210,101323
VCT,2024,St. Vincent and the Grenadines,10.0404821877177,9.68237824555204,10.089413090495,41314707.4,1528029.5,44142736.9,70.3081457169149,806447451.4,690588809.2,426699994.074074,412413018.518519,9485.18771201686,11501.2265187188,,11210,100616
VEN,2010,"Venezuela, RB",,,,,,,,,,70481000000,68731000000,4323.73301534677,13646.3046622664,,11650,28813101
VEN,2011,"Venezuela, RB",,,,,,,,,,97678000000,95655000000,4444.55159079494,10843.9229703167,,11850,29185212
VEN,2012,"Venezuela, RB",,,,,,,,,,101810000000,100033000000,4638.41209800487,12582.0125686037,4493.31212975159,12480,29553826
VEN,2013,"Venezuela, RB",,,,,,,,,,93188000000,90965000000,4642.55149314778,8642.37380007027,3887.92026292646,10330,29912198
VEN,2014,"Venezuela, RB",,,,,,,,,,78620000000,76802000000,4412.9795921313,7101.15006382986,4638.06611919965,8380,30254079
VEN,2015,"Venezuela, RB",,,,,,,,,,39718000000,38867000000,4096.61989137473,4096.61989137473,3846.13840628325,5280,30573972
VEN,2016,"Venezuela, RB",,,,,,,,,,29291000000,28684000000,3374.43091608185,3671.23004093383,2811.3530348859,3680,30765720
VEN,2017,"Venezuela, RB",,,,,,,,,,,,2863.33227846365,3791.63262049576,2310.11722663189,2950,30565323
VEN,2018,"Venezuela, RB",,,,,,,,,,,,2359.38238345005,3421.51341607593,2088.61521623708,2800,29807592
VEN,2019,"Venezuela, RB",,,,,,,,,,,,1759.05547364548,2523.11527549578,1691.9260412821,2370,28938098
VEN,2020,"Venezuela, RB",,,,,,,,,,,,1255.86457068119,1506.04169391285,819.007032741521,1670,28444077
VEN,2021,"Venezuela, RB",,,,,,,,,,,,1272.94397516527,2004.93572921136,947.310621781428,1790,28237826
VEN,2022,"Venezuela, RB",,,,,,,,,,,,1376.93801227125,3155.04190923584,1056.13319090075,2260,28213017
VEN,2023,"Venezuela, RB",,,,,,,,,,,,1427.88655943805,3617.47038396528,1179.09382904885,3040,28300854
VEN,2024,"Venezuela, RB",,,,,,,,,,,,1501.22207949327,4244.45723136019,1235.51489295341,3840,28405543
VGB,2010,British Virgin Islands,,,,,,,,,,,,,,,,27675
VGB,2011,British Virgin Islands,,,,,,,,,,,,,,,,28710
VGB,2012,British Virgin Islands,,,,,,,,,,,,,,,,30345
VGB,2013,British Virgin Islands,,,,,,,,,,,,,,,,31703
VGB,2014,British Virgin Islands,,,,,,,,,,,,,,,,32962
VGB,2015,British Virgin Islands,,,,,,,,,,,,,,,,34498
VGB,2016,British Virgin Islands,,,,,,,,,,,,,,,,33878
VGB,2017,British Virgin Islands,,,,,,,,,,,,,,,,32699
VGB,2018,British Virgin Islands,,,,,,,,,,,,,,,,34657
VGB,2019,British Virgin Islands,,,,,,,,,,,,,,,,36395
VGB,2020,British Virgin Islands,,,,,,,,,,,,,,,,37135
VGB,2021,British Virgin Islands,,,,,,,,,,,,,,,,37809
VGB,2022,British Virgin Islands,,,,,,,,,,,,,,,,38319
VGB,2023,British Virgin Islands,,,,,,,,,,,,,,,,38985
VGB,2024,British Virgin Islands,,,,,,,,,,,,,,,,39471
VIR,2010,Virgin Islands (U.S.),,,,,,,,,,,,47162.7375570431,39905.1284180994,,,108357
VIR,2011,Virgin Islands (U.S.),,,,,,,,,,,,43320.176769501,38997.1373164651,,,108290
VIR,2012,Virgin Islands (U.S.),,,,,,,,,,,,36938.1682086351,37795.3192590675,,,108188
VIR,2013,Virgin Islands (U.S.),,,,,,,,,,,,34663.6460602129,34597.9766940328,,,108041
VIR,2014,Virgin Islands (U.S.),,,,,,,,,,,,34098.7109972738,33045.3643795999,,,107882
VIR,2015,Virgin Islands (U.S.),,,,,,,,,,,,34007.3529411765,34007.3529411765,,,107712
VIR,2016,Virgin Islands (U.S.),,,,,,,,,,,,34614.7482633247,35324.9748874586,,,107516
VIR,2017,Virgin Islands (U.S.),,,,,,,,,,,,34435.4944455756,35365.0693039774,,,107281
VIR,2018,Virgin Islands (U.S.),,,,,,,,,,,,35174.1019944986,36663.2087550584,,,107001
VIR,2019,Virgin Islands (U.S.),,,,,,,,,,,,36309.7438446842,38633.5298915336,,,106669
VIR,2020,Virgin Islands (U.S.),,,,,,,,,,,,35850.7433148653,39787.3741650202,,,106290
VIR,2021,Virgin Islands (U.S.),,,,,,,,,,,,37313.0484931531,42571.0777368471,,,105870
VIR,2022,Virgin Islands (U.S.),,,,,,,,,,,,36983.431060272,44320.909185774,,,105413
VIR,2023,Virgin Islands (U.S.),,,,,,,,,,,,,,,,104917
VIR,2024,Virgin Islands (U.S.),,,,,,,,,,,,,,,,104377
VNM,2010,Viet Nam,2.05668525769466,2.00744861677043,2.35043484660587,1609030289.8,39464644.8,1883944042.6,31.5643856988691,45021621601.7,32804660643.7,80153000000,79697000000,2027.58184375924,1683.16182443979,1866.4424848282,1370,87455152
VNM,2011,Viet Nam,1.81023910717649,1.77899964870974,3.94251445658316,1888941827,33170057,4186161850,32.3790967192749,54319557705.4,37064350317.2,106180000000,105785000000,2132.90453762087,1950.92504174913,1959.46603644054,1630,88468314
VNM,2012,Viet Nam,1.81279499931787,1.80250102143505,3.61229378375559,2246078497.8,12827222.9,4501243161,32.875948016499,62254441307.6,40488721211.2,124609000000,124314000000,2224.11404253256,2185.11767654291,2138.06639936697,1980,89510356
VNM,2013,Viet Nam,1.8913189372413,1.89088410854122,3.18606302452735,2704418087.4,621909.4,4556834780.2,32.1019722734645,66249485679.8,43548778547.7,143024000000,142743000000,2320.08431444934,2359.51736472828,2231.47061449646,2200,90573104
VNM,2014,Viet Nam,2.23833542622748,2.2381877064578,4.23766383028915,3614896964.7,238582.2,6844250852.3,33.2733273586748,74733824699.1,46372582487.8,161510000000,161187000000,2439.28655744423,2546.38464459903,2377.89307125246,2390,91679578
VNM,2015,Viet Nam,1.63147231127567,1.63134501998088,3.93021313872606,2833091642.4,221061.7,6825443949.5,36.0276512949194,81824874001.8,49206478548,173666000000,173267000000,2577.56885340113,2577.56885340113,2446.76695053606,2460,92823254
VNM,2016,Viet Nam,1.92999625569886,1.92980137157344,4.06868318587895,3661431440.3,369755.6,7719553295.4,37.2434368821309,90484088511.7,51486963017,189731000000,189081000000,2715.57887431272,2735.0604380416,2624.05428233761,2560,94000117
VNM,2017,Viet Nam,1.61072210532293,1.61062034145212,6.28582677474731,3687257572.5,232972.1,14390394668.5,41.5701252327449,109893164470.1,56219648492.8,228934000000,228189000000,2868.13680013379,2956.10992127753,2780.07382936781,2680,95176977
VNM,2018,Viet Nam,1.58974776463125,1.58958552974308,7.26567450189829,4134551702.5,421977,18898201021.3,38.2695640665703,112621985456.9,56619037795.8,260102500000,258487500000,3048.28327602145,3222.31003125366,2971.55098893193,3020,96237319
VNM,2019,Viet Nam,1.57172563461138,1.57019879948987,6.0937874484832,4444651827.8,4321905.3,17249257565.3,38.5732191379908,122495972199.3,55824332547.1,283063000000,280826000000,3241.07648966529,3440.90025375434,3169.31506386282,3290,97173776
VNM,2020,Viet Nam,1.75299631265493,1.75252488309898,5.86707620715429,5111361498.3,1374957.3,17111738453.5,39.0234679461042,129479217056.5,55651420551.4,291657000000,290229000000,3303.16949807493,3534.03953482647,3230.38149769606,3400,98079191
VNM,2021,Viet Nam,1.32174140266426,1.32142651043071,6.06864858953762,4507491541.2,1074122.6,20700645830.8,40.2192163533687,139852502036.8,51374118820.5,341108000000,340126000000,3358.21734764714,3704.1935590038,3165.46733231098,3540,98935098
VNM,2022,Viet Nam,1.14288596629701,1.13643161158731,6.76588446873016,4404377082.5,25014626.2,26221997164.7,37.2580281492659,146621789309.1,46460102273.6,387562000000,385241000000,3617.66311280437,4147.69777213621,3425.1834051378,3980,99680655
VNM,2023,Viet Nam,1.24319845398472,1.22411304302347,7.54231510337596,4645961920.1,72436196.2,28625876473.9,34.4790753177648,141845082045.7,43883434070.6,379537000000,374986000000,3772.36029116103,4322.82572261566,3647.93054655244,4140,100352192
VNM,2024,Viet Nam,1.3551328326138,1.33853350084994,7.72326875884348,5850609464.2,72554185.2,33590426649.4,28.849298110528,132907340372.3,38450213371.2,437091000000,431549000000,4012.50779921084,4716.6599379632,3884.99738537004,4490,100987686
VUT,2010,Vanuatu,1.44471639679013,1.42262992723809,1.62049542473665,5163516.4,80164.1,5881680.5,27.3648550562684,177656192.9,102604923.8,362955699.239684,325463444.732839,3214.3726213639,2815.18828985779,3278.33878490556,2580,238248
VUT,2011,Vanuatu,1.25213272173843,1.24515112500628,1.55570917132584,4893216.5,27436.4,6113652.9,23.7567388551866,178444531.3,106470691.8,392981735.448002,350516945.06712,3244.13703026186,3163.1861645138,3226.89992127698,2790,243474
VUT,2012,Vanuatu,1.22931456929846,1.22741591331754,1.4182962209556,4832201.6,7474.8,5583676.4,25.855700827128,182211940.2,105211262.4,393689013.444449,356479438.472964,3205.68705963169,3004.78416664293,3210.23242591367,2840,248883
VUT,2013,Vanuatu,1.49564427015537,1.48807459904186,1.69868302610168,6317613.1,32137,7211750.1,20.9067930822229,158471630.7,109735863.1,424549488.585302,390939130.916798,3149.6849727764,3392.56675091682,3276.75097131724,3160,254482
VUT,2014,Vanuatu,1.61735294577336,1.61453994226752,1.82282523054463,6977639.2,12157.1,7877796.3,25.865563403427,203273624.2,98934912.8,432175074.603627,379293470.289617,3175.63375342175,3378.36411965135,3302.87309728959,3330,260240
VUT,2015,Vanuatu,1.80754455735633,1.80113284058679,1.99600652619213,6288512.3,22386,6968898.3,33.2323678880065,256793136.3,171979037.2,349142059.83559,296571381.757404,3214.41948587141,3214.41948587141,3298.73040750375,3400,266101
VUT,2016,Vanuatu,1.99795592669782,1.96271034282822,2.12985310642014,8050409.4,144566.1,8735975.5,35.705409422873,293420900.7,210859016,410167981.710412,346337078.825647,3257.49719984988,3339.83436471043,3296.34202628853,3390,272087
VUT,2017,Vanuatu,1.83609296980404,1.79753798229588,2.15266404965886,8534259,183049.4,10220308.4,45.4941987477276,401420199.8,287597526.2,474774891.215359,376540538.521898,3316.81034596861,3585.31798081216,3187.87364543583,3550,278507
VUT,2018,Vanuatu,3.71662446245267,3.09519183886809,4.00167993537039,16200447.5,3252621.2,20945068.7,42.7318377452227,402236822.4,313804791.3,523406895.06097,392069445.592105,3319.75630455318,3626.18862522473,3234.50651766627,3910,285259
VUT,2019,Vanuatu,6.46964276218776,5.2056514190139,6.75299405149114,25720412.3,6245208.5,33365620.8,39.6770242613178,424722517.3,345467571.6,494086334.82555,325388305.717221,3349.5593410421,3635.62344878185,3100.88249221951,4120,291985
VUT,2020,Vanuatu,6.20271073096175,4.60890300729328,6.44062634128561,12262480.8,4240496.4,17135977.2,43.4258594364542,439945229.1,367094328.2,266060725.96007,132943049.522542,3085.16558189305,3404.30359167624,3335.23277862475,3740,298858
VUT,2021,Vanuatu,5.91182375469219,5.06378378614486,6.05502714026714,14639364,2451677.7,17505041.7,42.5907279193741,476744807.9,373853896.6,289099310.283648,82079870.2905825,2979.39062838967,3576.13770954363,3402.10411637906,3990,305868
VUT,2022,Vanuatu,5.91966169533948,5.10060114015216,6.12229187091228,18451055.6,2962892.3,22146947.9,39.0105450999343,463433624.1,374001825.3,361742765.078266,152086796.303769,3073.86062658113,3679.53524327491,3418.6224306581,4340,313046
VUT,2023,Vanuatu,,,5.4619284347247,18118327.6,4260952.7,25487280.3,36.7415629827926,470663727,362290706,,,3178.3031116212,3708.18942411253,3328.26089877411,4210,320409
VUT,2024,Vanuatu,,,6.51419321696924,15372759.9,4253524.3,26166284.2,39.1625526066862,519876544.1,352895056.7,,,3223.85237984109,3959.87703462363,3258.93804495746,4130,327777
WSM,2010,Samoa,5.03271857082244,5.00609690194857,5.03271857082246,10565098.2,56183.6,10621281.8,49.2281340404688,325098258.9,299085556.7,211044620.328617,204231278.609345,4081.15535978003,3524.2479246203,3557.42441917095,3430,193023
WSM,2011,Samoa,5.55376780725448,5.54503423639202,5.55376780725447,11877140.3,18706.8,11895847.1,51.4266504216745,368308475.7,342376174.9,214194174.348833,208397679.652066,4201.45663738908,3821.50678264479,3930.43026696102,3570,194713
WSM,2012,Samoa,5.82348193787622,5.82125765495752,5.82348193787621,13338249.1,5096.5,13343345.6,56.6667304370635,422904430.8,396943888.6,229130024.654395,222169071.684594,4007.91092846814,3934.60320799981,3793.3452356447,3590,196498
WSM,2013,Samoa,5.96845391782624,5.95966258195165,6.2565286890871,14853913.5,21911.6,15593825.1,60.7430476275739,467876307.3,412288130.7,249240847.040298,230141451.888586,3976.39289268132,4023.5254013825,3469.71844560251,3750,198268
WSM,2014,Samoa,7.80895889681369,7.80522458460882,8.30657776637789,19057452.3,9117.8,20281570.1,63.0681594321805,483662948.9,417309114.1,244162766.790587,225924771.439702,3967.23730470679,3982.68080202084,3785.58621453543,3830,200037
WSM,2015,Samoa,8.76453644366655,8.08334259548008,9.78504575438771,19358656.6,1631379.3,23434035.9,57.7230691008524,466304621,407588456,239488260.844278,231414415.499994,4084.36083819933,4084.36083819933,4003.48202319718,3970,201782
WSM,2016,Samoa,8.95265277567304,8.31931885724339,10.3198927253556,21345317.3,1624978.4,26478295.7,53.8119894638802,444079880.5,390071498.3,256575299.808532,248249692.321023,4373.23792440391,4147.07097674888,4225.19711850609,4120,203499
WSM,2017,Samoa,9.0112119035571,8.44258874673625,10.9601496389798,24007348.2,1616937,31166285.2,55.0966362857982,473243541.6,415716498.8,284360033.636375,278392003.174767,4393.37316255965,4307.59381964907,4218.56434795916,4100,205415
WSM,2018,Samoa,9.92836645191258,9.12000110317661,11.7146919201636,27957461.8,2478052.7,35911514.5,52.574262285949,446524190.6,403181671.1,306551079.146932,301045362.328637,4321.00518344962,4231.81409469194,4335.21857958159,4100,207582
WSM,2019,Samoa,8.82277778918282,7.84589315133799,10.5123638835958,26965836,3357490.4,36130326.4,49.5769047016337,434855300.1,387604109.7,343693643.029046,336781581.565598,4466.08075482035,4351.94234943706,4444.07459958277,4270,209780
WSM,2020,Samoa,18.6840202296533,17.3629391477651,19.4990246157482,21879316,1664715.3,24571031.3,56.9277996936748,477263797.5,393893652.2,126011591.780625,116519130.116282,4283.06392492734,4099.59660548583,4334.20852916197,4080,211944
WSM,2021,Samoa,14.1667719498569,12.647000057078,16.3431449425687,13917451.3,1672440.2,17984891.5,60.9719418526438,505617952.8,380993850.5,110045475.11021,97774087.7071804,4032.1373106241,4021.55934894283,3922.42008992266,3990,213779
WSM,2022,Samoa,18.8320346451044,17.7771225302508,20.5129930369056,34053391.7,2020762.1,39294153.8,57.9346120849764,470703052.2,328818094.4,191557388.672168,175377319.857162,4095.15875576978,4132.44717734444,4005.42284330017,4130,215261
WSM,2023,Samoa,9.81833081451433,9.25428837354263,10.3517317027917,34976779.7,2131810.4,39124590.1,46.7804769118191,432494880.4,296210272.6,377952126.497335,346187154.1621,4688.46305366113,4822.74084650019,4680.59668896683,4800,216663
WSM,2024,Samoa,8.78972497491381,8.45411441000061,9.03364082612879,34244345.3,1359428.5,36591773.8,37.560249218259,394938377.5,258330941,405061294.882541,369614096.348104,4880.54418032056,5392.87761915762,5043.2121940589,5040,218019
XKX,2010,Kosovo,1.8580159061383,1.83307123444781,8.1064469310054,25658000,349157.4,113468157.4,31.3073533728786,1701042979.9,318968000,1399727381.99283,1152394020.86418,2822.63227046091,2987.54523493128,2853.93346608787,3130,1788743
XKX,2011,Kosovo,1.49413793226643,1.46724268925091,6.70108839347471,28233771.3,517538.2,128947309.5,29.9397911066758,1945016128.6,299378000,1924274116.80712,1591187809.94672,2995.64811314457,3538.94809762524,3114.50758137721,3400,1791949
XKX,2012,Kosovo,1.47285183878414,1.44071496206437,7.28041069250234,25860912.6,576858.7,130683771.3,31.5379267123981,2006077874.4,294707716,1795005485.53647,1499391741.67805,3021.35000691677,3410.65497983011,3198.55060899406,3540,1807126
XKX,2013,Kosovo,1.75622286685103,1.4759484060456,8.11013310347195,27281737.7,5180651.5,149909389.2,32.2015495096921,2220856034,300175062.7,1848420824.75593,1546188467.1148,3163.4704088827,3704.55812411167,3336.63827049843,3800,1818119
XKX,2014,Kosovo,2.19918016442589,1.38799244827086,7.94554718281062,27075718.1,15823926.1,154994644.2,29.1238036677355,2104353099.9,272995586,1950710764.58164,1664175588.95417,3279.02345017707,3902.49322261901,3432.70942063704,3900,1812788
XKX,2015,Kosovo,2.61124270473844,1.43595247024096,9.99388918600321,23846549.5,19517788.6,165966338.1,32.8651708346188,2102921437.4,265104457.3,1660678190.5531,1414596174.60671,3520.62685324451,3520.62685324451,3578.1034098688,3930,1788274
XKX,2016,Kosovo,4.65625380381152,1.59879678272901,12.2520937202774,29294211.5,56020748.6,224490960.1,31.4062532419316,2124679279.7,274180865.8,1832266102.63733,1596754877.20836,3739.17386677497,3759.44777525332,3833.32763728368,3930,1777568
XKX,2017,Kosovo,3.51513699509759,1.35396956804131,8.94682678566065,30452843.7,48607956.5,201227800.2,34.1887559698762,2504211067.7,313387828.3,2249152744.552,1988889207.53146,3890.17624537261,4009.32022064732,3951.61600639387,3950,1791019
XKX,2018,Kosovo,1.5695841687367,1.23505012184406,10.6248886557458,31983517.4,8663272.3,275147789.7,29.0232835001384,2325432781.1,304635715,2589653394.16714,2278377702.89558,4009.11952439378,4384.18796440547,4058.78819756898,4300,1797086
XKX,2019,Kosovo,2.75865520188114,1.30058926257527,10.0229924746323,34105761.1,38235321.5,262836082.6,29.9206351699569,2417453907.3,319749435.4,2622331437.09552,2311537786.01406,4219.06495675744,4415.6992744623,4295.4437533559,4640,1788891
XKX,2020,Kosovo,5.740543987925,1.88035709587527,18.7582670295062,37956634.5,77921211.5,378651846,39.0733723657039,3088370306,517440922,2018586500.57807,1687283575.44563,3990.94425586648,4320.58382547288,4170.65239370193,4450,1790151
XKX,2021,Kosovo,3.06408522254908,1.26488633934018,11.7815183209388,44116469,62752121.9,410913590.9,34.8781446933578,3345673086.2,596240725.5,3487781283.41658,3138296941.1104,4429.87389440857,5269.69946181439,4474.73860583219,5140,1786079
XKX,2022,Kosovo,1.61588871536006,1.20265255472162,7.66021343654523,48489695.5,16661250.6,302630946.1,38.6265307788349,3660395633.4,642325057.7,4031895605.22939,3660344996.07549,4666.38918595784,5298.1473871027,4460.66919368521,5610,1768096
XKX,2023,Kosovo,1.55952084861502,1.06752526125115,5.66235770770456,49989764.9,23039027.4,264459792.3,39.6960165578747,4240846707.8,694331736.7,4682771145.05109,4167825699.10416,5102.74674921908,6220.33213919344,4954.69136674227,6290,1682668
XKX,2024,Kosovo,1.66619411597286,0.946249673863451,7.17785302460144,49842222.3,37921948,376948170.3,38.6087239918158,4395488576.1,732224103.9,5267343670.1435,4690412380.46438,5631.67958854422,7026.6988128325,5528.57249325417,6920,1594353
YEM,2010,"Yemen, Rep.",2.75557071670601,2.45277239362377,2.75557071670601,228721180.2,28235962.7,256957142.9,22.3614461274604,6504445072,5944744525.7,9325006298.77373,9270503494.65773,2356.19960422096,1155.20305261418,2233.49697230205,1040,26754387
YEM,2011,"Yemen, Rep.",2.63495345635786,2.39326476704621,2.63495345635786,249792824.9,25225834.3,275018659.2,21.1560386850362,6429107186.2,5887842504.5,10437325127.5619,10384043196.4384,1994.83663337222,1186.47500581215,1865.69484703598,930,27582897
YEM,2012,"Yemen, Rep.",2.70662767220756,2.70549410966618,2.70662767220756,254716749.3,106722.6,254823471.9,22.4223066776646,7585844974.3,6942115606.1,9414795929.14096,9385475847.14096,1981.45800046603,1245.05068272078,1907.64296840924,1080,28433647
YEM,2013,"Yemen, Rep.",2.81177820627379,2.80699471926086,2.8266027945508,269251760.4,458840.3,271132600.7,19.9195898806446,7688888675.9,6924480065.5,9592171960.72602,9567265397.75143,2014.7289059487,1378.75002954928,1938.23448320375,1230,29312952
YEM,2014,"Yemen, Rep.",3.81984003892162,3.8179761621177,3.84110344749818,361087453.8,176277.3,363274731.1,18.9285075475327,7723142216.8,6861844490.7,9457561767.48146,9430397528.4098,1950.1625450589,1430.16420964026,1854.01440944082,1250,30226309
YEM,2015,"Yemen, Rep.",18.8468772797404,18.8382899181342,18.9446037336929,356037900.4,162298.5,358047198.9,17.6143618724711,7298886699.6,6476660913.3,1889969322.8379,1867305763.53765,1362.1738120601,1362.1738120601,1329.84466135396,1030,31159379
YEM,2016,"Yemen, Rep.",14.5053683530225,13.4660407652777,14.5629550318343,128845570.1,9944478.7,139341048.8,22.8411480514233,7062871730.7,6322415766.8,956818506.24,938468580.24,1197.95865971172,975.359417003225,1167.4893656968,970,32109010
YEM,2017,"Yemen, Rep.",,,,78892000,18263345.5,99011345.5,27.5534343808365,7193099657.9,6316885577.2,,,1103.45634849842,811.165970405745,1083.60963826411,880,33090921
YEM,2018,"Yemen, Rep.",,,,83895000,27404430.7,111299430.7,33.5129923155829,7036509959,6205138005.7,,,1079.32938366255,633.887202451545,991.399019395539,740,34085182
YEM,2019,"Yemen, Rep.",,,,84041000,29623289.6,114724289.6,,7055219065.7,6188033657.6,,,,,,,35111408
YEM,2020,"Yemen, Rep.",,,,86051000,48041314,134552314,,7120836024.2,6251311659.2,,,,,,,36134863
YEM,2021,"Yemen, Rep.",,,,91361000,31762118.3,123408118.3,,7601630730.3,6107650687,,,,,,,37140230
YEM,2022,"Yemen, Rep.",,,,87817000,26983196.4,116149196.4,,7351067998.2,5895706365.7,,,,,,,38222876
YEM,2023,"Yemen, Rep.",,,,88639000,48664775.9,138936775.9,,7283022249.3,5814628864.4,,,,,,,39390799
YEM,2024,"Yemen, Rep.",,,,90250000,48660636.5,138971636.5,,7086874767.4,5664615782.8,,,,,,,40583164
ZAF,2010,South Africa,2.88422908356794,2.87641937797775,5.91149905218164,3240678260.5,8798697.2,6660108957.7,28.1821106821805,115330364542.4,36337771664.3,112663622186.357,107953656098.772,5953.94506512821,7973.47195771517,5838.8111767987,6730,52344051
ZAF,2011,South Africa,2.8569200822038,2.85464341288952,5.07409216954275,3775876085.8,3011381.8,6711571467.6,27.7434703939165,124146392176.7,44304959874.7,132271374727.605,126935038374.302,6067.12482726885,8646.05571071635,6033.04414931387,7620,52995205
ZAF,2012,South Africa,4.83056284624507,4.82990054485143,8.59885489485278,5983012671.9,820422.2,10651784094.1,34.9384853404741,147970332050,61146542010.2,123874448683.581,117934929474.945,6121.55783860713,8076.97678479741,6001.34489925094,8220,53782567
ZAF,2013,South Africa,6.99992104722146,6.99699054821907,11.2130810024538,8421943851.5,3527301.9,13496650875,36.2098641892608,141651073880.4,60080126819.6,120365231215.635,113644229416.438,6170.87670863373,7331.65467384919,6026.41503777141,7930,54678791
ZAF,2014,South Africa,3.75524531786027,3.75409545828852,8.56574794473972,4430475503.1,1357031.2,10109049398.6,40.169798601073,149329312096.2,62671459506.9,118017124293.367,110444934431.209,6155.00589462516,6856.73137092522,5976.04497765947,7230,55594838
ZAF,2015,South Africa,15.2452680842176,15.2440666560134,25.9905721005608,15888483163.7,1252216.5,27089278507.7,37.711086621978,127752573028.5,53921079643.8,104227326750.978,96346520856.1963,6112.27382485974,6112.27382485974,5972.24074216546,6450,56723537
ZAF,2016,South Africa,5.84517858243813,5.8430269645674,14.7939893799428,5692554327.1,2096208.3,14413006951.8,45.6902115131597,144058545587,69692821932.2,97424748535.6497,91482650746.4622,6095.295060428,5651.20585165749,5966.19553190773,5880,57259551
ZAF,2017,South Africa,5.02045539781844,5.01925411427074,13.4781054057055,5533393772,1324335.2,14858714624.2,47.1927189929926,175025046978.8,90642855111.9,110243347836.633,104172007272.968,6125.6920507497,6618.33508255701,6049.08301439311,5850,57635162
ZAF,2018,South Africa,13.1669007311115,13.1648966538182,24.3318090898163,15701744729.6,2390258.8,29020497857.6,45.7412901934993,180194489501,88677367773.7,119269791039.689,111372874801.582,6117.2701406047,6914.1780318076,6011.64471258986,6250,58613001
ZAF,2019,South Africa,6.7304535794012,6.70902602480997,18.7330823475481,7674047868.5,24509679.8,21427636459.9,50.2481328155576,190747897765,102063560338.8,114383933526.586,105833418675.255,6032.82972598668,6533.71121032856,6008.78933753678,6570,59587885
ZAF,2020,South Africa,10.9140812739139,10.8947053484922,27.2658396660534,11114949265,19767623,27817037254.5,52.7841323729174,175427437079.7,99445668664.1,102021568362.455,94127119249.9361,5569.58483319272,5580.60383075189,5698.00810498423,5930,60562381
ZAF,2021,South Africa,7.98647598151203,7.95158076559588,18.7244983079101,11332348875.5,49731590.8,26685580339.2,41.0418957615734,169447431525.1,95187234761.7,142516931030.012,131178522207.509,5750.90937479584,6828.75624590017,5955.3622820371,6320,61502603
ZAF,2022,South Africa,9.33172016600712,9.22733174834415,18.6241594461537,13679142741.2,154751569,27609556310.2,43.0995184381018,171731622090.9,91244938070.7,148245918909.925,136876171263.964,5786.86505344736,6534.24867783397,5892.42737038987,6530,62378410
ZAF,2023,South Africa,7.89533193237412,7.22052904288848,16.5005264998453,10008620161.1,935367168.3,22871939329.4,44.1610440626778,165839388756.3,89525721862.4,138613391091.578,126819849521.594,5756.55049453121,6034.27208964673,5816.16502601186,6490,63212384
ZAF,2024,South Africa,8.19273117897214,6.45468056887511,16.300535727928,8932169331.6,2405163538.4,22557141870,44.8309798829996,175895546993.5,97813398759.6,138382825242.685,127675629255.043,5715.47531469148,6267.186814093,5732.28845152519,6110,64007187
ZMB,2010,Zambia,0.835809488069384,0.796271408571338,1.93597331866162,64201040.6,3187840,156091880.6,22.8577652777151,4320702678.3,1259296023.9,8062708256.11946,8054341321.11946,1183.41712409199,1451.10616017155,,1310,13965594
ZMB,2011,Zambia,0.851844578610099,0.788259275977625,2.39925428436103,74334003.4,5996187.1,226253190.5,23.3139842267552,5199610016.1,2018076181.7,9430146357.34017,9419019755.12257,1208.46424569634,1624.86817763443,,1380,14437796
ZMB,2012,Zambia,1.54299331238755,1.42879909201041,2.2941687011157,150323643.1,12014349.2,241368992.3,24.6574539542756,6181891104.6,3471895571.3,10520978347.5216,10510886465.9716,1258.78938578996,1710.05061343728,,1640,14913629
ZMB,2013,Zambia,2.41327016528153,2.25205317541847,3.04562891147175,261389117.9,18711976.8,353497094.7,24.8009879997029,6668587065.3,3752027953.1,11606702752.5418,11601393752.5418,1280.77012176778,1820.71854827391,,1710,15398997
ZMB,2014,Zambia,2.22075268690956,1.90071933708591,3.93810088911877,210541950.1,35449971.1,436221921.2,36.2953659204568,9650598727,5255021917,11076961547.7681,11071017827.7681,1299.01241762504,1707.48573136694,,1740,15895315
ZMB,2015,Zambia,4.62795939487587,3.88569574777822,7.02412515179906,319860152.1,61101171.7,578207323.8,59.0750571840252,12310774475.8,7020045266,8231734362.70432,8223465324.37232,1295.87788680068,1295.87788680068,1270.39451474195,1530,16399089
ZMB,2016,Zambia,7.79512827214147,6.86201797903871,10.4412398253372,513970967.6,69890752.5,782057720.1,77.571432468707,15755769971.2,7595455305.8,7490084828.83633,7419922061.24507,1303.57513869133,1239.08527877713,,1320,16914423
ZMB,2017,Zambia,6.85007776253222,6.12939634788248,9.8958081866436,561062476.6,65968535.3,905826011.9,96.0061537858578,23739237630.4,9571112966.9,9153633486.17242,9080489944.95686,1308.76829240086,1483.46577328065,,1260,17441320
ZMB,2018,Zambia,8.75939647714595,8.14032581587709,13.6976182212181,814856510.4,61969725.8,1371148236.2,95.0251331352744,24615978773.9,10978815896.8,10010121570.4497,9982606351.24093,1321.25045711573,1463.89997855593,,1390,17973569
ZMB,2019,Zambia,13.1032166101651,12.4943001827744,32.8017323147604,1037406337,50558554.8,2723539891.8,128.346607422193,29396610676.8,13159433311.5,8303036759.35565,8257880170.88912,1301.18132976178,1258.98619844462,,1380,18513839
ZMB,2020,Zambia,8.37336443950872,8.17063751280602,23.8102699810676,702270512,17424484,2046504996,167.518099257658,29531412127.7,15057530164.4,8595051621.11666,8558478218.53642,1228.73500113195,951.644316655957,,1110,19059395
ZMB,2021,Zambia,2.94157935132368,2.91018833815648,14.6490035430637,341660436.1,3685351.6,1719814787.7,133.551637288097,26943470807.4,15257990669.3,11740148622.6982,11727521532.5729,1269.10821808895,1127.16077872857,,1050,19603607
ZMB,2022,Zambia,3.70710364593484,3.50838969555197,11.7472202365632,437510359.8,24780431.9,1464925791.7,103.673945530947,28423406214.6,15718791313,12470403739.7752,12443698684.1668,1298.8480495593,1447.12310138035,,1170,20152938
ZMB,2023,Zambia,3.65682595090165,3.03359008087003,8.22366145607001,349283284,71758499.2,946860783.2,110.675742084891,29076512018.8,15384618393.9,11513858981.8907,11453900190.2448,1330.85998216751,1330.72780576709,,1270,20723965
ZMB,2024,Zambia,5.91122276057564,5.35156289771187,30.4672923466845,687288623,71875798.5,3912853421.5,114.201909487961,28117735300.5,15473254703.4,12842764555.6377,12746649254.902,1343.38966380353,1187.10943350064,,1190,21314956
ZWE,2010,Zimbabwe,0.589659217842817,0.439119443709904,10.9410352813875,15529950.6,5324007.6,386941958.2,61.6616591918891,7050340458.6,4086786350.1,3536611922.44076,3533488582.41676,1056.20884563889,902.010759067388,935.254610723001,640,13356548
ZWE,2011,Zimbabwe,0.463397333390967,0.453988956784634,23.6709857538263,22151935.8,459072.3,1155002008.1,58.1933132092827,7696210288.5,4184479727.8,4879399701.01709,4870134456.98146,1184.93421020563,1037.77565157218,1015.70519675413,960,13595424
ZWE,2012,Zimbabwe,0.65827567586566,0.481161492010657,17.2109014805411,20746107.3,7636583.4,742077690.7,56.5781879647304,9199019182.4,4400332524.1,4311672410.29764,4304628554.07586,1360.15230034275,1239.22709745709,1174.84380683232,1150,13817887
ZWE,2013,Zimbabwe,3.02974649478231,2.97363653013409,14.1216858388516,123950009,2338830.1,588633839.1,48.0336458336228,8729621434.3,4449706302.6,4168297226.10419,4164183389.48527,1367.81831689463,1362.99498323368,1217.58933638166,1220,14013808
ZWE,2014,Zimbabwe,3.43256891720109,3.37927304182665,12.7080855612874,136822149.9,2157877.2,514533027.1,46.7229019950986,8658706603.7,4293873175.1,4048863415.48895,4045362052.05002,1381.25404125871,1372.91526173161,1242.9863473068,1270,14207359
ZWE,2015,Zimbabwe,4.03083899267218,3.98062331884571,16.8000177011432,157934919.5,1992353.4,666556272.9,51.4630008713502,9995059194.1,4535594357.5,3967592682.08772,3964161628.12879,1387.12632595026,1387.12632595026,1349.51958165466,1330,14399013
ZWE,2016,Zimbabwe,6.00310342635962,3.85558356688467,30.5852406243532,156652794.1,87253973.5,1242681767.6,62.9386632480421,11815422651.3,4577986913.7,4063011250.63089,4059678530.78196,1378.34256192374,1408.13945253431,1276.55308211269,1240,14600294
ZWE,2017,Zimbabwe,3.08419789648363,3.07879325045757,15.4997229691463,142983680.8,250999.7,719844680.5,26.2092006727428,12864409243,4671319575.5,4644146883.80748,4640216633.00748,1422.91948946927,3445.44941020134,1464.88446893665,1680,14812482
ZWE,2018,Zimbabwe,1.73213679645959,1.72339913476291,11.6832314878999,89374387.3,453129.6,605897516.9,38.8251492700611,12984251689.3,4640832893.9,5185936646.78237,5178154120.85237,1472.14603844842,2270.89531874302,1402.99178339742,2140,15034452
ZWE,2019,Zimbabwe,1.48915458600478,1.40116216913916,30.2361365298237,74012939,4647982.6,1597181921.6,49.647327935742,12540836851.8,4651454878.6,5282253591.35064,5266924669.97366,1357.53087818754,2184.52155388801,1321.50827937492,2430,15271368
ZWE,2020,Zimbabwe,0.822309744011477,0.794267389412224,18.6809757155109,41863902.1,1478044.3,984648946.4,49.5024215404777,13034165720.3,4859772050.1,5270756757.49199,5263282720.59199,1230.81933361016,2059.63704025274,1184.38849395478,1980,15526888
ZWE,2021,Zimbabwe,1.680244491093,1.66857749782647,9.22851773205342,109814244.2,767840.9,607366085.1,53.0056934335053,14111057739.5,4879870040.6,6581309189.59693,6574804394.97613,1312.20001358807,2613.6167414057,1266.98081167981,2330,15797210
ZWE,2022,Zimbabwe,0.717935801081828,0.478025296962578,6.08424442264818,35661629.2,17897796.4,453902425.6,44.0904531905056,14120782697.4,4968607365.2,7460197070.44745,7453497131.98803,1369.19761495571,2536.40197087505,1333.81593207195,2580,16069056
ZWE,2023,Zimbabwe,2.26754227034011,1.58644192770621,19.5160722356096,120722184.3,51829140.2,1485117324.5,41.8108564407259,14548534104.3,5400109488.7,7609618870.48389,7602717933.87068,1418.47184628799,2195.22502010174,1368.37678307572,2550,16340822
ZWE,2024,Zimbabwe,1.70521682467964,1.07697737922866,,88993640.7,51913175.3,1415303816,32.9765971565783,14403740329.7,5313771371.6,8263278543.85745,8251712816.17853,1416.80065463874,2496.15514995576,1371.80902146382,2400,16634373
